id,speed_kmh,ax_g,ay_g,yaw_rate_dps,steering_angle_deg,wheel_fl_kmh,wheel_fr_kmh,wheel_rl_kmh,wheel_rr_kmh,slip_fl,slip_fr,slip_rl,slip_rr,image_path,road_image_path,rac,img,dyn,decision,feature
20260206_124518_633108,25.25625,-0.0234,0.0219,0.61,7.6,25.2,25.25625,25.36875,25.3125,0.002227171,0.0,-0.004454343,-0.002227171,train/episode_36__pi05_annotations_in_yuanqv_clean__dup2/images/ZED_LEFT/ZED_LEFT_20260206_124518_633108.jpg,train/episode_36__pi05_annotations_in_yuanqv_clean__dup2/images/road_img/ZED_LEFT_20260206_124518_633108.jpg,0.8,0.770546,nan,0.770546,nan
20260206_124518_633108,25.2140625,-0.007075000000000001,0.02355,0.4825,7.425,25.1578125,25.171875,25.3125,25.25625,0.00223091625,0.00168161425,-0.0039012952500000002,-0.00167037825,train/episode_36__pi05_annotations_in_yuanqv_clean__dup2/images/ZED_LEFT/ZED_LEFT_20260206_124518_633108.jpg,train/episode_36__pi05_annotations_in_yuanqv_clean__dup2/images/road_img/ZED_LEFT_20260206_124518_633108.jpg,0.8,0.770546,nan,0.770546,nan
20260206_124518_633108,25.171875,0.009249999999999998,0.0252,0.355,7.25,25.115625,25.0875,25.25625,25.2,0.0022346615,0.0033632285,-0.0033482475,-0.0011135855,train/episode_36__pi05_annotations_in_yuanqv_clean__dup2/images/ZED_LEFT/ZED_LEFT_20260206_124518_633108.jpg,train/episode_36__pi05_annotations_in_yuanqv_clean__dup2/images/road_img/ZED_LEFT_20260206_124518_633108.jpg,0.8,0.770546,nan,0.770546,nan
20260206_124518_633108,25.1296875,0.025574999999999997,0.026850000000000002,0.22749999999999998,7.075,25.0734375,25.003125,25.2,25.143749999999997,0.00223840675,0.00504484275,-0.0027951997499999996,-0.0005567927499999998,train/episode_36__pi05_annotations_in_yuanqv_clean__dup2/images/ZED_LEFT/ZED_LEFT_20260206_124518_633108.jpg,train/episode_36__pi05_annotations_in_yuanqv_clean__dup2/images/road_img/ZED_LEFT_20260206_124518_633108.jpg,0.8,0.770546,0.716209,0.761297,0.846803
20260206_124518_883108,25.0875,0.0419,0.0285,0.1,6.9,25.03125,24.91875,25.14375,25.0875,0.002242152,0.006726457,-0.002242152,0.0,train/episode_36__pi05_annotations_in_yuanqv_clean__dup2/images/ZED_LEFT/ZED_LEFT_20260206_124518_883108.jpg,train/episode_36__pi05_annotations_in_yuanqv_clean__dup2/images/road_img/ZED_LEFT_20260206_124518_883108.jpg,0.8,0.759997,0.649017,0.745587,0.839418
20260206_124518_883108,25.03125,0.031675,0.021050000000000003,0.07500000000000001,6.825,24.946875000000002,24.8203125,25.0453125,25.0171875,0.0033784465,0.008438507999999999,-0.0005503922500000003,0.0005656107499999998,train/episode_36__pi05_annotations_in_yuanqv_clean__dup2/images/ZED_LEFT/ZED_LEFT_20260206_124518_883108.jpg,train/episode_36__pi05_annotations_in_yuanqv_clean__dup2/images/road_img/ZED_LEFT_20260206_124518_883108.jpg,0.8,0.759997,0.630004,0.736122,0.835416
20260206_124518_883108,24.974999999999998,0.021449999999999993,0.013599999999999998,0.04999999999999999,6.75,24.8625,24.721874999999997,24.946875,24.946875,0.004514741000000001,0.010150559,0.001141367500000001,0.0011312215000000004,train/episode_36__pi05_annotations_in_yuanqv_clean__dup2/images/ZED_LEFT/ZED_LEFT_20260206_124518_883108.jpg,train/episode_36__pi05_annotations_in_yuanqv_clean__dup2/images/road_img/ZED_LEFT_20260206_124518_883108.jpg,0.8,0.759997,0.642086,0.730876,0.836585
20260206_124518_883108,24.91875,0.011224999999999995,0.006149999999999999,0.024999999999999994,6.675,24.778125,24.623437499999998,24.8484375,24.8765625,0.0056510355,0.011862609999999999,0.0028331272500000003,0.00169683225,train/episode_36__pi05_annotations_in_yuanqv_clean__dup2/images/ZED_LEFT/ZED_LEFT_20260206_124518_883108.jpg,train/episode_36__pi05_annotations_in_yuanqv_clean__dup2/images/road_img/ZED_LEFT_20260206_124518_883108.jpg,0.8,0.759997,0.676651,0.730054,0.841322
20260206_124519_133108,24.8625,0.001,-0.0013,0.0,6.6,24.69375,24.525,24.75,24.80625,0.00678733,0.013574661,0.004524887,0.002262443,train/episode_36__pi05_annotations_in_yuanqv_clean__dup2/images/ZED_LEFT/ZED_LEFT_20260206_124519_133108.jpg,train/episode_36__pi05_annotations_in_yuanqv_clean__dup2/images/road_img/ZED_LEFT_20260206_124519_133108.jpg,0.8,0.812714,0.737862,0.746788,0.838949
20260206_124519_133108,24.7640625,0.00435,0.003925,0.0675,6.425,24.553125,24.4265625,24.6234375,24.665625,0.00853877325,0.0136292715,0.00569251575,0.00399568275,train/episode_36__pi05_annotations_in_yuanqv_clean__dup2/images/ZED_LEFT/ZED_LEFT_20260206_124519_133108.jpg,train/episode_36__pi05_annotations_in_yuanqv_clean__dup2/images/road_img/ZED_LEFT_20260206_124519_133108.jpg,0.8,0.812714,0.768355,0.761820,0.841678
20260206_124519_133108,24.665625,0.0076999999999999985,0.009149999999999998,0.135,6.25,24.4125,24.328125,24.496875,24.525,0.0102902165,0.013683882,0.0068601445,0.005728922500000001,train/episode_36__pi05_annotations_in_yuanqv_clean__dup2/images/ZED_LEFT/ZED_LEFT_20260206_124519_133108.jpg,train/episode_36__pi05_annotations_in_yuanqv_clean__dup2/images/road_img/ZED_LEFT_20260206_124519_133108.jpg,0.8,0.812714,0.777442,0.773281,0.842430
20260206_124519_133108,24.5671875,0.01105,0.014375000000000006,0.20250000000000007,6.075,24.271875,24.2296875,24.370312499999997,24.384375,0.012041659750000001,0.0137384925,0.008027773250000002,0.007462162250000003,train/episode_36__pi05_annotations_in_yuanqv_clean__dup2/images/ZED_LEFT/ZED_LEFT_20260206_124519_133108.jpg,train/episode_36__pi05_annotations_in_yuanqv_clean__dup2/images/road_img/ZED_LEFT_20260206_124519_133108.jpg,0.8,0.812714,0.770507,0.780572,0.842079
20260206_124519_383108,24.46875,0.014400000000000017,0.01959999999999997,0.2699999999999998,5.9,24.13125,24.13125,24.24375,24.24375,0.013793102999999998,0.013793102999999998,0.009195402,0.009195402000000002,train/episode_36__pi05_annotations_in_yuanqv_clean__dup2/images/ZED_LEFT/ZED_LEFT_20260206_124519_383108.jpg,train/episode_36__pi05_annotations_in_yuanqv_clean__dup2/images/road_img/ZED_LEFT_20260206_124519_383108.jpg,0.8,0.835994,0.744692,0.788219,0.842963
20260206_124519_383108,24.3984375,0.021975,0.007624999999999993,0.17999999999999997,5.75,24.0890625,24.075,24.1734375,24.159374999999997,0.012670408749999999,0.013251803999999999,0.009222133,0.00980352825,train/episode_36__pi05_annotations_in_yuanqv_clean__dup2/images/ZED_LEFT/ZED_LEFT_20260206_124519_383108.jpg,train/episode_36__pi05_annotations_in_yuanqv_clean__dup2/images/road_img/ZED_LEFT_20260206_124519_383108.jpg,0.8,0.835994,0.725768,0.793700,0.841242
20260206_124519_383108,24.328125,0.029550000000000007,-0.004350000000000014,0.08999999999999991,5.6,24.046875,24.01875,24.103125,24.075,0.011547714499999999,0.012710504999999999,0.009248864,0.0104116545,train/episode_36__pi05_annotations_in_yuanqv_clean__dup2/images/ZED_LEFT/ZED_LEFT_20260206_124519_383108.jpg,train/episode_36__pi05_annotations_in_yuanqv_clean__dup2/images/road_img/ZED_LEFT_20260206_124519_383108.jpg,0.8,0.835994,0.717763,0.798421,0.840146
20260206_124519_383108,24.2578125,0.03712499999999999,-0.016324999999999992,5.551115123125783e-17,5.45,24.0046875,23.962500000000002,24.0328125,23.990625,0.01042502025,0.012169206,0.009275595,0.01101978075,train/episode_36__pi05_annotations_in_yuanqv_clean__dup2/images/ZED_LEFT/ZED_LEFT_20260206_124519_383108.jpg,train/episode_36__pi05_annotations_in_yuanqv_clean__dup2/images/road_img/ZED_LEFT_20260206_124519_383108.jpg,0.8,0.835994,0.718880,0.802523,0.839740
20260206_124519_633108,24.1875,0.0447,-0.0283,-0.09,5.3,23.9625,23.90625,23.9625,23.90625,0.009302326,0.011627907,0.009302326,0.011627907,train/episode_36__pi05_annotations_in_yuanqv_clean__dup2/images/ZED_LEFT/ZED_LEFT_20260206_124519_633108.jpg,train/episode_36__pi05_annotations_in_yuanqv_clean__dup2/images/road_img/ZED_LEFT_20260206_124519_633108.jpg,0.8,0.775158,0.719966,0.790307,0.834944
20260206_124519_633108,24.1171875,0.033024999999999985,-0.029225,-0.07749999999999999,5.475,23.7515625,23.7234375,23.807812499999997,23.7234375,0.015212038500000007,0.016367989000000006,0.012859097500000003,0.016367989000000006,train/episode_36__pi05_annotations_in_yuanqv_clean__dup2/images/ZED_LEFT/ZED_LEFT_20260206_124519_633108.jpg,train/episode_36__pi05_annotations_in_yuanqv_clean__dup2/images/road_img/ZED_LEFT_20260206_124519_633108.jpg,0.8,0.775158,0.713939,0.781335,0.833691
20260206_124519_633108,24.046875,0.021349999999999997,-0.03015,-0.065,5.65,23.540625,23.540625,23.653125,23.540625,0.021121751,0.021108071,0.016415869,0.021108071,train/episode_36__pi05_annotations_in_yuanqv_clean__dup2/images/ZED_LEFT/ZED_LEFT_20260206_124519_633108.jpg,train/episode_36__pi05_annotations_in_yuanqv_clean__dup2/images/road_img/ZED_LEFT_20260206_124519_633108.jpg,0.8,0.775158,0.705182,0.774549,0.832502
20260206_124519_633108,23.9765625,0.009674999999999982,-0.031075000000000002,-0.052499999999999984,5.825,23.3296875,23.3578125,23.498437499999998,23.3578125,0.02703146350000001,0.025848153000000006,0.019972640500000003,0.025848153000000006,train/episode_36__pi05_annotations_in_yuanqv_clean__dup2/images/ZED_LEFT/ZED_LEFT_20260206_124519_633108.jpg,train/episode_36__pi05_annotations_in_yuanqv_clean__dup2/images/road_img/ZED_LEFT_20260206_124519_633108.jpg,0.8,0.775158,0.701738,0.769723,0.832065
20260206_124519_883108,23.90625,-0.002,-0.032,-0.04,6.0,23.11875,23.175,23.34375,23.175,0.032941176,0.030588235,0.023529412,0.030588235,train/episode_36__pi05_annotations_in_yuanqv_clean__dup2/images/ZED_LEFT/ZED_LEFT_20260206_124519_883108.jpg,train/episode_36__pi05_annotations_in_yuanqv_clean__dup2/images/road_img/ZED_LEFT_20260206_124519_883108.jpg,0.8,0.845875,0.708506,0.786428,0.825186
20260206_124519_883108,23.779687499999998,0.0011250000000000036,-0.029124999999999998,-0.01999999999999998,6.05,23.034374999999997,23.0625,23.203125,23.0625,0.031316459,0.030152714749999997,0.024257636,0.030152714749999997,train/episode_36__pi05_annotations_in_yuanqv_clean__dup2/images/ZED_LEFT/ZED_LEFT_20260206_124519_883108.jpg,train/episode_36__pi05_annotations_in_yuanqv_clean__dup2/images/road_img/ZED_LEFT_20260206_124519_883108.jpg,0.8,0.845875,0.716124,0.798736,0.825868
20260206_124519_883108,23.653125,0.004250000000000007,-0.026249999999999996,4.163336342344337e-17,6.1000000000000005,22.95,22.95,23.0625,22.95,0.029691741999999997,0.0297171945,0.024985860000000002,0.0297171945,train/episode_36__pi05_annotations_in_yuanqv_clean__dup2/images/ZED_LEFT/ZED_LEFT_20260206_124519_883108.jpg,train/episode_36__pi05_annotations_in_yuanqv_clean__dup2/images/road_img/ZED_LEFT_20260206_124519_883108.jpg,0.8,0.845875,0.723093,0.807904,0.826487
20260206_124519_883108,23.526562499999997,0.00737500000000001,-0.023374999999999993,0.020000000000000066,6.15,22.865624999999998,22.837500000000002,22.921875,22.837500000000002,0.028067024999999995,0.029281674249999997,0.025714084000000005,0.029281674249999997,train/episode_36__pi05_annotations_in_yuanqv_clean__dup2/images/ZED_LEFT/ZED_LEFT_20260206_124519_883108.jpg,train/episode_36__pi05_annotations_in_yuanqv_clean__dup2/images/road_img/ZED_LEFT_20260206_124519_883108.jpg,0.8,0.845875,0.727094,0.814819,0.826849
20260206_124520_133108,23.4,0.010499999999999959,-0.02049999999999999,0.039999999999999876,6.2,22.78125,22.725,22.78125,22.725,0.02644230800000002,0.028846154000000013,0.02644230800000001,0.02884615400000001,train/episode_36__pi05_annotations_in_yuanqv_clean__dup2/images/ZED_LEFT/ZED_LEFT_20260206_124520_133108.jpg,train/episode_36__pi05_annotations_in_yuanqv_clean__dup2/images/road_img/ZED_LEFT_20260206_124520_133108.jpg,0.8,0.796343,0.727370,0.806112,0.837295
20260206_124520_133108,23.2734375,0.0010499999999999902,-0.017849999999999998,0.01249999999999997,6.2,22.5703125,22.528125,22.5984375,22.556250000000002,0.030273991500000003,0.032076876000000004,0.029045490250000004,0.03084837475,train/episode_36__pi05_annotations_in_yuanqv_clean__dup2/images/ZED_LEFT/ZED_LEFT_20260206_124520_133108.jpg,train/episode_36__pi05_annotations_in_yuanqv_clean__dup2/images/road_img/ZED_LEFT_20260206_124520_133108.jpg,0.8,0.796343,0.731903,0.800109,0.837734
20260206_124520_133108,23.146874999999998,-0.00840000000000002,-0.015199999999999995,-0.015000000000000062,6.2,22.359375,22.33125,22.415625,22.3875,0.03410567500000001,0.03530759800000001,0.03164867250000001,0.0328505955,train/episode_36__pi05_annotations_in_yuanqv_clean__dup2/images/ZED_LEFT/ZED_LEFT_20260206_124520_133108.jpg,train/episode_36__pi05_annotations_in_yuanqv_clean__dup2/images/road_img/ZED_LEFT_20260206_124520_133108.jpg,0.8,0.796343,0.741001,0.796159,0.838662
20260206_124520_133108,23.0203125,-0.017850000000000033,-0.012549999999999992,-0.0425000000000001,6.2,22.1484375,22.134375,22.2328125,22.21875,0.03793735850000001,0.038538320000000015,0.03425185475000001,0.03485281625000001,train/episode_36__pi05_annotations_in_yuanqv_clean__dup2/images/ZED_LEFT/ZED_LEFT_20260206_124520_133108.jpg,train/episode_36__pi05_annotations_in_yuanqv_clean__dup2/images/road_img/ZED_LEFT_20260206_124520_133108.jpg,0.8,0.796343,0.753807,0.793824,0.839839
20260206_124520_383108,22.89375,-0.027299999999999963,-0.0099,-0.06999999999999992,6.2,21.9375,21.9375,22.05,22.05,0.041769041999999985,0.041769041999999985,0.03685503699999998,0.036855036999999986,train/episode_36__pi05_annotations_in_yuanqv_clean__dup2/images/ZED_LEFT/ZED_LEFT_20260206_124520_383108.jpg,train/episode_36__pi05_annotations_in_yuanqv_clean__dup2/images/road_img/ZED_LEFT_20260206_124520_383108.jpg,0.8,0.755271,0.768421,0.783129,0.833477
20260206_124520_383108,22.7671875,-0.01837499999999996,-0.009825,-0.05249999999999993,6.2,21.881249999999998,21.8953125,22.021875,22.0078125,0.038864469999999984,0.038236329249999985,0.03266640349999998,0.03329454399999998,train/episode_36__pi05_annotations_in_yuanqv_clean__dup2/images/ZED_LEFT/ZED_LEFT_20260206_124520_383108.jpg,train/episode_36__pi05_annotations_in_yuanqv_clean__dup2/images/road_img/ZED_LEFT_20260206_124520_383108.jpg,0.8,0.755271,0.774135,0.776171,0.833910
20260206_124520_383108,22.640625,-0.00945,-0.00975,-0.035,6.2,21.825,21.853125,21.993750000000002,21.965625000000003,0.035959898,0.0347036165,0.02847777,0.029734051,train/episode_36__pi05_annotations_in_yuanqv_clean__dup2/images/ZED_LEFT/ZED_LEFT_20260206_124520_383108.jpg,train/episode_36__pi05_annotations_in_yuanqv_clean__dup2/images/road_img/ZED_LEFT_20260206_124520_383108.jpg,0.8,0.755271,0.773245,0.771367,0.833817
20260206_124520_383108,22.5140625,-0.0005250000000000012,-0.009675,-0.0175,6.2,21.76875,21.8109375,21.965625,21.923437500000002,0.033055325999999996,0.03117090375,0.0242891365,0.026173558,train/episode_36__pi05_annotations_in_yuanqv_clean__dup2/images/ZED_LEFT/ZED_LEFT_20260206_124520_383108.jpg,train/episode_36__pi05_annotations_in_yuanqv_clean__dup2/images/road_img/ZED_LEFT_20260206_124520_383108.jpg,0.8,0.755271,0.765800,0.767480,0.833183
20260206_124520_633108,22.3875,0.0084,-0.0096,0.0,6.2,21.7125,21.76875,21.9375,21.88125,0.030150754,0.027638191,0.020100503,0.022613065,train/episode_36__pi05_annotations_in_yuanqv_clean__dup2/images/ZED_LEFT/ZED_LEFT_20260206_124520_633108.jpg,train/episode_36__pi05_annotations_in_yuanqv_clean__dup2/images/road_img/ZED_LEFT_20260206_124520_633108.jpg,0.8,0.819318,0.749119,0.777001,0.839220
20260206_124520_633108,22.2890625,0.0033749999999999943,-0.0093,-0.02000000000000002,6.2,21.698437499999997,21.7265625,21.881249999999998,21.8390625,0.026449382749999993,0.025204346499999995,0.018272308249999997,0.020156729749999998,train/episode_36__pi05_annotations_in_yuanqv_clean__dup2/images/ZED_LEFT/ZED_LEFT_20260206_124520_633108.jpg,train/episode_36__pi05_annotations_in_yuanqv_clean__dup2/images/road_img/ZED_LEFT_20260206_124520_633108.jpg,0.8,0.819318,0.736120,0.783012,0.837857
20260206_124520_633108,22.190624999999997,-0.0016500000000000108,-0.009,-0.04000000000000004,6.2,21.684375,21.684375,21.825,21.796875,0.02274801149999999,0.022770501999999995,0.016444113499999996,0.017700394499999994,train/episode_36__pi05_annotations_in_yuanqv_clean__dup2/images/ZED_LEFT/ZED_LEFT_20260206_124520_633108.jpg,train/episode_36__pi05_annotations_in_yuanqv_clean__dup2/images/road_img/ZED_LEFT_20260206_124520_633108.jpg,0.8,0.819318,0.730044,0.787276,0.837093
20260206_124520_633108,22.092187499999998,-0.006674999999999995,-0.0087,-0.05999999999999998,6.2,21.6703125,21.642187500000002,21.76875,21.7546875,0.019046640250000003,0.0203366575,0.014615918750000002,0.015244059250000004,train/episode_36__pi05_annotations_in_yuanqv_clean__dup2/images/ZED_LEFT/ZED_LEFT_20260206_124520_633108.jpg,train/episode_36__pi05_annotations_in_yuanqv_clean__dup2/images/road_img/ZED_LEFT_20260206_124520_633108.jpg,0.8,0.819318,0.731783,0.790844,0.837156
20260206_124520_883108,21.99375,-0.0117,-0.0084,-0.08,6.2,21.65625,21.6,21.7125,21.7125,0.015345269,0.017902813,0.012787724,0.012787724,train/episode_36__pi05_annotations_in_yuanqv_clean__dup2/images/ZED_LEFT/ZED_LEFT_20260206_124520_883108.jpg,train/episode_36__pi05_annotations_in_yuanqv_clean__dup2/images/road_img/ZED_LEFT_20260206_124520_883108.jpg,0.8,0.847402,0.741138,0.801596,0.828678
20260206_124520_883108,21.951562499999998,-0.012625,-0.006999999999999998,-0.042499999999999954,5.824999999999999,21.5859375,21.5296875,21.670312499999998,21.6421875,0.016663591000000002,0.01922607875,0.0128124425,0.014101102250000002,train/episode_36__pi05_annotations_in_yuanqv_clean__dup2/images/ZED_LEFT/ZED_LEFT_20260206_124520_883108.jpg,train/episode_36__pi05_annotations_in_yuanqv_clean__dup2/images/road_img/ZED_LEFT_20260206_124520_883108.jpg,0.8,0.847402,0.748549,0.809788,0.829345
20260206_124520_883108,21.909374999999997,-0.013550000000000003,-0.005599999999999997,-0.004999999999999907,5.449999999999999,21.515625,21.459375,21.628124999999997,21.571875,0.017981913000000002,0.020549344500000004,0.012837161000000001,0.015414480500000004,train/episode_36__pi05_annotations_in_yuanqv_clean__dup2/images/ZED_LEFT/ZED_LEFT_20260206_124520_883108.jpg,train/episode_36__pi05_annotations_in_yuanqv_clean__dup2/images/road_img/ZED_LEFT_20260206_124520_883108.jpg,0.8,0.847402,0.754457,0.816257,0.829902
20260206_124520_883108,21.8671875,-0.014475000000000003,-0.004199999999999995,0.032500000000000154,5.074999999999999,21.4453125,21.3890625,21.5859375,21.5015625,0.019300235000000002,0.021872610250000004,0.012861879500000001,0.016727858750000005,train/episode_36__pi05_annotations_in_yuanqv_clean__dup2/images/ZED_LEFT/ZED_LEFT_20260206_124520_883108.jpg,train/episode_36__pi05_annotations_in_yuanqv_clean__dup2/images/road_img/ZED_LEFT_20260206_124520_883108.jpg,0.8,0.847402,0.758730,0.821286,0.830374
20260206_124521_133108,21.825,-0.0154,-0.0028,0.07,4.7,21.375,21.31875,21.54375,21.43125,0.020618557,0.023195876,0.012886598,0.018041237,train/episode_36__pi05_annotations_in_yuanqv_clean__dup2/images/ZED_LEFT/ZED_LEFT_20260206_124521_133108.jpg,train/episode_36__pi05_annotations_in_yuanqv_clean__dup2/images/road_img/ZED_LEFT_20260206_124521_133108.jpg,0.8,0.846153,0.761560,0.824807,0.829193
20260206_124521_133108,21.796875,-0.017075000000000007,0.006300000000000038,0.042499999999999885,4.399999999999999,21.3609375,21.3046875,21.5015625,21.403125,0.019997596499999996,0.02257825425,0.013550958750000003,0.0180646065,train/episode_36__pi05_annotations_in_yuanqv_clean__dup2/images/ZED_LEFT/ZED_LEFT_20260206_124521_133108.jpg,train/episode_36__pi05_annotations_in_yuanqv_clean__dup2/images/road_img/ZED_LEFT_20260206_124521_133108.jpg,0.8,0.846153,0.764985,0.827534,0.829790
20260206_124521_133108,21.76875,-0.018750000000000003,0.015399999999999997,0.015,4.1,21.346875,21.290625000000002,21.459375,21.375,0.019376636,0.0219606325,0.0142153195,0.018087976,train/episode_36__pi05_annotations_in_yuanqv_clean__dup2/images/ZED_LEFT/ZED_LEFT_20260206_124521_133108.jpg,train/episode_36__pi05_annotations_in_yuanqv_clean__dup2/images/road_img/ZED_LEFT_20260206_124521_133108.jpg,0.8,0.846153,0.765689,0.829556,0.830099
20260206_124521_133108,21.740624999999998,-0.020424999999999992,0.024499999999999952,-0.012499999999999886,3.8000000000000016,21.332812500000003,21.2765625,21.4171875,21.346875,0.018755675500000003,0.021343010750000002,0.014879680249999997,0.0181113455,train/episode_36__pi05_annotations_in_yuanqv_clean__dup2/images/ZED_LEFT/ZED_LEFT_20260206_124521_133108.jpg,train/episode_36__pi05_annotations_in_yuanqv_clean__dup2/images/road_img/ZED_LEFT_20260206_124521_133108.jpg,0.8,0.846153,0.760414,0.830898,0.829567
20260206_124521_383108,21.7125,-0.0221,0.0336,-0.04,3.5,21.31875,21.2625,21.375,21.31875,0.018134715,0.020725389,0.015544041,0.018134715,train/episode_36__pi05_annotations_in_yuanqv_clean__dup2/images/ZED_LEFT/ZED_LEFT_20260206_124521_383108.jpg,train/episode_36__pi05_annotations_in_yuanqv_clean__dup2/images/road_img/ZED_LEFT_20260206_124521_383108.jpg,0.8,0.822171,0.746538,0.825060,0.828559
20260206_124521_383108,21.670312499999998,-0.01820000000000001,0.030525000000000004,-0.025000000000000036,3.325,21.220312500000002,21.178125,21.3328125,21.2484375,0.020781192999999993,0.022724198499999994,0.01557447975,0.019475709999999997,train/episode_36__pi05_annotations_in_yuanqv_clean__dup2/images/ZED_LEFT/ZED_LEFT_20260206_124521_383108.jpg,train/episode_36__pi05_annotations_in_yuanqv_clean__dup2/images/road_img/ZED_LEFT_20260206_124521_383108.jpg,0.8,0.822171,0.732601,0.820594,0.826635
20260206_124521_383108,21.628124999999997,-0.014299999999999983,0.027449999999999985,-0.009999999999999936,3.149999999999999,21.121875,21.09375,21.290625,21.178125,0.02342767100000001,0.024723008000000008,0.0156049185,0.020816705000000005,train/episode_36__pi05_annotations_in_yuanqv_clean__dup2/images/ZED_LEFT/ZED_LEFT_20260206_124521_383108.jpg,train/episode_36__pi05_annotations_in_yuanqv_clean__dup2/images/road_img/ZED_LEFT_20260206_124521_383108.jpg,0.8,0.822171,0.722043,0.817450,0.825213
20260206_124521_383108,21.5859375,-0.010399999999999993,0.024374999999999994,0.005000000000000032,2.9749999999999996,21.0234375,21.009375,21.2484375,21.1078125,0.026074149000000005,0.0267218175,0.01563535725,0.022157700000000002,train/episode_36__pi05_annotations_in_yuanqv_clean__dup2/images/ZED_LEFT/ZED_LEFT_20260206_124521_383108.jpg,train/episode_36__pi05_annotations_in_yuanqv_clean__dup2/images/road_img/ZED_LEFT_20260206_124521_383108.jpg,0.8,0.822171,0.716292,0.815611,0.824719
20260206_124521_633108,21.54375,-0.006500000000000029,0.0213,0.019999999999999556,2.799999999999996,20.925,20.925,21.20625,21.0375,0.028720626999999988,0.028720626999999988,0.015665795999999992,0.023498694999999993,train/episode_36__pi05_annotations_in_yuanqv_clean__dup2/images/ZED_LEFT/ZED_LEFT_20260206_124521_633108.jpg,train/episode_36__pi05_annotations_in_yuanqv_clean__dup2/images/road_img/ZED_LEFT_20260206_124521_633108.jpg,0.8,0.814861,0.715664,0.812465,0.828551
20260206_124521_633108,21.5015625,-0.009825000000000014,0.02145,-0.030000000000000217,2.3249999999999975,20.9109375,20.9109375,21.178125,21.009375000000002,0.027461522999999995,0.027461522999999995,0.015038820749999996,0.022887179249999997,train/episode_36__pi05_annotations_in_yuanqv_clean__dup2/images/ZED_LEFT/ZED_LEFT_20260206_124521_633108.jpg,train/episode_36__pi05_annotations_in_yuanqv_clean__dup2/images/road_img/ZED_LEFT_20260206_124521_633108.jpg,0.8,0.814861,0.717413,0.810557,0.829059
20260206_124521_633108,21.459375,-0.01315,0.0216,-0.07999999999999999,1.8499999999999999,20.896875,20.896875,21.150000000000002,20.981250000000003,0.026202418999999998,0.026202418999999998,0.0144118455,0.0222756635,train/episode_36__pi05_annotations_in_yuanqv_clean__dup2/images/ZED_LEFT/ZED_LEFT_20260206_124521_633108.jpg,train/episode_36__pi05_annotations_in_yuanqv_clean__dup2/images/road_img/ZED_LEFT_20260206_124521_633108.jpg,0.8,0.814861,0.722129,0.809477,0.829702
20260206_124521_633108,21.4171875,-0.016475000000000014,0.02175,-0.13000000000000023,1.3749999999999978,20.8828125,20.8828125,21.121875,20.953125,0.024943314999999994,0.024943314999999994,0.013784870249999996,0.021664147749999998,train/episode_36__pi05_annotations_in_yuanqv_clean__dup2/images/ZED_LEFT/ZED_LEFT_20260206_124521_633108.jpg,train/episode_36__pi05_annotations_in_yuanqv_clean__dup2/images/road_img/ZED_LEFT_20260206_124521_633108.jpg,0.8,0.814861,0.729469,0.808902,0.830474
20260206_124521_883108,21.375,-0.0198,0.0219,-0.18,0.9,20.86875,20.86875,21.09375,20.925,0.023684211,0.023684211,0.013157895,0.021052632,train/episode_36__pi05_annotations_in_yuanqv_clean__dup2/images/ZED_LEFT/ZED_LEFT_20260206_124521_883108.jpg,train/episode_36__pi05_annotations_in_yuanqv_clean__dup2/images/road_img/ZED_LEFT_20260206_124521_883108.jpg,0.8,0.806391,0.738810,0.806195,0.835131
20260206_124521_883108,21.3328125,-0.017149999999999985,0.022950000000000005,-0.22000000000000028,-1.1000000000000134,20.854687499999997,20.826562499999998,21.0515625,20.9109375,0.022405067999999993,0.023731328,0.013184071,0.019768253749999992,train/episode_36__pi05_annotations_in_yuanqv_clean__dup2/images/ZED_LEFT/ZED_LEFT_20260206_124521_883108.jpg,train/episode_36__pi05_annotations_in_yuanqv_clean__dup2/images/road_img/ZED_LEFT_20260206_124521_883108.jpg,0.8,0.806391,0.744819,0.804226,0.835587
20260206_124521_883108,21.290625,-0.014499999999999989,0.024000000000000004,-0.2600000000000002,-3.100000000000009,20.840625,20.784374999999997,21.009375,20.896874999999998,0.021125924999999993,0.023778445000000002,0.013210247,0.018483875499999993,train/episode_36__pi05_annotations_in_yuanqv_clean__dup2/images/ZED_LEFT/ZED_LEFT_20260206_124521_883108.jpg,train/episode_36__pi05_annotations_in_yuanqv_clean__dup2/images/road_img/ZED_LEFT_20260206_124521_883108.jpg,0.8,0.806391,0.748347,0.802716,0.835889
20260206_124521_883108,21.2484375,-0.011849999999999994,0.025050000000000003,-0.3000000000000001,-5.100000000000005,20.826562499999998,20.7421875,20.9671875,20.8828125,0.019846781999999997,0.023825562,0.013236423,0.017199497249999997,train/episode_36__pi05_annotations_in_yuanqv_clean__dup2/images/ZED_LEFT/ZED_LEFT_20260206_124521_883108.jpg,train/episode_36__pi05_annotations_in_yuanqv_clean__dup2/images/road_img/ZED_LEFT_20260206_124521_883108.jpg,0.8,0.806391,0.750165,0.801493,0.836092
20260206_124522_133108,21.20625,-0.009199999999999982,0.026099999999999995,-0.3399999999999995,-7.100000000000034,20.8125,20.7,20.925,20.86875,0.01856763899999999,0.02387267900000001,0.013262598999999988,0.015915119000000023,train/episode_36__pi05_annotations_in_yuanqv_clean__dup2/images/ZED_LEFT/ZED_LEFT_20260206_124522_133108.jpg,train/episode_36__pi05_annotations_in_yuanqv_clean__dup2/images/road_img/ZED_LEFT_20260206_124522_133108.jpg,0.8,0.752376,0.750405,0.786650,0.829965
20260206_124522_133108,21.1921875,-0.007199999999999991,0.0254,-0.28249999999999975,-10.975000000000017,20.8265625,20.6578125,20.939062500000002,20.7984375,0.017250197249999995,0.025218339000000006,0.011941629999999995,0.018585275500000012,train/episode_36__pi05_annotations_in_yuanqv_clean__dup2/images/ZED_LEFT/ZED_LEFT_20260206_124522_133108.jpg,train/episode_36__pi05_annotations_in_yuanqv_clean__dup2/images/road_img/ZED_LEFT_20260206_124522_133108.jpg,0.8,0.752376,0.754079,0.776482,0.830483
20260206_124522_133108,21.178124999999998,-0.0051999999999999815,0.024699999999999996,-0.22499999999999948,-14.850000000000035,20.840625,20.615624999999998,20.953125,20.728125,0.01593275549999999,0.026563999000000012,0.010620660999999988,0.021255432000000025,train/episode_36__pi05_annotations_in_yuanqv_clean__dup2/images/ZED_LEFT/ZED_LEFT_20260206_124522_133108.jpg,train/episode_36__pi05_annotations_in_yuanqv_clean__dup2/images/road_img/ZED_LEFT_20260206_124522_133108.jpg,0.8,0.752376,0.760757,0.769894,0.831146
20260206_124522_133108,21.1640625,-0.003199999999999991,0.023999999999999997,-0.16749999999999973,-18.72500000000002,20.8546875,20.5734375,20.9671875,20.6578125,0.014615313749999994,0.027909659000000003,0.009299691999999995,0.02392558850000001,train/episode_36__pi05_annotations_in_yuanqv_clean__dup2/images/ZED_LEFT/ZED_LEFT_20260206_124522_133108.jpg,train/episode_36__pi05_annotations_in_yuanqv_clean__dup2/images/road_img/ZED_LEFT_20260206_124522_133108.jpg,0.8,0.752376,0.769004,0.766038,0.831754
20260206_124522_383108,21.15,-0.0012,0.0233,-0.11,-22.6,20.86875,20.53125,20.98125,20.5875,0.013297872,0.029255319,0.007978723,0.026595745,train/episode_36__pi05_annotations_in_yuanqv_clean__dup2/images/ZED_LEFT/ZED_LEFT_20260206_124522_383108.jpg,train/episode_36__pi05_annotations_in_yuanqv_clean__dup2/images/road_img/ZED_LEFT_20260206_124522_383108.jpg,0.8,0.708158,0.777311,0.754297,0.818570
20260206_124522_383108,21.09375,-0.0010999999999999994,0.024125000000000004,-0.20750000000000043,-25.900000000000013,20.86875,20.503125,21.009375,20.559375,0.010645446999999988,0.027989876249999993,0.003967913249999982,0.025323152749999994,train/episode_36__pi05_annotations_in_yuanqv_clean__dup2/images/ZED_LEFT/ZED_LEFT_20260206_124522_383108.jpg,train/episode_36__pi05_annotations_in_yuanqv_clean__dup2/images/road_img/ZED_LEFT_20260206_124522_383108.jpg,0.8,0.708158,0.782117,0.746215,0.818554
20260206_124522_383108,21.037499999999998,-0.001,0.02495,-0.305,-29.2,20.86875,20.475,21.037499999999998,20.53125,0.007993022,0.0267244335,-4.289650000000034e-05,0.0240505605,train/episode_36__pi05_annotations_in_yuanqv_clean__dup2/images/ZED_LEFT/ZED_LEFT_20260206_124522_383108.jpg,train/episode_36__pi05_annotations_in_yuanqv_clean__dup2/images/road_img/ZED_LEFT_20260206_124522_383108.jpg,0.8,0.708158,0.784586,0.740478,0.818272
20260206_124522_383108,20.98125,-0.0008999999999999995,0.025775000000000003,-0.4025000000000004,-32.500000000000014,20.86875,20.446875,21.065625,20.503125,0.005340596999999989,0.025458990749999993,-0.004053706250000018,0.022777968249999996,train/episode_36__pi05_annotations_in_yuanqv_clean__dup2/images/ZED_LEFT/ZED_LEFT_20260206_124522_383108.jpg,train/episode_36__pi05_annotations_in_yuanqv_clean__dup2/images/road_img/ZED_LEFT_20260206_124522_383108.jpg,0.8,0.708158,0.785340,0.736262,0.817777
20260206_124522_633108,20.925,-0.0008,0.0266,-0.5,-35.8,20.86875,20.41875,21.09375,20.475,0.002688172,0.024193548,-0.008064516,0.021505376,train/episode_36__pi05_annotations_in_yuanqv_clean__dup2/images/ZED_LEFT/ZED_LEFT_20260206_124522_633108.jpg,train/episode_36__pi05_annotations_in_yuanqv_clean__dup2/images/road_img/ZED_LEFT_20260206_124522_633108.jpg,0.8,0.801788,0.784919,0.754590,0.819809
20260206_124522_633108,20.896875,-0.008649999999999982,0.023625000000000007,-0.5824999999999998,-41.04999999999998,20.9390625,20.390625,21.15,20.4609375,-0.002037924999999989,0.024226242,-0.012129467999999992,0.02085876175,train/episode_36__pi05_annotations_in_yuanqv_clean__dup2/images/ZED_LEFT/ZED_LEFT_20260206_124522_633108.jpg,train/episode_36__pi05_annotations_in_yuanqv_clean__dup2/images/road_img/ZED_LEFT_20260206_124522_633108.jpg,0.8,0.801788,0.785485,0.767346,0.818873
20260206_124522_633108,20.86875,-0.016500000000000032,0.020649999999999988,-0.6650000000000004,-46.30000000000002,21.009375,20.362499999999997,21.20625,20.446875,-0.00676402200000002,0.024258936000000002,-0.016194420000000022,0.020212147499999996,train/episode_36__pi05_annotations_in_yuanqv_clean__dup2/images/ZED_LEFT/ZED_LEFT_20260206_124522_633108.jpg,train/episode_36__pi05_annotations_in_yuanqv_clean__dup2/images/road_img/ZED_LEFT_20260206_124522_633108.jpg,0.8,0.801788,0.785039,0.776131,0.817538
20260206_124522_633108,20.840625,-0.024350000000000014,0.017674999999999993,-0.7475000000000002,-51.55000000000001,21.0796875,20.334374999999998,21.262500000000003,20.4328125,-0.011490119000000007,0.02429163,-0.02025937200000001,0.01956553325,train/episode_36__pi05_annotations_in_yuanqv_clean__dup2/images/ZED_LEFT/ZED_LEFT_20260206_124522_633108.jpg,train/episode_36__pi05_annotations_in_yuanqv_clean__dup2/images/road_img/ZED_LEFT_20260206_124522_633108.jpg,0.8,0.801788,0.782887,0.781980,0.815690
20260206_124522_883108,20.8125,-0.03219999999999992,0.014700000000000062,-0.830000000000003,-56.800000000000054,21.15,20.30625,21.31875,20.41875,-0.016216216000000054,0.024324323999999994,-0.02432432400000004,0.018918919,train/episode_36__pi05_annotations_in_yuanqv_clean__dup2/images/ZED_LEFT/ZED_LEFT_20260206_124522_883108.jpg,train/episode_36__pi05_annotations_in_yuanqv_clean__dup2/images/road_img/ZED_LEFT_20260206_124522_883108.jpg,0.8,0.760312,0.778995,0.777397,0.821267
20260206_124522_883108,20.784375,-0.02334999999999996,0.02180000000000003,-1.1625000000000014,-62.87500000000002,21.248437499999998,20.292187499999997,21.375,20.390625,-0.022352379500000026,0.023678025499999998,-0.028433460500000018,0.018944624,train/episode_36__pi05_annotations_in_yuanqv_clean__dup2/images/ZED_LEFT/ZED_LEFT_20260206_124522_883108.jpg,train/episode_36__pi05_annotations_in_yuanqv_clean__dup2/images/road_img/ZED_LEFT_20260206_124522_883108.jpg,0.8,0.760312,0.774625,0.773814,0.819725
20260206_124522_883108,20.75625,-0.014499999999999999,0.028900000000000002,-1.495,-68.94999999999999,21.346874999999997,20.278125,21.431250000000002,20.3625,-0.028488542999999998,0.023031727000000002,-0.032542597,0.018970329,train/episode_36__pi05_annotations_in_yuanqv_clean__dup2/images/ZED_LEFT/ZED_LEFT_20260206_124522_883108.jpg,train/episode_36__pi05_annotations_in_yuanqv_clean__dup2/images/road_img/ZED_LEFT_20260206_124522_883108.jpg,0.8,0.760312,0.770417,0.770908,0.818746
20260206_124522_883108,20.728125,-0.005649999999999957,0.03600000000000003,-1.8275000000000015,-75.02500000000002,21.4453125,20.264062499999998,21.4875,20.334374999999998,-0.034624706500000026,0.022385428499999995,-0.03665173350000002,0.018996034,train/episode_36__pi05_annotations_in_yuanqv_clean__dup2/images/ZED_LEFT/ZED_LEFT_20260206_124522_883108.jpg,train/episode_36__pi05_annotations_in_yuanqv_clean__dup2/images/road_img/ZED_LEFT_20260206_124522_883108.jpg,0.8,0.760312,0.766137,0.768421,0.818230
20260206_124523_133108,20.7,0.0032,0.0431,-2.16,-81.1,21.54375,20.25,21.54375,20.30625,-0.04076087,0.02173913,-0.04076087,0.019021739,train/episode_36__pi05_annotations_in_yuanqv_clean__dup2/images/ZED_LEFT/ZED_LEFT_20260206_124523_133108.jpg,train/episode_36__pi05_annotations_in_yuanqv_clean__dup2/images/road_img/ZED_LEFT_20260206_124523_133108.jpg,0.8,0.797754,0.761515,0.772929,0.820289
20260206_124523_133108,20.685937499999998,-0.0005000000000000243,0.045300000000000014,-2.4925000000000024,-85.67500000000003,21.6421875,20.2921875,21.628125,20.3203125,-0.046238227500000034,0.01902914324999998,-0.04555702850000003,0.01767229874999999,train/episode_36__pi05_annotations_in_yuanqv_clean__dup2/images/ZED_LEFT/ZED_LEFT_20260206_124523_133108.jpg,train/episode_36__pi05_annotations_in_yuanqv_clean__dup2/images/road_img/ZED_LEFT_20260206_124523_133108.jpg,0.8,0.797754,0.756491,0.775543,0.819851
20260206_124523_133108,20.671875,-0.004200000000000016,0.04750000000000001,-2.8250000000000015,-90.25000000000003,21.740625,20.334375,21.712500000000002,20.334375,-0.05171558500000002,0.016319156499999987,-0.05035318700000002,0.016322858499999995,train/episode_36__pi05_annotations_in_yuanqv_clean__dup2/images/ZED_LEFT/ZED_LEFT_20260206_124523_133108.jpg,train/episode_36__pi05_annotations_in_yuanqv_clean__dup2/images/road_img/ZED_LEFT_20260206_124523_133108.jpg,0.8,0.797754,0.752065,0.776942,0.819174
20260206_124523_133108,20.6578125,-0.007900000000000008,0.04970000000000001,-3.157500000000001,-94.82500000000002,21.8390625,20.3765625,21.796875,20.3484375,-0.05719294250000001,0.013609169749999993,-0.05514934550000001,0.014973418249999997,train/episode_36__pi05_annotations_in_yuanqv_clean__dup2/images/ZED_LEFT/ZED_LEFT_20260206_124523_133108.jpg,train/episode_36__pi05_annotations_in_yuanqv_clean__dup2/images/road_img/ZED_LEFT_20260206_124523_133108.jpg,0.8,0.797754,0.748721,0.777651,0.818321
20260206_124523_383108,20.64375,-0.01160000000000001,0.0519,-3.490000000000003,-99.40000000000003,21.9375,20.41875,21.88125,20.3625,-0.06267030000000004,0.010899182999999982,-0.059945504000000045,0.013623977999999988,train/episode_36__pi05_annotations_in_yuanqv_clean__dup2/images/ZED_LEFT/ZED_LEFT_20260206_124523_383108.jpg,train/episode_36__pi05_annotations_in_yuanqv_clean__dup2/images/road_img/ZED_LEFT_20260206_124523_383108.jpg,0.8,0.833831,0.746479,0.785433,0.795363
20260206_124523_383108,20.64375,-0.012800000000000006,0.051825,-3.7725000000000013,-101.92500000000001,22.0359375,20.4609375,21.993750000000002,20.390625,-0.06743869225000002,0.008855586249999992,-0.06539509525000002,0.012261580249999994,train/episode_36__pi05_annotations_in_yuanqv_clean__dup2/images/ZED_LEFT/ZED_LEFT_20260206_124523_383108.jpg,train/episode_36__pi05_annotations_in_yuanqv_clean__dup2/images/road_img/ZED_LEFT_20260206_124523_383108.jpg,0.8,0.833831,0.743980,0.791390,0.794485
20260206_124523_383108,20.64375,-0.01400000000000001,0.05175,-4.055000000000002,-104.45000000000003,22.134375000000002,20.503125,22.106250000000003,20.418750000000003,-0.07220708450000005,0.006811989499999982,-0.07084468650000005,0.010899182499999988,train/episode_36__pi05_annotations_in_yuanqv_clean__dup2/images/ZED_LEFT/ZED_LEFT_20260206_124523_383108.jpg,train/episode_36__pi05_annotations_in_yuanqv_clean__dup2/images/road_img/ZED_LEFT_20260206_124523_383108.jpg,0.8,0.833831,0.741321,0.796063,0.793749
20260206_124523_383108,20.64375,-0.015200000000000005,0.051675,-4.337500000000001,-106.97500000000001,22.2328125,20.545312499999998,22.21875,20.446875000000002,-0.07697547675000002,0.004768392749999991,-0.07629427775000003,0.009536784749999994,train/episode_36__pi05_annotations_in_yuanqv_clean__dup2/images/ZED_LEFT/ZED_LEFT_20260206_124523_383108.jpg,train/episode_36__pi05_annotations_in_yuanqv_clean__dup2/images/road_img/ZED_LEFT_20260206_124523_383108.jpg,0.8,0.833831,0.738544,0.799842,0.793153
20260206_124523_633108,20.64375,-0.0164,0.0516,-4.62,-109.5,22.33125,20.5875,22.33125,20.475,-0.081743869,0.002724796,-0.081743869,0.008174387,train/episode_36__pi05_annotations_in_yuanqv_clean__dup2/images/ZED_LEFT/ZED_LEFT_20260206_124523_633108.jpg,train/episode_36__pi05_annotations_in_yuanqv_clean__dup2/images/road_img/ZED_LEFT_20260206_124523_633108.jpg,0.8,0.792303,0.735681,0.793099,0.823941
20260206_124523_633108,20.671875,-0.008650000000000036,0.04472500000000003,-5.272499999999997,-109.825,22.44375,20.685937499999998,22.415625,20.559375,-0.08569814574999998,-0.0006664299999999848,-0.08434313199999999,0.005453283500000012,train/episode_36__pi05_annotations_in_yuanqv_clean__dup2/images/ZED_LEFT/ZED_LEFT_20260206_124523_633108.jpg,train/episode_36__pi05_annotations_in_yuanqv_clean__dup2/images/road_img/ZED_LEFT_20260206_124523_633108.jpg,0.8,0.792303,0.732469,0.788166,0.823575
20260206_124523_633108,20.700000000000003,-0.0008999999999999321,0.03784999999999994,-5.925000000000006,-110.15,22.556250000000002,20.784375,22.5,20.64375,-0.08965242250000002,-0.004057656000000029,-0.08694239500000002,0.0027321799999999756,train/episode_36__pi05_annotations_in_yuanqv_clean__dup2/images/ZED_LEFT/ZED_LEFT_20260206_124523_633108.jpg,train/episode_36__pi05_annotations_in_yuanqv_clean__dup2/images/road_img/ZED_LEFT_20260206_124523_633108.jpg,0.8,0.792303,0.729012,0.784520,0.823358
20260206_124523_633108,20.728125000000002,0.006850000000000033,0.03097499999999997,-6.577500000000003,-110.475,22.66875,20.8828125,22.584375,20.728125000000002,-0.09360669925000001,-0.007448882000000014,-0.08954165800000001,1.1076499999988082e-05,train/episode_36__pi05_annotations_in_yuanqv_clean__dup2/images/ZED_LEFT/ZED_LEFT_20260206_124523_633108.jpg,train/episode_36__pi05_annotations_in_yuanqv_clean__dup2/images/road_img/ZED_LEFT_20260206_124523_633108.jpg,0.8,0.792303,0.725433,0.781809,0.823296
20260206_124523_883108,20.75625,0.0146,0.0241,-7.23,-110.8,22.78125,20.98125,22.66875,20.8125,-0.097560976,-0.010840108,-0.092140921,-0.002710027,train/episode_36__pi05_annotations_in_yuanqv_clean__dup2/images/ZED_LEFT/ZED_LEFT_20260206_124523_883108.jpg,train/episode_36__pi05_annotations_in_yuanqv_clean__dup2/images/road_img/ZED_LEFT_20260206_124523_883108.jpg,0.8,0.777732,0.722548,0.776393,0.815897
20260206_124523_883108,20.7703125,0.032449999999999916,0.024899999999999995,-8.147499999999996,-110.3,22.89375,21.107812499999998,22.8234375,20.9390625,-0.10222478599999997,-0.016238188999999972,-0.09883542049999997,-0.008113601249999975,train/episode_36__pi05_annotations_in_yuanqv_clean__dup2/images/ZED_LEFT/ZED_LEFT_20260206_124523_883108.jpg,train/episode_36__pi05_annotations_in_yuanqv_clean__dup2/images/road_img/ZED_LEFT_20260206_124523_883108.jpg,0.8,0.777732,0.718303,0.772297,0.816130
20260206_124523_883108,20.784375,0.05029999999999984,0.025699999999999994,-9.064999999999992,-109.8,23.006249999999998,21.234375,22.978125,21.065625,-0.10688859599999995,-0.02163626999999995,-0.10552991999999994,-0.013517175499999952,train/episode_36__pi05_annotations_in_yuanqv_clean__dup2/images/ZED_LEFT/ZED_LEFT_20260206_124523_883108.jpg,train/episode_36__pi05_annotations_in_yuanqv_clean__dup2/images/road_img/ZED_LEFT_20260206_124523_883108.jpg,0.8,0.777732,0.711674,0.769024,0.816319
20260206_124523_883108,20.798437500000002,0.06815000000000007,0.026500000000000003,-9.982500000000005,-109.3,23.11875,21.360937500000002,23.1328125,21.192187500000003,-0.11155240600000002,-0.02703435100000002,-0.11222441950000003,-0.018920749750000024,train/episode_36__pi05_annotations_in_yuanqv_clean__dup2/images/ZED_LEFT/ZED_LEFT_20260206_124523_883108.jpg,train/episode_36__pi05_annotations_in_yuanqv_clean__dup2/images/road_img/ZED_LEFT_20260206_124523_883108.jpg,0.8,0.777732,0.702783,0.766292,0.816428
20260206_124524_133108,20.8125,0.086,0.0273,-10.9,-108.8,23.23125,21.4875,23.2875,21.31875,-0.116216216,-0.032432432,-0.118918919,-0.024324324,train/episode_36__pi05_annotations_in_yuanqv_clean__dup2/images/ZED_LEFT/ZED_LEFT_20260206_124524_133108.jpg,train/episode_36__pi05_annotations_in_yuanqv_clean__dup2/images/road_img/ZED_LEFT_20260206_124524_133108.jpg,0.8,0.763998,0.690481,0.760535,0.816602
20260206_124524_133108,20.86875,0.08435,0.03055,-11.505,-108.325,23.371875,21.6140625,23.4140625,21.473437500000003,-0.11991617275,-0.03568796025,-0.1219432,-0.02893843025,train/episode_36__pi05_annotations_in_yuanqv_clean__dup2/images/ZED_LEFT/ZED_LEFT_20260206_124524_133108.jpg,train/episode_36__pi05_annotations_in_yuanqv_clean__dup2/images/road_img/ZED_LEFT_20260206_124524_133108.jpg,0.8,0.763998,0.682504,0.756245,0.816179
20260206_124524_133108,20.925,0.0827,0.033800000000000004,-12.11,-107.85,23.5125,21.740625,23.540625,21.628125,-0.1236161295,-0.0389434885,-0.12496748099999999,-0.0335525365,train/episode_36__pi05_annotations_in_yuanqv_clean__dup2/images/ZED_LEFT/ZED_LEFT_20260206_124524_133108.jpg,train/episode_36__pi05_annotations_in_yuanqv_clean__dup2/images/road_img/ZED_LEFT_20260206_124524_133108.jpg,0.8,0.763998,0.679881,0.753381,0.815994
20260206_124524_133108,20.981250000000003,0.08105,0.03705,-12.715,-107.375,23.653125,21.8671875,23.6671875,21.7828125,-0.12731608625,-0.04219901675,-0.127991762,-0.03816664275,train/episode_36__pi05_annotations_in_yuanqv_clean__dup2/images/ZED_LEFT/ZED_LEFT_20260206_124524_133108.jpg,train/episode_36__pi05_annotations_in_yuanqv_clean__dup2/images/road_img/ZED_LEFT_20260206_124524_133108.jpg,0.8,0.763998,0.683822,0.751827,0.816201
20260206_124524_383108,21.0375,0.07940000000000011,0.04029999999999991,-13.320000000000007,-106.9,23.79375,21.993750000000002,23.793750000000003,21.9375,-0.13101604300000003,-0.045454545000000054,-0.13101604300000008,-0.042780749000000035,train/episode_36__pi05_annotations_in_yuanqv_clean__dup2/images/ZED_LEFT/ZED_LEFT_20260206_124524_383108.jpg,train/episode_36__pi05_annotations_in_yuanqv_clean__dup2/images/road_img/ZED_LEFT_20260206_124524_383108.jpg,0.8,0.819138,0.693803,0.766701,0.817593
20260206_124524_383108,21.079687500000002,0.08557500000000008,0.035374999999999934,-13.750000000000005,-106.625,23.878125,22.10625,23.934375000000003,22.021875,-0.13274479075000004,-0.04867976825000004,-0.13539731075000006,-0.04468503125000003,train/episode_36__pi05_annotations_in_yuanqv_clean__dup2/images/ZED_LEFT/ZED_LEFT_20260206_124524_383108.jpg,train/episode_36__pi05_annotations_in_yuanqv_clean__dup2/images/road_img/ZED_LEFT_20260206_124524_383108.jpg,0.8,0.819138,0.703323,0.777645,0.818144
20260206_124524_383108,21.121875000000003,0.09175000000000005,0.030449999999999956,-14.180000000000003,-106.35,23.962500000000002,22.21875,24.075,22.10625,-0.13447353850000002,-0.051904991500000025,-0.13977857850000003,-0.046589313500000014,train/episode_36__pi05_annotations_in_yuanqv_clean__dup2/images/ZED_LEFT/ZED_LEFT_20260206_124524_383108.jpg,train/episode_36__pi05_annotations_in_yuanqv_clean__dup2/images/road_img/ZED_LEFT_20260206_124524_383108.jpg,0.8,0.819138,0.712605,0.785785,0.818820
20260206_124524_383108,21.1640625,0.09792500000000003,0.025524999999999978,-14.610000000000001,-106.075,24.046875,22.33125,24.215625,22.190625,-0.13620228625000003,-0.05513021475000002,-0.14415984625000003,-0.04849359575000001,train/episode_36__pi05_annotations_in_yuanqv_clean__dup2/images/ZED_LEFT/ZED_LEFT_20260206_124524_383108.jpg,train/episode_36__pi05_annotations_in_yuanqv_clean__dup2/images/road_img/ZED_LEFT_20260206_124524_383108.jpg,0.8,0.819138,0.720657,0.791945,0.819660
20260206_124524_633108,21.20625,0.10410000000000001,0.020600000000000018,-15.040000000000004,-105.79999999999998,24.131250000000005,22.44375,24.35625,22.275,-0.1379310340000001,-0.05835543800000004,-0.14854111400000003,-0.050397878000000035,train/episode_36__pi05_annotations_in_yuanqv_clean__dup2/images/ZED_LEFT/ZED_LEFT_20260206_124524_633108.jpg,train/episode_36__pi05_annotations_in_yuanqv_clean__dup2/images/road_img/ZED_LEFT_20260206_124524_633108.jpg,0.8,0.818363,0.728061,0.796539,0.830707
20260206_124524_633108,21.2484375,0.10495000000000002,0.021650000000000013,-15.320000000000004,-104.62499999999999,24.271875000000005,22.528125000000003,24.4265625,22.359375,-0.14226406500000008,-0.060213947000000025,-0.14956373025,-0.052272092750000027,train/episode_36__pi05_annotations_in_yuanqv_clean__dup2/images/ZED_LEFT/ZED_LEFT_20260206_124524_633108.jpg,train/episode_36__pi05_annotations_in_yuanqv_clean__dup2/images/road_img/ZED_LEFT_20260206_124524_633108.jpg,0.8,0.818363,0.734715,0.800063,0.831202
20260206_124524_633108,21.290625000000002,0.1058,0.02270000000000001,-15.600000000000001,-103.44999999999999,24.4125,22.6125,24.496875,22.44375,-0.14659709600000004,-0.06207245600000002,-0.1505863465,-0.05414630750000002,train/episode_36__pi05_annotations_in_yuanqv_clean__dup2/images/ZED_LEFT/ZED_LEFT_20260206_124524_633108.jpg,train/episode_36__pi05_annotations_in_yuanqv_clean__dup2/images/road_img/ZED_LEFT_20260206_124524_633108.jpg,0.8,0.818363,0.740370,0.802707,0.831465
20260206_124524_633108,21.3328125,0.10665000000000001,0.023750000000000004,-15.88,-102.27499999999999,24.553125,22.696875000000002,24.5671875,22.528125,-0.15093012700000003,-0.063930965,-0.15160896275,-0.05602052225000001,train/episode_36__pi05_annotations_in_yuanqv_clean__dup2/images/ZED_LEFT/ZED_LEFT_20260206_124524_633108.jpg,train/episode_36__pi05_annotations_in_yuanqv_clean__dup2/images/road_img/ZED_LEFT_20260206_124524_633108.jpg,0.8,0.818363,0.745279,0.804649,0.831525
20260206_124524_883108,21.375,0.1075,0.0248,-16.16,-101.1,24.69375,22.78125,24.6375,22.6125,-0.155263158,-0.065789474,-0.152631579,-0.057894737,train/episode_36__pi05_annotations_in_yuanqv_clean__dup2/images/ZED_LEFT/ZED_LEFT_20260206_124524_883108.jpg,train/episode_36__pi05_annotations_in_yuanqv_clean__dup2/images/road_img/ZED_LEFT_20260206_124524_883108.jpg,0.8,0.847137,0.749441,0.814041,0.826583
20260206_124524_883108,21.4453125,0.10637499999999998,0.03375000000000012,-16.467500000000005,-99.14999999999996,24.721875,22.89375,24.721875,22.739062500000003,-0.15281100474999998,-0.06752392375000002,-0.1527853725,-0.06030416975000003,train/episode_36__pi05_annotations_in_yuanqv_clean__dup2/images/ZED_LEFT/ZED_LEFT_20260206_124524_883108.jpg,train/episode_36__pi05_annotations_in_yuanqv_clean__dup2/images/road_img/ZED_LEFT_20260206_124524_883108.jpg,0.8,0.847137,0.752229,0.820950,0.826489
20260206_124524_883108,21.515625,0.10524999999999998,0.04270000000000008,-16.775000000000002,-97.19999999999997,24.75,23.00625,24.806250000000002,22.865625,-0.15035885149999997,-0.06925837350000001,-0.15293916600000002,-0.06271360250000002,train/episode_36__pi05_annotations_in_yuanqv_clean__dup2/images/ZED_LEFT/ZED_LEFT_20260206_124524_883108.jpg,train/episode_36__pi05_annotations_in_yuanqv_clean__dup2/images/road_img/ZED_LEFT_20260206_124524_883108.jpg,0.8,0.847137,0.753811,0.826022,0.826348
20260206_124524_883108,21.5859375,0.104125,0.051650000000000036,-17.082500000000003,-95.24999999999999,24.778125,23.11875,24.890625,22.9921875,-0.14790669825,-0.07099282325,-0.15309295950000001,-0.06512303525000002,train/episode_36__pi05_annotations_in_yuanqv_clean__dup2/images/ZED_LEFT/ZED_LEFT_20260206_124524_883108.jpg,train/episode_36__pi05_annotations_in_yuanqv_clean__dup2/images/road_img/ZED_LEFT_20260206_124524_883108.jpg,0.8,0.847137,0.754365,0.829745,0.826183
20260206_124525_133108,21.65625,0.103,0.0606,-17.39,-93.3,24.80625,23.23125,24.975,23.11875,-0.145454545,-0.072727273,-0.153246753,-0.067532468,train/episode_36__pi05_annotations_in_yuanqv_clean__dup2/images/ZED_LEFT/ZED_LEFT_20260206_124525_133108.jpg,train/episode_36__pi05_annotations_in_yuanqv_clean__dup2/images/road_img/ZED_LEFT_20260206_124525_133108.jpg,0.8,0.769740,0.753980,0.811105,0.832178
20260206_124525_133108,21.740624999999998,0.11932499999999993,0.04505000000000007,-17.165000000000003,-92.175,24.91875,23.34375,25.1015625,23.3015625,-0.14617530774999998,-0.0737270405,-0.1545770085,-0.07174909524999998,train/episode_36__pi05_annotations_in_yuanqv_clean__dup2/images/ZED_LEFT/ZED_LEFT_20260206_124525_133108.jpg,train/episode_36__pi05_annotations_in_yuanqv_clean__dup2/images/road_img/ZED_LEFT_20260206_124525_133108.jpg,0.8,0.769740,0.753694,0.797868,0.832429
20260206_124525_133108,21.825,0.13565000000000016,0.029499999999999863,-16.939999999999998,-91.04999999999998,25.03125,23.45625,25.228125000000002,23.484375,-0.1468960705,-0.074726808,-0.15590726400000002,-0.07596572250000004,train/episode_36__pi05_annotations_in_yuanqv_clean__dup2/images/ZED_LEFT/ZED_LEFT_20260206_124525_133108.jpg,train/episode_36__pi05_annotations_in_yuanqv_clean__dup2/images/road_img/ZED_LEFT_20260206_124525_133108.jpg,0.8,0.769740,0.753468,0.788429,0.832965
20260206_124525_133108,21.909375,0.15197500000000008,0.013949999999999935,-16.714999999999996,-89.925,25.14375,23.568749999999998,25.3546875,23.6671875,-0.14761683325,-0.0757265755,-0.1572375195,-0.08018234975000002,train/episode_36__pi05_annotations_in_yuanqv_clean__dup2/images/ZED_LEFT/ZED_LEFT_20260206_124525_133108.jpg,train/episode_36__pi05_annotations_in_yuanqv_clean__dup2/images/road_img/ZED_LEFT_20260206_124525_133108.jpg,0.8,0.769740,0.753496,0.781679,0.833692
20260206_124525_383108,21.99375,0.1683,-0.0016,-16.49,-88.8,25.25625,23.68125,25.48125,23.85,-0.148337596,-0.076726343,-0.158567775,-0.084398977,train/episode_36__pi05_annotations_in_yuanqv_clean__dup2/images/ZED_LEFT/ZED_LEFT_20260206_124525_383108.jpg,train/episode_36__pi05_annotations_in_yuanqv_clean__dup2/images/road_img/ZED_LEFT_20260206_124525_383108.jpg,0.8,0.745984,0.754138,0.771622,0.804969
20260206_124525_383108,22.10625,0.162775,0.0030500000000000006,-16.81,-87.2,25.425,23.8640625,25.6078125,23.990625,-0.15010031475,-0.07947458175,-0.1583995155,-0.08522905725,train/episode_36__pi05_annotations_in_yuanqv_clean__dup2/images/ZED_LEFT/ZED_LEFT_20260206_124525_383108.jpg,train/episode_36__pi05_annotations_in_yuanqv_clean__dup2/images/road_img/ZED_LEFT_20260206_124525_383108.jpg,0.8,0.745984,0.756622,0.764867,0.805438
20260206_124525_383108,22.21875,0.15725,0.007700000000000001,-17.13,-85.6,25.59375,24.046875,25.734375,24.13125,-0.1518630335,-0.0822228205,-0.158231256,-0.0860591375,train/episode_36__pi05_annotations_in_yuanqv_clean__dup2/images/ZED_LEFT/ZED_LEFT_20260206_124525_383108.jpg,train/episode_36__pi05_annotations_in_yuanqv_clean__dup2/images/road_img/ZED_LEFT_20260206_124525_383108.jpg,0.8,0.745984,0.760386,0.760564,0.805729
20260206_124525_383108,22.331250000000004,0.1517249999999999,0.012350000000000085,-17.450000000000006,-83.99999999999997,25.762500000000003,24.229687500000004,25.860937500000002,24.271875000000005,-0.15362575225000002,-0.08497105925000005,-0.1580629965,-0.08688921775000001,train/episode_36__pi05_annotations_in_yuanqv_clean__dup2/images/ZED_LEFT/ZED_LEFT_20260206_124525_383108.jpg,train/episode_36__pi05_annotations_in_yuanqv_clean__dup2/images/road_img/ZED_LEFT_20260206_124525_383108.jpg,0.8,0.745984,0.764999,0.758086,0.805841
20260206_124525_633108,22.44375,0.14619999999999994,0.017000000000000102,-17.77,-82.4,25.931250000000002,24.412500000000005,25.987500000000004,24.412500000000005,-0.15538847100000006,-0.08771929800000006,-0.15789473700000006,-0.08771929800000006,train/episode_36__pi05_annotations_in_yuanqv_clean__dup2/images/ZED_LEFT/ZED_LEFT_20260206_124525_633108.jpg,train/episode_36__pi05_annotations_in_yuanqv_clean__dup2/images/road_img/ZED_LEFT_20260206_124525_633108.jpg,0.8,0.771278,0.769742,0.761879,0.823430
20260206_124525_633108,22.5421875,0.14239999999999994,0.022600000000000075,-17.73,-82.4,26.128125,24.595312500000002,26.184375000000003,24.595312500000002,-0.15902903800000004,-0.09103577900000004,-0.16152450100000004,-0.09103577900000004,train/episode_36__pi05_annotations_in_yuanqv_clean__dup2/images/ZED_LEFT/ZED_LEFT_20260206_124525_633108.jpg,train/episode_36__pi05_annotations_in_yuanqv_clean__dup2/images/road_img/ZED_LEFT_20260206_124525_633108.jpg,0.8,0.771278,0.772876,0.764881,0.823343
20260206_124525_633108,22.640625,0.13859999999999997,0.028200000000000048,-17.689999999999998,-82.4,26.325,24.778125000000003,26.38125,24.778125000000003,-0.16266960500000002,-0.09435226000000003,-0.16515426500000005,-0.09435226000000003,train/episode_36__pi05_annotations_in_yuanqv_clean__dup2/images/ZED_LEFT/ZED_LEFT_20260206_124525_633108.jpg,train/episode_36__pi05_annotations_in_yuanqv_clean__dup2/images/road_img/ZED_LEFT_20260206_124525_633108.jpg,0.8,0.771278,0.774700,0.767212,0.823189
20260206_124525_633108,22.7390625,0.13479999999999998,0.033800000000000024,-17.65,-82.4,26.521875,24.9609375,26.578125,24.9609375,-0.166310172,-0.09766874100000002,-0.16878402900000003,-0.09766874100000002,train/episode_36__pi05_annotations_in_yuanqv_clean__dup2/images/ZED_LEFT/ZED_LEFT_20260206_124525_633108.jpg,train/episode_36__pi05_annotations_in_yuanqv_clean__dup2/images/road_img/ZED_LEFT_20260206_124525_633108.jpg,0.8,0.771278,0.775415,0.768952,0.823023
20260206_124525_883108,22.837500000000002,0.13100000000000053,0.039399999999999866,-17.609999999999996,-82.4,26.71875,25.14375,26.775,25.143750000000004,-0.16995073899999996,-0.10098522199999999,-0.17241379299999998,-0.10098522200000001,train/episode_36__pi05_annotations_in_yuanqv_clean__dup2/images/ZED_LEFT/ZED_LEFT_20260206_124525_883108.jpg,train/episode_36__pi05_annotations_in_yuanqv_clean__dup2/images/road_img/ZED_LEFT_20260206_124525_883108.jpg,0.8,0.805876,0.775186,0.776177,0.811323
20260206_124525_883108,22.95,0.1601250000000004,0.0319249999999999,-17.455,-82.4,26.803125,25.242187500000004,26.859375,25.284375000000004,-0.16792199149999998,-0.09989350574999999,-0.17037314674999998,-0.1017051,train/episode_36__pi05_annotations_in_yuanqv_clean__dup2/images/ZED_LEFT/ZED_LEFT_20260206_124525_883108.jpg,train/episode_36__pi05_annotations_in_yuanqv_clean__dup2/images/road_img/ZED_LEFT_20260206_124525_883108.jpg,0.8,0.805876,0.773671,0.781056,0.811565
20260206_124525_883108,23.0625,0.18925000000000025,0.02444999999999993,-17.299999999999997,-82.4,26.8875,25.340625000000003,26.94375,25.425,-0.16589324399999997,-0.09880178949999999,-0.16833250049999998,-0.102424978,train/episode_36__pi05_annotations_in_yuanqv_clean__dup2/images/ZED_LEFT/ZED_LEFT_20260206_124525_883108.jpg,train/episode_36__pi05_annotations_in_yuanqv_clean__dup2/images/road_img/ZED_LEFT_20260206_124525_883108.jpg,0.8,0.805876,0.769670,0.784008,0.811967
20260206_124525_883108,23.175,0.21837500000000015,0.016974999999999966,-17.145,-82.4,26.971875,25.439062500000002,27.028125,25.565625,-0.16386449649999998,-0.09771007325,-0.16629185425,-0.10314485600000001,train/episode_36__pi05_annotations_in_yuanqv_clean__dup2/images/ZED_LEFT/ZED_LEFT_20260206_124525_883108.jpg,train/episode_36__pi05_annotations_in_yuanqv_clean__dup2/images/road_img/ZED_LEFT_20260206_124525_883108.jpg,0.8,0.805876,0.762531,0.785284,0.812180
20260206_124526_133108,23.2875,0.2475,0.0095,-16.99,-82.4,27.05625,25.5375,27.1125,25.70625,-0.161835749,-0.096618357,-0.164251208,-0.103864734,train/episode_36__pi05_annotations_in_yuanqv_clean__dup2/images/ZED_LEFT/ZED_LEFT_20260206_124526_133108.jpg,train/episode_36__pi05_annotations_in_yuanqv_clean__dup2/images/road_img/ZED_LEFT_20260206_124526_133108.jpg,0.8,0.851176,0.750230,0.794079,0.824374
20260206_124526_133108,23.3859375,0.20679999999999946,0.019700000000000134,-17.220000000000002,-82.375,27.281250000000004,25.762500000000003,27.323437500000004,25.846875000000004,-0.16650745300000006,-0.10156115500000007,-0.16831904725000005,-0.10521446500000002,train/episode_36__pi05_annotations_in_yuanqv_clean__dup2/images/ZED_LEFT/ZED_LEFT_20260206_124526_133108.jpg,train/episode_36__pi05_annotations_in_yuanqv_clean__dup2/images/road_img/ZED_LEFT_20260206_124526_133108.jpg,0.8,0.851176,0.745625,0.801333,0.824253
20260206_124526_133108,23.484375,0.16609999999999964,0.029900000000000086,-17.450000000000003,-82.35,27.50625,25.987500000000004,27.534375000000004,25.9875,-0.17117915700000003,-0.10650395300000004,-0.17238688650000003,-0.10656419600000001,train/episode_36__pi05_annotations_in_yuanqv_clean__dup2/images/ZED_LEFT/ZED_LEFT_20260206_124526_133108.jpg,train/episode_36__pi05_annotations_in_yuanqv_clean__dup2/images/road_img/ZED_LEFT_20260206_124526_133108.jpg,0.8,0.851176,0.750960,0.807399,0.824489
20260206_124526_133108,23.5828125,0.12539999999999982,0.04010000000000004,-17.68,-82.325,27.731250000000003,26.212500000000002,27.7453125,26.128125,-0.17585086100000002,-0.11144675100000002,-0.17645472575,-0.107913927,train/episode_36__pi05_annotations_in_yuanqv_clean__dup2/images/ZED_LEFT/ZED_LEFT_20260206_124526_133108.jpg,train/episode_36__pi05_annotations_in_yuanqv_clean__dup2/images/road_img/ZED_LEFT_20260206_124526_133108.jpg,0.8,0.851176,0.763584,0.813330,0.824708
20260206_124526_383108,23.68125,0.0847,0.0503,-17.91,-82.3,27.95625,26.4375,27.95625,26.26875,-0.180522565,-0.116389549,-0.180522565,-0.109263658,train/episode_36__pi05_annotations_in_yuanqv_clean__dup2/images/ZED_LEFT/ZED_LEFT_20260206_124526_383108.jpg,train/episode_36__pi05_annotations_in_yuanqv_clean__dup2/images/road_img/ZED_LEFT_20260206_124526_383108.jpg,0.8,0.909438,0.776409,0.834763,0.814602
20260206_124526_383108,23.7515625,0.10947499999999989,0.03837500000000005,-17.435000000000002,-79.80000000000001,28.1390625,26.592187499999998,28.1671875,26.4796875,-0.18468769849999997,-0.11956915699999998,-0.18586140724999997,-0.11481159324999998,train/episode_36__pi05_annotations_in_yuanqv_clean__dup2/images/ZED_LEFT/ZED_LEFT_20260206_124526_383108.jpg,train/episode_36__pi05_annotations_in_yuanqv_clean__dup2/images/road_img/ZED_LEFT_20260206_124526_383108.jpg,0.8,0.909438,0.780220,0.850505,0.813349
20260206_124526_383108,23.821875,0.1342500000000002,0.02644999999999989,-16.959999999999997,-77.29999999999997,28.321875000000002,26.746875,28.378125000000004,26.690625000000004,-0.18885283200000003,-0.12274876500000004,-0.19120024950000006,-0.12035952850000005,train/episode_36__pi05_annotations_in_yuanqv_clean__dup2/images/ZED_LEFT/ZED_LEFT_20260206_124526_383108.jpg,train/episode_36__pi05_annotations_in_yuanqv_clean__dup2/images/road_img/ZED_LEFT_20260206_124526_383108.jpg,0.8,0.909438,0.781642,0.862191,0.812669
20260206_124526_383108,23.8921875,0.1590250000000001,0.01452499999999994,-16.485,-74.79999999999998,28.5046875,26.9015625,28.5890625,26.9015625,-0.19301796550000003,-0.125928373,-0.19653909175000003,-0.12590746375000003,train/episode_36__pi05_annotations_in_yuanqv_clean__dup2/images/ZED_LEFT/ZED_LEFT_20260206_124526_383108.jpg,train/episode_36__pi05_annotations_in_yuanqv_clean__dup2/images/road_img/ZED_LEFT_20260206_124526_383108.jpg,0.8,0.909438,0.783405,0.870971,0.813106
20260206_124526_633108,23.9625,0.1838,0.0026,-16.01,-72.3,28.6875,27.05625,28.8,27.1125,-0.197183099,-0.129107981,-0.201877934,-0.131455399,train/episode_36__pi05_annotations_in_yuanqv_clean__dup2/images/ZED_LEFT/ZED_LEFT_20260206_124526_633108.jpg,train/episode_36__pi05_annotations_in_yuanqv_clean__dup2/images/road_img/ZED_LEFT_20260206_124526_633108.jpg,0.8,0.868887,0.783837,0.865988,0.803492
20260206_124526_633108,24.075,0.186225,0.002225,-16.03,-70.05,28.8140625,27.253124999999997,28.9265625,27.2953125,-0.196850458,-0.1319692345,-0.20152365775,-0.133729798,train/episode_36__pi05_annotations_in_yuanqv_clean__dup2/images/ZED_LEFT/ZED_LEFT_20260206_124526_633108.jpg,train/episode_36__pi05_annotations_in_yuanqv_clean__dup2/images/road_img/ZED_LEFT_20260206_124526_633108.jpg,0.8,0.868887,0.782133,0.862650,0.803903
20260206_124526_633108,24.1875,0.18864999999999998,0.00185,-16.05,-67.8,28.940625,27.45,29.053125,27.478125,-0.19651781699999998,-0.134830488,-0.20116938150000002,-0.136004197,train/episode_36__pi05_annotations_in_yuanqv_clean__dup2/images/ZED_LEFT/ZED_LEFT_20260206_124526_633108.jpg,train/episode_36__pi05_annotations_in_yuanqv_clean__dup2/images/road_img/ZED_LEFT_20260206_124526_633108.jpg,0.8,0.868887,0.780305,0.860472,0.803829
20260206_124526_633108,24.300000000000004,0.19107500000000005,0.0014749999999999935,-16.07,-65.54999999999995,29.067187500000003,27.646875,29.1796875,27.660937500000003,-0.196185176,-0.13769174150000005,-0.20081510525000001,-0.13827859600000003,train/episode_36__pi05_annotations_in_yuanqv_clean__dup2/images/ZED_LEFT/ZED_LEFT_20260206_124526_633108.jpg,train/episode_36__pi05_annotations_in_yuanqv_clean__dup2/images/road_img/ZED_LEFT_20260206_124526_633108.jpg,0.8,0.868887,0.779669,0.859153,0.803691
20260206_124526_883108,24.412500000000005,0.1934999999999997,0.0010999999999999823,-16.089999999999996,-63.29999999999998,29.19375,27.84375,29.30625,27.84375,-0.19585253499999988,-0.1405529949999999,-0.2004608289999999,-0.1405529949999999,train/episode_36__pi05_annotations_in_yuanqv_clean__dup2/images/ZED_LEFT/ZED_LEFT_20260206_124526_883108.jpg,train/episode_36__pi05_annotations_in_yuanqv_clean__dup2/images/road_img/ZED_LEFT_20260206_124526_883108.jpg,0.8,0.830132,0.780715,0.848081,0.802261
20260206_124526_883108,24.567187500000003,0.17684999999999979,9.99999999999866e-05,-15.869999999999997,-62.42499999999998,29.235937500000002,27.8859375,29.3484375,27.9140625,-0.19014782824999993,-0.13519002724999993,-0.19472764424999994,-0.13631362274999992,train/episode_36__pi05_annotations_in_yuanqv_clean__dup2/images/ZED_LEFT/ZED_LEFT_20260206_124526_883108.jpg,train/episode_36__pi05_annotations_in_yuanqv_clean__dup2/images/road_img/ZED_LEFT_20260206_124526_883108.jpg,0.8,0.830132,0.782702,0.840204,0.802228
20260206_124526_883108,24.721875,0.16019999999999984,-0.0009000000000000091,-15.649999999999999,-61.54999999999999,29.278125000000003,27.928125,29.390625,27.984375,-0.18444312149999995,-0.12982705949999995,-0.18899445949999996,-0.13207425049999996,train/episode_36__pi05_annotations_in_yuanqv_clean__dup2/images/ZED_LEFT/ZED_LEFT_20260206_124526_883108.jpg,train/episode_36__pi05_annotations_in_yuanqv_clean__dup2/images/road_img/ZED_LEFT_20260206_124526_883108.jpg,0.8,0.830132,0.785383,0.834621,0.802168
20260206_124526_883108,24.876562500000002,0.14354999999999993,-0.0019000000000000043,-15.43,-60.67499999999999,29.3203125,27.9703125,29.4328125,28.0546875,-0.17873841475,-0.12446409174999998,-0.18326127474999998,-0.12783487824999998,train/episode_36__pi05_annotations_in_yuanqv_clean__dup2/images/ZED_LEFT/ZED_LEFT_20260206_124526_883108.jpg,train/episode_36__pi05_annotations_in_yuanqv_clean__dup2/images/road_img/ZED_LEFT_20260206_124526_883108.jpg,0.8,0.830132,0.788471,0.830691,0.801967
20260206_124527_133108,25.03125,0.12690000000000018,-0.002899999999999958,-15.209999999999999,-59.799999999999834,29.362500000000004,28.012500000000006,29.475000000000005,28.125000000000007,-0.17303370800000004,-0.11910112400000016,-0.17752809000000006,-0.12359550600000015,train/episode_36__pi05_annotations_in_yuanqv_clean__dup2/images/ZED_LEFT/ZED_LEFT_20260206_124527_133108.jpg,train/episode_36__pi05_annotations_in_yuanqv_clean__dup2/images/road_img/ZED_LEFT_20260206_124527_133108.jpg,0.8,0.896101,0.791018,0.844732,0.800808
20260206_124527_133108,25.129687500000003,0.13607500000000014,-0.0005499999999999689,-15.094999999999999,-50.674999999999876,29.531250000000004,28.335937500000004,29.671875000000004,28.462500000000006,-0.17512926325000003,-0.12748955975000012,-0.18071243925000005,-0.13251963825000013,train/episode_36__pi05_annotations_in_yuanqv_clean__dup2/images/ZED_LEFT/ZED_LEFT_20260206_124527_133108.jpg,train/episode_36__pi05_annotations_in_yuanqv_clean__dup2/images/road_img/ZED_LEFT_20260206_124527_133108.jpg,0.8,0.896101,0.792341,0.855120,0.800397
20260206_124527_133108,25.228125000000002,0.14525000000000007,0.0018000000000000203,-14.979999999999999,-41.54999999999991,29.700000000000003,28.659375,29.868750000000002,28.800000000000004,-0.17722481850000002,-0.13587799550000007,-0.18389678850000005,-0.14144377050000007,train/episode_36__pi05_annotations_in_yuanqv_clean__dup2/images/ZED_LEFT/ZED_LEFT_20260206_124527_133108.jpg,train/episode_36__pi05_annotations_in_yuanqv_clean__dup2/images/road_img/ZED_LEFT_20260206_124527_133108.jpg,0.8,0.896101,0.793033,0.862893,0.799978
20260206_124527_133108,25.3265625,0.15442500000000003,0.00415000000000001,-14.865,-32.424999999999955,29.868750000000002,28.9828125,30.065625,29.137500000000003,-0.17932037375,-0.14426643125000005,-0.18708113775000001,-0.15036790275000003,train/episode_36__pi05_annotations_in_yuanqv_clean__dup2/images/ZED_LEFT/ZED_LEFT_20260206_124527_133108.jpg,train/episode_36__pi05_annotations_in_yuanqv_clean__dup2/images/road_img/ZED_LEFT_20260206_124527_133108.jpg,0.8,0.896101,0.792988,0.868787,0.799543
20260206_124527_383108,25.425,0.1636,0.0065,-14.75,-23.3,30.0375,29.30625,30.2625,29.475,-0.181415929,-0.152654867,-0.190265487,-0.159292035,train/episode_36__pi05_annotations_in_yuanqv_clean__dup2/images/ZED_LEFT/ZED_LEFT_20260206_124527_383108.jpg,train/episode_36__pi05_annotations_in_yuanqv_clean__dup2/images/road_img/ZED_LEFT_20260206_124527_383108.jpg,0.8,0.827689,0.791886,0.854733,0.805027
20260206_124527_383108,25.5375,0.15209999999999985,0.007225000000000009,-14.8375,-21.399999999999974,30.1078125,29.446875000000002,30.31875,29.629687500000003,-0.17899672924999996,-0.15307810675,-0.18726433274999996,-0.16022989575000002,train/episode_36__pi05_annotations_in_yuanqv_clean__dup2/images/ZED_LEFT/ZED_LEFT_20260206_124527_383108.jpg,train/episode_36__pi05_annotations_in_yuanqv_clean__dup2/images/road_img/ZED_LEFT_20260206_124527_383108.jpg,0.8,0.827689,0.789844,0.844555,0.804231
20260206_124527_383108,25.650000000000002,0.1405999999999999,0.007950000000000006,-14.925,-19.499999999999982,30.178125,29.5875,30.375,29.784375,-0.17657752949999997,-0.1535013465,-0.18426317849999999,-0.1611677565,train/episode_36__pi05_annotations_in_yuanqv_clean__dup2/images/ZED_LEFT/ZED_LEFT_20260206_124527_383108.jpg,train/episode_36__pi05_annotations_in_yuanqv_clean__dup2/images/road_img/ZED_LEFT_20260206_124527_383108.jpg,0.8,0.827689,0.787405,0.837085,0.803208
20260206_124527_383108,25.7625,0.12909999999999994,0.008675000000000004,-15.0125,-17.59999999999999,30.2484375,29.728125,30.431250000000002,29.939062500000002,-0.17415832974999998,-0.15392458625,-0.18126202425,-0.16210561725,train/episode_36__pi05_annotations_in_yuanqv_clean__dup2/images/ZED_LEFT/ZED_LEFT_20260206_124527_383108.jpg,train/episode_36__pi05_annotations_in_yuanqv_clean__dup2/images/road_img/ZED_LEFT_20260206_124527_383108.jpg,0.8,0.827689,0.785332,0.831545,0.802206
20260206_124527_633108,25.875,0.1176,0.0094,-15.1,-15.7,30.31875,29.86875,30.4875,30.09375,-0.17173913,-0.154347826,-0.17826087,-0.163043478,train/episode_36__pi05_annotations_in_yuanqv_clean__dup2/images/ZED_LEFT/ZED_LEFT_20260206_124527_633108.jpg,train/episode_36__pi05_annotations_in_yuanqv_clean__dup2/images/road_img/ZED_LEFT_20260206_124527_633108.jpg,0.8,0.832649,0.783853,0.828606,0.809671
20260206_124527_633108,26.0859375,0.12982499999999994,0.009225,-15.19,-13.55000000000001,30.375,30.0515625,30.5296875,30.15,-0.16459382125000002,-0.152076659,-0.17053775775000002,-0.15596681900000003,train/episode_36__pi05_annotations_in_yuanqv_clean__dup2/images/ZED_LEFT/ZED_LEFT_20260206_124527_633108.jpg,train/episode_36__pi05_annotations_in_yuanqv_clean__dup2/images/road_img/ZED_LEFT_20260206_124527_633108.jpg,0.8,0.832649,0.781754,0.826299,0.809063
20260206_124527_633108,26.296875000000004,0.14205000000000012,0.009049999999999999,-15.280000000000001,-11.39999999999998,30.431250000000002,30.234375,30.571875000000002,30.20625,-0.15744851249999994,-0.14980549199999998,-0.16281464549999994,-0.14889015999999994,train/episode_36__pi05_annotations_in_yuanqv_clean__dup2/images/ZED_LEFT/ZED_LEFT_20260206_124527_633108.jpg,train/episode_36__pi05_annotations_in_yuanqv_clean__dup2/images/road_img/ZED_LEFT_20260206_124527_633108.jpg,0.8,0.832649,0.779500,0.824447,0.808775
20260206_124527_633108,26.5078125,0.15427500000000005,0.008875,-15.370000000000001,-9.24999999999999,30.4875,30.4171875,30.6140625,30.262500000000003,-0.15030320374999998,-0.147534325,-0.15509153324999997,-0.14181350099999995,train/episode_36__pi05_annotations_in_yuanqv_clean__dup2/images/ZED_LEFT/ZED_LEFT_20260206_124527_633108.jpg,train/episode_36__pi05_annotations_in_yuanqv_clean__dup2/images/road_img/ZED_LEFT_20260206_124527_633108.jpg,0.8,0.832649,0.777001,0.822924,0.808830
20260206_124527_883108,26.71875,0.1665,0.0087,-15.46,-7.1,30.54375,30.6,30.65625,30.31875,-0.143157895,-0.145263158,-0.147368421,-0.134736842,train/episode_36__pi05_annotations_in_yuanqv_clean__dup2/images/ZED_LEFT/ZED_LEFT_20260206_124527_883108.jpg,train/episode_36__pi05_annotations_in_yuanqv_clean__dup2/images/road_img/ZED_LEFT_20260206_124527_883108.jpg,0.8,0.759688,0.773767,0.805078,0.790633
20260206_124527_883108,26.8171875,0.1713,0.008799999999999999,-15.4975,-6.975,30.6,30.6,30.7265625,30.375,-0.14108211425,-0.14110504475000002,-0.14579602525000002,-0.13269163574999998,train/episode_36__pi05_annotations_in_yuanqv_clean__dup2/images/ZED_LEFT/ZED_LEFT_20260206_124527_883108.jpg,train/episode_36__pi05_annotations_in_yuanqv_clean__dup2/images/road_img/ZED_LEFT_20260206_124527_883108.jpg,0.8,0.759688,0.770180,0.792384,0.790720
20260206_124527_883108,26.915625,0.1761,0.0089,-15.535,-6.85,30.65625,30.6,30.796875,30.43125,-0.13900633350000002,-0.1369469315,-0.1442236295,-0.1306464295,train/episode_36__pi05_annotations_in_yuanqv_clean__dup2/images/ZED_LEFT/ZED_LEFT_20260206_124527_883108.jpg,train/episode_36__pi05_annotations_in_yuanqv_clean__dup2/images/road_img/ZED_LEFT_20260206_124527_883108.jpg,0.8,0.759688,0.766878,0.783265,0.790665
20260206_124527_883108,27.0140625,0.1809000000000001,0.009000000000000001,-15.5725,-6.724999999999998,30.712500000000002,30.6,30.8671875,30.4875,-0.13693055274999996,-0.13278881824999994,-0.14265123375,-0.12860122324999995,train/episode_36__pi05_annotations_in_yuanqv_clean__dup2/images/ZED_LEFT/ZED_LEFT_20260206_124527_883108.jpg,train/episode_36__pi05_annotations_in_yuanqv_clean__dup2/images/road_img/ZED_LEFT_20260206_124527_883108.jpg,0.8,0.759688,0.764267,0.776666,0.790684
20260206_124528_133108,27.1125,0.18570000000000006,0.009100000000000014,-15.61,-6.6000000000000085,30.76875,30.6,30.9375,30.54375,-0.13485477199999998,-0.12863070499999996,-0.14107883799999998,-0.12655601699999997,train/episode_36__pi05_annotations_in_yuanqv_clean__dup2/images/ZED_LEFT/ZED_LEFT_20260206_124528_133108.jpg,train/episode_36__pi05_annotations_in_yuanqv_clean__dup2/images/road_img/ZED_LEFT_20260206_124528_133108.jpg,0.8,0.770122,0.762695,0.773887,0.800804
20260206_124528_133108,27.210937500000004,0.18877500000000005,0.009900000000000011,-15.629999999999999,-7.100000000000007,30.825,30.642187500000002,31.0078125,30.6140625,-0.13283842049999997,-0.12612538049999997,-0.13955145975,-0.12508061199999998,train/episode_36__pi05_annotations_in_yuanqv_clean__dup2/images/ZED_LEFT/ZED_LEFT_20260206_124528_133108.jpg,train/episode_36__pi05_annotations_in_yuanqv_clean__dup2/images/road_img/ZED_LEFT_20260206_124528_133108.jpg,0.8,0.770122,0.761452,0.771758,0.800924
20260206_124528_133108,27.309375000000003,0.19185000000000002,0.010700000000000008,-15.65,-7.600000000000004,30.88125,30.684375000000003,31.078125,30.684375,-0.13082206899999999,-0.12362005599999998,-0.1380240815,-0.12360520699999998,train/episode_36__pi05_annotations_in_yuanqv_clean__dup2/images/ZED_LEFT/ZED_LEFT_20260206_124528_133108.jpg,train/episode_36__pi05_annotations_in_yuanqv_clean__dup2/images/road_img/ZED_LEFT_20260206_124528_133108.jpg,0.8,0.770122,0.760606,0.770125,0.801135
20260206_124528_133108,27.407812500000002,0.19492500000000001,0.011500000000000003,-15.67,-8.100000000000001,30.9375,30.7265625,31.1484375,30.7546875,-0.12880571749999997,-0.12111473149999999,-0.13649670325,-0.122129802,train/episode_36__pi05_annotations_in_yuanqv_clean__dup2/images/ZED_LEFT/ZED_LEFT_20260206_124528_133108.jpg,train/episode_36__pi05_annotations_in_yuanqv_clean__dup2/images/road_img/ZED_LEFT_20260206_124528_133108.jpg,0.8,0.770122,0.760192,0.768890,0.801435
20260206_124528_383108,27.506250000000005,0.19799999999999993,0.012299999999999919,-15.689999999999992,-8.600000000000009,30.99375,30.76875,31.21875,30.825,-0.12678936599999993,-0.11860940699999993,-0.13496932499999995,-0.12065439699999993,train/episode_36__pi05_annotations_in_yuanqv_clean__dup2/images/ZED_LEFT/ZED_LEFT_20260206_124528_383108.jpg,train/episode_36__pi05_annotations_in_yuanqv_clean__dup2/images/road_img/ZED_LEFT_20260206_124528_383108.jpg,0.8,0.907571,0.760224,0.799312,0.807382
20260206_124528_383108,27.632812500000004,0.19369999999999996,0.007674999999999939,-15.317499999999994,-9.150000000000007,31.05,30.8109375,31.275000000000002,30.8671875,-0.12370648224999994,-0.11506147299999996,-0.13184948374999997,-0.11709722349999994,train/episode_36__pi05_annotations_in_yuanqv_clean__dup2/images/ZED_LEFT/ZED_LEFT_20260206_124528_383108.jpg,train/episode_36__pi05_annotations_in_yuanqv_clean__dup2/images/road_img/ZED_LEFT_20260206_124528_383108.jpg,0.8,0.907571,0.759951,0.821726,0.807534
20260206_124528_383108,27.759375000000002,0.18939999999999996,0.003049999999999959,-14.944999999999997,-9.700000000000005,31.10625,30.853125000000002,31.33125,30.909375,-0.12062359849999997,-0.11151353899999997,-0.12872964249999996,-0.11354004999999996,train/episode_36__pi05_annotations_in_yuanqv_clean__dup2/images/ZED_LEFT/ZED_LEFT_20260206_124528_383108.jpg,train/episode_36__pi05_annotations_in_yuanqv_clean__dup2/images/road_img/ZED_LEFT_20260206_124528_383108.jpg,0.8,0.907571,0.759468,0.838422,0.807513
20260206_124528_383108,27.8859375,0.1851,-0.0015750000000000208,-14.572499999999998,-10.250000000000004,31.1625,30.8953125,31.387500000000003,30.951562499999998,-0.11754071474999998,-0.10796560499999999,-0.12560980124999999,-0.10998287649999998,train/episode_36__pi05_annotations_in_yuanqv_clean__dup2/images/ZED_LEFT/ZED_LEFT_20260206_124528_383108.jpg,train/episode_36__pi05_annotations_in_yuanqv_clean__dup2/images/road_img/ZED_LEFT_20260206_124528_383108.jpg,0.8,0.907571,0.758731,0.851015,0.807302
20260206_124528_633108,28.0125,0.1808,-0.0062,-14.2,-10.8,31.21875,30.9375,31.44375,30.99375,-0.114457831,-0.104417671,-0.12248996,-0.106425703,train/episode_36__pi05_annotations_in_yuanqv_clean__dup2/images/ZED_LEFT/ZED_LEFT_20260206_124528_633108.jpg,train/episode_36__pi05_annotations_in_yuanqv_clean__dup2/images/road_img/ZED_LEFT_20260206_124528_633108.jpg,0.8,0.756578,0.757544,0.822772,0.820727
20260206_124528_633108,28.181250000000002,0.18005,-0.00957500000000006,-13.882499999999993,-10.75,31.2890625,30.993750000000002,31.500000000000004,31.0640625,-0.11035317724999992,-0.09988188074999992,-0.11784786224999992,-0.10236829674999992,train/episode_36__pi05_annotations_in_yuanqv_clean__dup2/images/ZED_LEFT/ZED_LEFT_20260206_124528_633108.jpg,train/episode_36__pi05_annotations_in_yuanqv_clean__dup2/images/road_img/ZED_LEFT_20260206_124528_633108.jpg,0.8,0.756578,0.755540,0.802810,0.820213
20260206_124528_633108,28.35,0.17930000000000001,-0.01295,-13.565,-10.7,31.359375,31.05,31.55625,31.134375,-0.1062485235,-0.09534609050000001,-0.1132057645,-0.0983108905,train/episode_36__pi05_annotations_in_yuanqv_clean__dup2/images/ZED_LEFT/ZED_LEFT_20260206_124528_633108.jpg,train/episode_36__pi05_annotations_in_yuanqv_clean__dup2/images/road_img/ZED_LEFT_20260206_124528_633108.jpg,0.8,0.756578,0.752699,0.788525,0.819668
20260206_124528_633108,28.518750000000004,0.17855,-0.016325000000000058,-13.247499999999993,-10.649999999999999,31.4296875,31.106250000000003,31.6125,31.2046875,-0.10214386974999992,-0.09081030024999992,-0.10856366674999993,-0.09425348424999992,train/episode_36__pi05_annotations_in_yuanqv_clean__dup2/images/ZED_LEFT/ZED_LEFT_20260206_124528_633108.jpg,train/episode_36__pi05_annotations_in_yuanqv_clean__dup2/images/road_img/ZED_LEFT_20260206_124528_633108.jpg,0.8,0.756578,0.748942,0.778077,0.819069
20260206_124528_883108,28.687500000000007,0.17779999999999974,-0.019699999999999836,-12.929999999999966,-10.599999999999973,31.499999999999996,31.1625,31.668749999999996,31.27499999999999,-0.09803921599999965,-0.08627450999999972,-0.1039215689999996,-0.09019607799999958,train/episode_36__pi05_annotations_in_yuanqv_clean__dup2/images/ZED_LEFT/ZED_LEFT_20260206_124528_883108.jpg,train/episode_36__pi05_annotations_in_yuanqv_clean__dup2/images/road_img/ZED_LEFT_20260206_124528_883108.jpg,0.8,0.873811,0.744590,0.796618,0.815770
20260206_124528_883108,28.856250000000003,0.17019999999999993,-0.015074999999999958,-11.982499999999991,-9.849999999999993,31.4015625,31.1203125,31.528125,31.120312499999997,-0.08837615524999991,-0.07859477149999992,-0.09278791999999991,-0.0786623842499999,train/episode_36__pi05_annotations_in_yuanqv_clean__dup2/images/ZED_LEFT/ZED_LEFT_20260206_124528_883108.jpg,train/episode_36__pi05_annotations_in_yuanqv_clean__dup2/images/road_img/ZED_LEFT_20260206_124528_883108.jpg,0.8,0.873811,0.741426,0.810614,0.815547
20260206_124528_883108,29.025000000000002,0.16259999999999988,-0.010449999999999918,-11.034999999999982,-9.099999999999987,31.303124999999998,31.078125,31.387499999999996,30.965624999999996,-0.07871309449999983,-0.07091503299999986,-0.0816542709999998,-0.0671286904999998,train/episode_36__pi05_annotations_in_yuanqv_clean__dup2/images/ZED_LEFT/ZED_LEFT_20260206_124528_883108.jpg,train/episode_36__pi05_annotations_in_yuanqv_clean__dup2/images/road_img/ZED_LEFT_20260206_124528_883108.jpg,0.8,0.873811,0.739419,0.821328,0.815649
20260206_124528_883108,29.193749999999998,0.15500000000000008,-0.00582500000000004,-10.08750000000001,-8.350000000000007,31.2046875,31.0359375,31.246875,30.8109375,-0.06905003375000009,-0.06323529450000007,-0.0705206220000001,-0.055594996750000104,train/episode_36__pi05_annotations_in_yuanqv_clean__dup2/images/ZED_LEFT/ZED_LEFT_20260206_124528_883108.jpg,train/episode_36__pi05_annotations_in_yuanqv_clean__dup2/images/road_img/ZED_LEFT_20260206_124528_883108.jpg,0.8,0.873811,0.738685,0.829652,0.816106
20260206_124529_133108,29.3625,0.1474,-0.0012,-9.14,-7.6,31.10625,30.99375,31.10625,30.65625,-0.059386973,-0.055555556,-0.059386973,-0.044061303,train/episode_36__pi05_annotations_in_yuanqv_clean__dup2/images/ZED_LEFT/ZED_LEFT_20260206_124529_133108.jpg,train/episode_36__pi05_annotations_in_yuanqv_clean__dup2/images/road_img/ZED_LEFT_20260206_124529_133108.jpg,0.8,0.757828,0.737702,0.806471,0.793141
20260206_124529_133108,29.475,0.1306749999999997,-0.00044999999999998654,-8.317499999999985,-7.099999999999991,30.937499999999996,30.796874999999996,30.895312499999996,30.515624999999996,-0.04972890899999983,-0.044968553749999814,-0.0483138147499998,-0.03540446774999985,train/episode_36__pi05_annotations_in_yuanqv_clean__dup2/images/ZED_LEFT/ZED_LEFT_20260206_124529_133108.jpg,train/episode_36__pi05_annotations_in_yuanqv_clean__dup2/images/road_img/ZED_LEFT_20260206_124529_133108.jpg,0.8,0.757828,0.737583,0.790109,0.794173
20260206_124529_133108,29.5875,0.11395,0.00030000000000000014,-7.495,-6.6,30.768749999999997,30.6,30.684375,30.375,-0.040070845,-0.034381551499999996,-0.0372406565,-0.0267476325,train/episode_36__pi05_annotations_in_yuanqv_clean__dup2/images/ZED_LEFT/ZED_LEFT_20260206_124529_133108.jpg,train/episode_36__pi05_annotations_in_yuanqv_clean__dup2/images/road_img/ZED_LEFT_20260206_124529_133108.jpg,0.8,0.757828,0.739520,0.778715,0.795501
20260206_124529_133108,29.700000000000003,0.0972249999999997,0.0010500000000000134,-6.672499999999985,-6.099999999999991,30.599999999999994,30.403124999999996,30.473437499999996,30.234374999999996,-0.030412780999999826,-0.02379454924999981,-0.026167498249999803,-0.018090797249999846,train/episode_36__pi05_annotations_in_yuanqv_clean__dup2/images/ZED_LEFT/ZED_LEFT_20260206_124529_133108.jpg,train/episode_36__pi05_annotations_in_yuanqv_clean__dup2/images/road_img/ZED_LEFT_20260206_124529_133108.jpg,0.8,0.757828,0.744806,0.771151,0.797260
20260206_124529_383108,29.8125,0.0805,0.0018,-5.85,-5.6,30.43125,30.20625,30.2625,30.09375,-0.020754717,-0.013207547,-0.01509434,-0.009433962,train/episode_36__pi05_annotations_in_yuanqv_clean__dup2/images/ZED_LEFT/ZED_LEFT_20260206_124529_383108.jpg,train/episode_36__pi05_annotations_in_yuanqv_clean__dup2/images/road_img/ZED_LEFT_20260206_124529_383108.jpg,0.8,0.812647,0.753614,0.777868,0.805422
20260206_124529_383108,29.939062500000002,0.07459999999999994,-0.0006750000000000219,-5.422499999999996,-5.750000000000001,30.234374999999996,30.0234375,30.121875,29.9390625,-0.010000174999999905,-0.0029483317499999096,-0.006218714249999922,-0.00011814299999991784,train/episode_36__pi05_annotations_in_yuanqv_clean__dup2/images/ZED_LEFT/ZED_LEFT_20260206_124529_383108.jpg,train/episode_36__pi05_annotations_in_yuanqv_clean__dup2/images/road_img/ZED_LEFT_20260206_124529_383108.jpg,0.8,0.812647,0.760627,0.783307,0.807444
20260206_124529_383108,30.065625000000004,0.0686999999999999,-0.003150000000000044,-4.994999999999992,-5.900000000000002,30.037499999999998,29.840625,29.981249999999996,29.784374999999997,0.0007543670000001897,0.007310883500000181,0.0026569115000001555,0.009197676000000165,train/episode_36__pi05_annotations_in_yuanqv_clean__dup2/images/ZED_LEFT/ZED_LEFT_20260206_124529_383108.jpg,train/episode_36__pi05_annotations_in_yuanqv_clean__dup2/images/road_img/ZED_LEFT_20260206_124529_383108.jpg,0.8,0.812647,0.768205,0.787824,0.809033
20260206_124529_383108,30.1921875,0.06280000000000005,-0.005624999999999977,-4.5675000000000034,-6.049999999999999,29.840625000000003,29.657812500000002,29.840625,29.629687500000003,0.0115089089999999,0.01757009874999991,0.01153253724999992,0.018513494999999915,train/episode_36__pi05_annotations_in_yuanqv_clean__dup2/images/ZED_LEFT/ZED_LEFT_20260206_124529_383108.jpg,train/episode_36__pi05_annotations_in_yuanqv_clean__dup2/images/road_img/ZED_LEFT_20260206_124529_383108.jpg,0.8,0.812647,0.775255,0.791605,0.810506
20260206_124529_633108,30.31875,0.0569,-0.0081,-4.14,-6.2,29.64375,29.475,29.7,29.475,0.022263451,0.027829314,0.020408163,0.027829314,train/episode_36__pi05_annotations_in_yuanqv_clean__dup2/images/ZED_LEFT/ZED_LEFT_20260206_124529_633108.jpg,train/episode_36__pi05_annotations_in_yuanqv_clean__dup2/images/road_img/ZED_LEFT_20260206_124529_633108.jpg,0.8,0.832842,0.783624,0.799183,0.816831
20260206_124529_633108,30.360937500000002,0.058249999999999975,-0.019574999999999794,-3.7600000000000064,-6.5999999999999925,29.615625,29.4046875,29.6859375,29.4328125,0.02453891674999996,0.03148084149999993,0.022224941499999967,0.030558332249999952,train/episode_36__pi05_annotations_in_yuanqv_clean__dup2/images/ZED_LEFT/ZED_LEFT_20260206_124529_633108.jpg,train/episode_36__pi05_annotations_in_yuanqv_clean__dup2/images/road_img/ZED_LEFT_20260206_124529_633108.jpg,0.8,0.832842,0.788250,0.804928,0.818109
20260206_124529_633108,30.403125000000003,0.0596,-0.031049999999999998,-3.38,-7.0,29.5875,29.334375,29.671875,29.390625,0.026814382499999997,0.035132369,0.024041720000000003,0.0332873505,train/episode_36__pi05_annotations_in_yuanqv_clean__dup2/images/ZED_LEFT/ZED_LEFT_20260206_124529_633108.jpg,train/episode_36__pi05_annotations_in_yuanqv_clean__dup2/images/road_img/ZED_LEFT_20260206_124529_633108.jpg,0.8,0.832842,0.791066,0.809194,0.818713
20260206_124529_633108,30.4453125,0.060950000000000025,-0.0425250000000002,-2.9999999999999933,-7.4000000000000075,29.559375,29.2640625,29.6578125,29.3484375,0.02908984825000004,0.03878389650000007,0.025858498500000035,0.03601636875000005,train/episode_36__pi05_annotations_in_yuanqv_clean__dup2/images/ZED_LEFT/ZED_LEFT_20260206_124529_633108.jpg,train/episode_36__pi05_annotations_in_yuanqv_clean__dup2/images/road_img/ZED_LEFT_20260206_124529_633108.jpg,0.8,0.832842,0.792434,0.812278,0.818796
20260206_124529_883108,30.4875,0.0623,-0.054,-2.62,-7.8,29.53125,29.19375,29.64375,29.30625,0.031365314,0.042435424,0.027675277,0.038745387,train/episode_36__pi05_annotations_in_yuanqv_clean__dup2/images/ZED_LEFT/ZED_LEFT_20260206_124529_883108.jpg,train/episode_36__pi05_annotations_in_yuanqv_clean__dup2/images/road_img/ZED_LEFT_20260206_124529_883108.jpg,0.8,0.779320,0.790995,0.803619,0.826799
20260206_124529_883108,30.515625,0.04964999999999978,-0.05650000000000004,-2.6225,-7.8500000000000005,29.5171875,29.207812500000003,29.657812500000002,29.3484375,0.03271516200000002,0.04285597975000001,0.028109399000000007,0.03825021674999999,train/episode_36__pi05_annotations_in_yuanqv_clean__dup2/images/ZED_LEFT/ZED_LEFT_20260206_124529_883108.jpg,train/episode_36__pi05_annotations_in_yuanqv_clean__dup2/images/road_img/ZED_LEFT_20260206_124529_883108.jpg,0.8,0.779320,0.798585,0.798434,0.827540
20260206_124529_883108,30.543750000000003,0.037000000000000005,-0.059,-2.625,-7.9,29.503125,29.221875,29.671875,29.390625,0.03406501,0.043276535500000005,0.028543521000000002,0.0377550465,train/episode_36__pi05_annotations_in_yuanqv_clean__dup2/images/ZED_LEFT/ZED_LEFT_20260206_124529_883108.jpg,train/episode_36__pi05_annotations_in_yuanqv_clean__dup2/images/road_img/ZED_LEFT_20260206_124529_883108.jpg,0.8,0.779320,0.808068,0.795894,0.828025
20260206_124529_883108,30.571875000000002,0.024349999999999775,-0.06150000000000005,-2.6275,-7.950000000000001,29.4890625,29.235937500000002,29.6859375,29.4328125,0.03541485800000002,0.04369709125000001,0.028977643000000008,0.03725987624999999,train/episode_36__pi05_annotations_in_yuanqv_clean__dup2/images/ZED_LEFT/ZED_LEFT_20260206_124529_883108.jpg,train/episode_36__pi05_annotations_in_yuanqv_clean__dup2/images/road_img/ZED_LEFT_20260206_124529_883108.jpg,0.8,0.779320,0.811597,0.794543,0.827454
20260206_124530_133108,30.600000000000005,0.011700000000000495,-0.06399999999999992,-2.6299999999999977,-8.000000000000009,29.475,29.249999999999996,29.699999999999996,29.474999999999998,0.0367647060000001,0.04411764700000013,0.02941176500000014,0.036764706000000175,train/episode_36__pi05_annotations_in_yuanqv_clean__dup2/images/ZED_LEFT/ZED_LEFT_20260206_124530_133108.jpg,train/episode_36__pi05_annotations_in_yuanqv_clean__dup2/images/road_img/ZED_LEFT_20260206_124530_133108.jpg,0.8,0.722825,0.803230,0.781431,0.822960
20260206_124530_133108,30.65625,0.025600000000000123,-0.06162499999999998,-2.562499999999999,-8.275000000000002,29.446875000000002,29.193749999999998,29.6296875,29.376562500000002,0.039434843250000025,0.047686775500000035,0.033463933250000036,0.041715865250000046,train/episode_36__pi05_annotations_in_yuanqv_clean__dup2/images/ZED_LEFT/ZED_LEFT_20260206_124530_133108.jpg,train/episode_36__pi05_annotations_in_yuanqv_clean__dup2/images/road_img/ZED_LEFT_20260206_124530_133108.jpg,0.8,0.722825,0.802044,0.771596,0.821541
20260206_124530_133108,30.712500000000002,0.03950000000000025,-0.059249999999999955,-2.4949999999999988,-8.550000000000004,29.41875,29.1375,29.559375,29.278125,0.04210498050000005,0.05125590400000007,0.03751610150000007,0.04666702450000009,train/episode_36__pi05_annotations_in_yuanqv_clean__dup2/images/ZED_LEFT/ZED_LEFT_20260206_124530_133108.jpg,train/episode_36__pi05_annotations_in_yuanqv_clean__dup2/images/road_img/ZED_LEFT_20260206_124530_133108.jpg,0.8,0.722825,0.807272,0.764634,0.823060
20260206_124530_133108,30.76875,0.05339999999999988,-0.05687500000000002,-2.4275000000000007,-8.824999999999998,29.390625,29.08125,29.4890625,29.1796875,0.044775117749999975,0.05482503249999997,0.04156826974999996,0.051618183749999956,train/episode_36__pi05_annotations_in_yuanqv_clean__dup2/images/ZED_LEFT/ZED_LEFT_20260206_124530_133108.jpg,train/episode_36__pi05_annotations_in_yuanqv_clean__dup2/images/road_img/ZED_LEFT_20260206_124530_133108.jpg,0.8,0.722825,0.815950,0.759818,0.826343
20260206_124530_383108,30.825,0.0673,-0.0545,-2.36,-9.1,29.3625,29.025,29.41875,29.08125,0.047445255,0.058394161,0.045620438,0.056569343,train/episode_36__pi05_annotations_in_yuanqv_clean__dup2/images/ZED_LEFT/ZED_LEFT_20260206_124530_383108.jpg,train/episode_36__pi05_annotations_in_yuanqv_clean__dup2/images/road_img/ZED_LEFT_20260206_124530_383108.jpg,0.8,0.707860,0.824826,0.751698,0.829069
20260206_124530_383108,30.88125,0.055374999999999786,-0.05232499999999996,-2.600000000000004,-9.375000000000004,29.2921875,28.982812499999998,29.3484375,29.0390625,0.05143539050000007,0.06145866425000005,0.04961387925000007,0.059637152250000054,train/episode_36__pi05_annotations_in_yuanqv_clean__dup2/images/ZED_LEFT/ZED_LEFT_20260206_124530_383108.jpg,train/episode_36__pi05_annotations_in_yuanqv_clean__dup2/images/road_img/ZED_LEFT_20260206_124530_383108.jpg,0.8,0.707860,0.825428,0.745268,0.829712
20260206_124530_383108,30.9375,0.04345,-0.05015,-2.84,-9.649999999999999,29.221875,28.940624999999997,29.278125,28.996875000000003,0.055425526,0.0645231675,0.0536073205,0.0627049615,train/episode_36__pi05_annotations_in_yuanqv_clean__dup2/images/ZED_LEFT/ZED_LEFT_20260206_124530_383108.jpg,train/episode_36__pi05_annotations_in_yuanqv_clean__dup2/images/road_img/ZED_LEFT_20260206_124530_383108.jpg,0.8,0.707860,0.824064,0.740094,0.829455
20260206_124530_383108,30.993750000000002,0.03152499999999979,-0.04797499999999996,-3.080000000000004,-9.925000000000004,29.1515625,28.8984375,29.2078125,28.954687500000002,0.05941566150000007,0.06758767075000005,0.05760076175000007,0.06577277075000006,train/episode_36__pi05_annotations_in_yuanqv_clean__dup2/images/ZED_LEFT/ZED_LEFT_20260206_124530_383108.jpg,train/episode_36__pi05_annotations_in_yuanqv_clean__dup2/images/road_img/ZED_LEFT_20260206_124530_383108.jpg,0.8,0.707860,0.821255,0.735868,0.828484
20260206_124530_633108,31.05,0.019600000000000378,-0.0457999999999998,-3.3199999999999994,-10.2,29.081249999999997,28.856249999999996,29.137499999999996,28.912499999999998,0.06340579700000012,0.07065217400000011,0.06159420300000011,0.06884058000000014,train/episode_36__pi05_annotations_in_yuanqv_clean__dup2/images/ZED_LEFT/ZED_LEFT_20260206_124530_633108.jpg,train/episode_36__pi05_annotations_in_yuanqv_clean__dup2/images/road_img/ZED_LEFT_20260206_124530_633108.jpg,0.8,0.771372,0.812810,0.748986,0.831229
20260206_124530_633108,31.0921875,0.030200000000000095,-0.04014999999999995,-3.3049999999999997,-10.174999999999999,29.0109375,28.8,29.08125,28.828125,0.06692371700000004,0.07370985125000003,0.06466412075000003,0.07280160625000004,train/episode_36__pi05_annotations_in_yuanqv_clean__dup2/images/ZED_LEFT/ZED_LEFT_20260206_124530_633108.jpg,train/episode_36__pi05_annotations_in_yuanqv_clean__dup2/images/road_img/ZED_LEFT_20260206_124530_633108.jpg,0.8,0.771372,0.806221,0.757978,0.828910
20260206_124530_633108,31.134375000000002,0.04080000000000019,-0.0344999999999999,-3.2899999999999996,-10.149999999999999,28.940625,28.74375,29.025,28.74375,0.07044163700000006,0.07676752850000006,0.06773403850000005,0.07676263250000007,train/episode_36__pi05_annotations_in_yuanqv_clean__dup2/images/ZED_LEFT/ZED_LEFT_20260206_124530_633108.jpg,train/episode_36__pi05_annotations_in_yuanqv_clean__dup2/images/road_img/ZED_LEFT_20260206_124530_633108.jpg,0.8,0.771372,0.804160,0.764320,0.828578
20260206_124530_633108,31.1765625,0.051399999999999904,-0.02885000000000005,-3.275,-10.125,28.8703125,28.6875,28.96875,28.659375,0.07395955699999997,0.07982520574999998,0.07080395624999998,0.08072365874999995,train/episode_36__pi05_annotations_in_yuanqv_clean__dup2/images/ZED_LEFT/ZED_LEFT_20260206_124530_633108.jpg,train/episode_36__pi05_annotations_in_yuanqv_clean__dup2/images/road_img/ZED_LEFT_20260206_124530_633108.jpg,0.8,0.771372,0.808103,0.769197,0.830227
20260206_124530_883108,31.21875,0.062,-0.0232,-3.26,-10.1,28.8,28.63125,28.9125,28.575,0.077477477,0.082882883,0.073873874,0.084684685,train/episode_36__pi05_annotations_in_yuanqv_clean__dup2/images/ZED_LEFT/ZED_LEFT_20260206_124530_883108.jpg,train/episode_36__pi05_annotations_in_yuanqv_clean__dup2/images/road_img/ZED_LEFT_20260206_124530_883108.jpg,0.8,0.789720,0.817870,0.777622,0.819942
20260206_124530_883108,31.246875,0.05304999999999984,-0.04210000000000033,-3.315000000000001,-10.049999999999999,28.7578125,28.5609375,28.828125,28.518749999999997,0.07965209350000005,0.08595031300000006,0.07739822425000006,0.08730166450000004,train/episode_36__pi05_annotations_in_yuanqv_clean__dup2/images/ZED_LEFT/ZED_LEFT_20260206_124530_883108.jpg,train/episode_36__pi05_annotations_in_yuanqv_clean__dup2/images/road_img/ZED_LEFT_20260206_124530_883108.jpg,0.8,0.789720,0.817593,0.783635,0.820265
20260206_124530_883108,31.275,0.0441,-0.061,-3.37,-10.0,28.715625000000003,28.490625,28.74375,28.4625,0.08182671,0.08901774300000001,0.08092257450000001,0.08991864399999999,train/episode_36__pi05_annotations_in_yuanqv_clean__dup2/images/ZED_LEFT/ZED_LEFT_20260206_124530_883108.jpg,train/episode_36__pi05_annotations_in_yuanqv_clean__dup2/images/road_img/ZED_LEFT_20260206_124530_883108.jpg,0.8,0.789720,0.810513,0.787358,0.819152
20260206_124530_883108,31.303125,0.03514999999999984,-0.07990000000000033,-3.4250000000000007,-9.95,28.673437500000002,28.4203125,28.659374999999997,28.40625,0.08400132650000004,0.09208517300000006,0.08444692475000007,0.09253562350000005,train/episode_36__pi05_annotations_in_yuanqv_clean__dup2/images/ZED_LEFT/ZED_LEFT_20260206_124530_883108.jpg,train/episode_36__pi05_annotations_in_yuanqv_clean__dup2/images/road_img/ZED_LEFT_20260206_124530_883108.jpg,0.8,0.789720,0.797613,0.788845,0.816537
20260206_124531_133108,31.33125,0.0262,-0.0988,-3.48,-9.9,28.63125,28.35,28.575,28.35,0.086175943,0.095152603,0.087971275,0.095152603,train/episode_36__pi05_annotations_in_yuanqv_clean__dup2/images/ZED_LEFT/ZED_LEFT_20260206_124531_133108.jpg,train/episode_36__pi05_annotations_in_yuanqv_clean__dup2/images/road_img/ZED_LEFT_20260206_124531_133108.jpg,0.8,0.790703,0.778842,0.788161,0.833536
20260206_124531_133108,31.176562499999996,0.024174999999999964,-0.12232500000000042,-3.3024999999999967,-10.175000000000004,28.546875,28.265625,28.518749999999997,28.2515625,0.08432060199999997,0.09334247424999997,0.08520922549999996,0.09380034974999998,train/episode_36__pi05_annotations_in_yuanqv_clean__dup2/images/ZED_LEFT/ZED_LEFT_20260206_124531_133108.jpg,train/episode_36__pi05_annotations_in_yuanqv_clean__dup2/images/road_img/ZED_LEFT_20260206_124531_133108.jpg,0.8,0.790703,0.760416,0.785690,0.828942
20260206_124531_133108,31.021874999999994,0.02214999999999993,-0.14585000000000084,-3.124999999999994,-10.45000000000001,28.4625,28.18125,28.4625,28.153125,0.08246526099999994,0.09153234549999993,0.0824471759999999,0.09244809649999995,train/episode_36__pi05_annotations_in_yuanqv_clean__dup2/images/ZED_LEFT/ZED_LEFT_20260206_124531_133108.jpg,train/episode_36__pi05_annotations_in_yuanqv_clean__dup2/images/road_img/ZED_LEFT_20260206_124531_133108.jpg,0.8,0.790703,0.741044,0.781973,0.824424
20260206_124531_133108,30.867187499999996,0.020124999999999966,-0.16937500000000041,-2.947499999999997,-10.725000000000005,28.378124999999997,28.096874999999997,28.40625,28.0546875,0.08060991999999997,0.08972221674999997,0.07968512649999995,0.09109584324999997,train/episode_36__pi05_annotations_in_yuanqv_clean__dup2/images/ZED_LEFT/ZED_LEFT_20260206_124531_133108.jpg,train/episode_36__pi05_annotations_in_yuanqv_clean__dup2/images/road_img/ZED_LEFT_20260206_124531_133108.jpg,0.8,0.790703,0.726317,0.778087,0.821389
20260206_124531_383108,30.71249999999999,0.0180999999999997,-0.19289999999999974,-2.7699999999999934,-11.000000000000046,28.293749999999996,28.012499999999996,28.349999999999998,27.956249999999997,0.07875457899999985,0.0879120879999999,0.0769230769999999,0.08974358999999989,train/episode_36__pi05_annotations_in_yuanqv_clean__dup2/images/ZED_LEFT/ZED_LEFT_20260206_124531_383108.jpg,train/episode_36__pi05_annotations_in_yuanqv_clean__dup2/images/road_img/ZED_LEFT_20260206_124531_383108.jpg,0.8,0.809247,0.747653,0.781408,0.812987
20260206_124531_383108,30.501562499999995,0.009574999999999924,-0.18599999999999994,-2.584999999999998,-12.300000000000011,28.2234375,27.9,28.251562500000002,27.8578125,0.07460265749999996,0.08523726749999998,0.07369984074999998,0.08661089399999997,train/episode_36__pi05_annotations_in_yuanqv_clean__dup2/images/ZED_LEFT/ZED_LEFT_20260206_124531_383108.jpg,train/episode_36__pi05_annotations_in_yuanqv_clean__dup2/images/road_img/ZED_LEFT_20260206_124531_383108.jpg,0.8,0.809247,0.768594,0.785745,0.817159
20260206_124531_383108,30.290624999999995,0.0010499999999998462,-0.17909999999999987,-2.399999999999997,-13.600000000000023,28.153125,27.787499999999998,28.153125,27.759375,0.07045073599999993,0.08256244699999996,0.07047660449999994,0.08347819799999995,train/episode_36__pi05_annotations_in_yuanqv_clean__dup2/images/ZED_LEFT/ZED_LEFT_20260206_124531_383108.jpg,train/episode_36__pi05_annotations_in_yuanqv_clean__dup2/images/road_img/ZED_LEFT_20260206_124531_383108.jpg,0.8,0.809247,0.774632,0.789312,0.819515
20260206_124531_383108,30.07968749999999,-0.0074750000000002315,-0.1721999999999998,-2.214999999999995,-14.900000000000034,28.082812499999996,27.674999999999997,28.0546875,27.6609375,0.06629881449999989,0.07988762649999992,0.06725336824999992,0.08034550199999992,train/episode_36__pi05_annotations_in_yuanqv_clean__dup2/images/ZED_LEFT/ZED_LEFT_20260206_124531_383108.jpg,train/episode_36__pi05_annotations_in_yuanqv_clean__dup2/images/road_img/ZED_LEFT_20260206_124531_383108.jpg,0.8,0.809247,0.771939,0.791492,0.819766
20260206_124531_633108,29.86875,-0.016,-0.1653,-2.03,-16.2,28.0125,27.5625,27.95625,27.5625,0.062146893,0.077212806,0.064030132,0.077212806,train/episode_36__pi05_annotations_in_yuanqv_clean__dup2/images/ZED_LEFT/ZED_LEFT_20260206_124531_633108.jpg,train/episode_36__pi05_annotations_in_yuanqv_clean__dup2/images/road_img/ZED_LEFT_20260206_124531_633108.jpg,0.8,0.846220,0.764736,0.800169,0.805227
20260206_124531_633108,29.840625,-0.0055749999999998145,-0.16267499999999996,-2.0725000000000007,-16.575000000000006,27.914062499999996,27.464062499999997,27.871875,27.464062499999997,0.06456858175000005,0.07964873500000004,0.06598101100000003,0.07964873500000004,train/episode_36__pi05_annotations_in_yuanqv_clean__dup2/images/ZED_LEFT/ZED_LEFT_20260206_124531_633108.jpg,train/episode_36__pi05_annotations_in_yuanqv_clean__dup2/images/road_img/ZED_LEFT_20260206_124531_633108.jpg,0.8,0.846220,0.758041,0.806257,0.804513
20260206_124531_633108,29.8125,0.00485,-0.16005,-2.115,-16.95,27.815624999999997,27.365625,27.7875,27.365625,0.0669902705,0.082084664,0.06793189,0.082084664,train/episode_36__pi05_annotations_in_yuanqv_clean__dup2/images/ZED_LEFT/ZED_LEFT_20260206_124531_633108.jpg,train/episode_36__pi05_annotations_in_yuanqv_clean__dup2/images/road_img/ZED_LEFT_20260206_124531_633108.jpg,0.8,0.846220,0.752904,0.810773,0.804404
20260206_124531_633108,29.784375,0.015275000000000184,-0.15742499999999995,-2.1575000000000006,-17.325000000000006,27.717187499999998,27.2671875,27.703124999999996,27.2671875,0.06941195925000004,0.08452059300000003,0.06988276900000004,0.08452059300000003,train/episode_36__pi05_annotations_in_yuanqv_clean__dup2/images/ZED_LEFT/ZED_LEFT_20260206_124531_633108.jpg,train/episode_36__pi05_annotations_in_yuanqv_clean__dup2/images/road_img/ZED_LEFT_20260206_124531_633108.jpg,0.8,0.846220,0.750728,0.814448,0.804889
20260206_124531_883108,29.756249999999998,0.025699999999999956,-0.15479999999999935,-2.2000000000000024,-17.70000000000003,27.618749999999995,27.168749999999996,27.618749999999995,27.168749999999996,0.07183364799999999,0.08695652200000001,0.07183364799999999,0.086956522,train/episode_36__pi05_annotations_in_yuanqv_clean__dup2/images/ZED_LEFT/ZED_LEFT_20260206_124531_883108.jpg,train/episode_36__pi05_annotations_in_yuanqv_clean__dup2/images/road_img/ZED_LEFT_20260206_124531_883108.jpg,0.8,0.773650,0.751244,0.800426,0.814191
20260206_124531_883108,29.657812500000002,0.02442499999999999,-0.13649999999999984,-2.267500000000001,-18.65000000000001,27.534374999999997,27.0703125,27.534374999999997,27.084374999999998,0.0715955425,0.08724804275,0.0715955425,0.08676911575,train/episode_36__pi05_annotations_in_yuanqv_clean__dup2/images/ZED_LEFT/ZED_LEFT_20260206_124531_883108.jpg,train/episode_36__pi05_annotations_in_yuanqv_clean__dup2/images/road_img/ZED_LEFT_20260206_124531_883108.jpg,0.8,0.773650,0.755024,0.790787,0.815649
20260206_124531_883108,29.559375,0.023149999999999976,-0.11819999999999967,-2.3350000000000013,-19.600000000000016,27.45,26.971874999999997,27.45,27.0,0.071357437,0.0875395635,0.071357437,0.08658170949999999,train/episode_36__pi05_annotations_in_yuanqv_clean__dup2/images/ZED_LEFT/ZED_LEFT_20260206_124531_883108.jpg,train/episode_36__pi05_annotations_in_yuanqv_clean__dup2/images/road_img/ZED_LEFT_20260206_124531_883108.jpg,0.8,0.773650,0.768937,0.785199,0.818568
20260206_124531_883108,29.4609375,0.021875000000000012,-0.09990000000000016,-2.4024999999999994,-20.54999999999999,27.365625,26.8734375,27.365625,26.915625000000002,0.07111933150000001,0.08783108425,0.07111933150000001,0.08639430325,train/episode_36__pi05_annotations_in_yuanqv_clean__dup2/images/ZED_LEFT/ZED_LEFT_20260206_124531_883108.jpg,train/episode_36__pi05_annotations_in_yuanqv_clean__dup2/images/road_img/ZED_LEFT_20260206_124531_883108.jpg,0.8,0.773650,0.790713,0.783445,0.822018
20260206_124532_133108,29.3625,0.0206,-0.0816,-2.47,-21.5,27.28125,26.775,27.28125,26.83125,0.070881226,0.088122605,0.070881226,0.086206897,train/episode_36__pi05_annotations_in_yuanqv_clean__dup2/images/ZED_LEFT/ZED_LEFT_20260206_124532_133108.jpg,train/episode_36__pi05_annotations_in_yuanqv_clean__dup2/images/road_img/ZED_LEFT_20260206_124532_133108.jpg,0.8,0.839601,0.810222,0.797268,0.821442
20260206_124532_133108,29.3625,0.02222500000000003,-0.08532500000000007,-2.299999999999997,-21.875000000000007,27.182812499999997,26.718749999999996,27.224999999999998,26.732812499999998,0.07423371650000006,0.09003831400000004,0.07279693475000004,0.08955938725000007,train/episode_36__pi05_annotations_in_yuanqv_clean__dup2/images/ZED_LEFT/ZED_LEFT_20260206_124532_133108.jpg,train/episode_36__pi05_annotations_in_yuanqv_clean__dup2/images/road_img/ZED_LEFT_20260206_124532_133108.jpg,0.8,0.839601,0.817925,0.807654,0.822564
20260206_124532_133108,29.3625,0.02385,-0.08905,-2.13,-22.25,27.084375,26.6625,27.16875,26.634375,0.077586207,0.09195402300000001,0.07471264350000001,0.0929118775,train/episode_36__pi05_annotations_in_yuanqv_clean__dup2/images/ZED_LEFT/ZED_LEFT_20260206_124532_133108.jpg,train/episode_36__pi05_annotations_in_yuanqv_clean__dup2/images/road_img/ZED_LEFT_20260206_124532_133108.jpg,0.8,0.839601,0.821675,0.815252,0.823038
20260206_124532_133108,29.3625,0.02547500000000003,-0.09277500000000007,-1.959999999999997,-22.625000000000007,26.9859375,26.60625,27.112499999999997,26.5359375,0.08093869750000006,0.09386973200000004,0.07662835225000003,0.09626436775000007,train/episode_36__pi05_annotations_in_yuanqv_clean__dup2/images/ZED_LEFT/ZED_LEFT_20260206_124532_133108.jpg,train/episode_36__pi05_annotations_in_yuanqv_clean__dup2/images/road_img/ZED_LEFT_20260206_124532_133108.jpg,0.8,0.839601,0.822321,0.820576,0.823116
20260206_124532_383108,29.3625,0.0271,-0.0965,-1.79,-23.0,26.8875,26.55,27.05625,26.4375,0.084291188,0.095785441,0.078544061,0.099616858,train/episode_36__pi05_annotations_in_yuanqv_clean__dup2/images/ZED_LEFT/ZED_LEFT_20260206_124532_383108.jpg,train/episode_36__pi05_annotations_in_yuanqv_clean__dup2/images/road_img/ZED_LEFT_20260206_124532_383108.jpg,0.8,0.799010,0.819675,0.816533,0.812521
20260206_124532_383108,29.334375,0.030525000000000063,-0.0913499999999999,-1.955000000000003,-24.02500000000002,26.8171875,26.4234375,26.9578125,26.3671875,0.08581454475000003,0.09924292700000006,0.08102343025000004,0.10115495125000003,train/episode_36__pi05_annotations_in_yuanqv_clean__dup2/images/ZED_LEFT/ZED_LEFT_20260206_124532_383108.jpg,train/episode_36__pi05_annotations_in_yuanqv_clean__dup2/images/road_img/ZED_LEFT_20260206_124532_383108.jpg,0.8,0.799010,0.817757,0.813532,0.812267
20260206_124532_383108,29.30625,0.033950000000000126,-0.08619999999999982,-2.120000000000006,-25.050000000000036,26.746874999999996,26.296874999999996,26.859374999999996,26.296874999999996,0.08733790150000005,0.10270041300000012,0.08350279950000009,0.10269304450000005,train/episode_36__pi05_annotations_in_yuanqv_clean__dup2/images/ZED_LEFT/ZED_LEFT_20260206_124532_383108.jpg,train/episode_36__pi05_annotations_in_yuanqv_clean__dup2/images/road_img/ZED_LEFT_20260206_124532_383108.jpg,0.8,0.799010,0.817059,0.811396,0.812121
20260206_124532_383108,29.278125,0.03737500000000006,-0.0810499999999999,-2.285000000000003,-26.07500000000002,26.6765625,26.170312499999998,26.7609375,26.2265625,0.08886125825000003,0.10615789900000006,0.08598216875000005,0.10423113775000004,train/episode_36__pi05_annotations_in_yuanqv_clean__dup2/images/ZED_LEFT/ZED_LEFT_20260206_124532_383108.jpg,train/episode_36__pi05_annotations_in_yuanqv_clean__dup2/images/road_img/ZED_LEFT_20260206_124532_383108.jpg,0.8,0.799010,0.817214,0.809964,0.812085
20260206_124532_633108,29.249999999999996,0.040799999999999906,-0.07590000000000019,-2.4500000000000055,-27.100000000000062,26.60625,26.04375,26.6625,26.15625,0.09038461499999988,0.10961538499999991,0.08846153799999988,0.10576923099999996,train/episode_36__pi05_annotations_in_yuanqv_clean__dup2/images/ZED_LEFT/ZED_LEFT_20260206_124532_633108.jpg,train/episode_36__pi05_annotations_in_yuanqv_clean__dup2/images/road_img/ZED_LEFT_20260206_124532_633108.jpg,0.8,0.858198,0.817904,0.819451,0.810859
20260206_124532_633108,29.1796875,0.038024999999999975,-0.08122500000000005,-2.6025000000000014,-28.825000000000017,26.6484375,26.04375,26.704687500000002,26.128125,0.08672049999999996,0.10745425724999998,0.08479275549999997,0.10456964175,train/episode_36__pi05_annotations_in_yuanqv_clean__dup2/images/ZED_LEFT/ZED_LEFT_20260206_124532_633108.jpg,train/episode_36__pi05_annotations_in_yuanqv_clean__dup2/images/road_img/ZED_LEFT_20260206_124532_633108.jpg,0.8,0.858198,0.818020,0.826171,0.810883
20260206_124532_633108,29.109375,0.035249999999999955,-0.08655000000000009,-2.7550000000000026,-30.550000000000033,26.690625,26.04375,26.746875000000003,26.099999999999998,0.08305638499999994,0.10529312949999996,0.08112397299999993,0.10337005249999998,train/episode_36__pi05_annotations_in_yuanqv_clean__dup2/images/ZED_LEFT/ZED_LEFT_20260206_124532_633108.jpg,train/episode_36__pi05_annotations_in_yuanqv_clean__dup2/images/road_img/ZED_LEFT_20260206_124532_633108.jpg,0.8,0.858198,0.817637,0.830889,0.810788
20260206_124532_633108,29.039062499999996,0.03247499999999993,-0.09187500000000014,-2.907500000000004,-32.27500000000005,26.7328125,26.04375,26.789062500000004,26.071875,0.0793922699999999,0.10313200174999994,0.0774551904999999,0.10217046324999997,train/episode_36__pi05_annotations_in_yuanqv_clean__dup2/images/ZED_LEFT/ZED_LEFT_20260206_124532_633108.jpg,train/episode_36__pi05_annotations_in_yuanqv_clean__dup2/images/road_img/ZED_LEFT_20260206_124532_633108.jpg,0.8,0.858198,0.816703,0.834142,0.810554
20260206_124532_883108,28.96875,0.0297,-0.0972,-3.06,-34.0,26.775,26.04375,26.83125,26.04375,0.075728155,0.100970874,0.073786408,0.100970874,train/episode_36__pi05_annotations_in_yuanqv_clean__dup2/images/ZED_LEFT/ZED_LEFT_20260206_124532_883108.jpg,train/episode_36__pi05_annotations_in_yuanqv_clean__dup2/images/road_img/ZED_LEFT_20260206_124532_883108.jpg,0.8,0.782153,0.815227,0.822487,0.810436
20260206_124532_883108,28.940625,0.03315000000000006,-0.10370000000000011,-3.007499999999999,-34.65000000000001,26.760937499999997,26.04375,26.8171875,26.029687499999998,0.07531463475,0.10009462724999998,0.073370995,0.10058195674999999,train/episode_36__pi05_annotations_in_yuanqv_clean__dup2/images/ZED_LEFT/ZED_LEFT_20260206_124532_883108.jpg,train/episode_36__pi05_annotations_in_yuanqv_clean__dup2/images/road_img/ZED_LEFT_20260206_124532_883108.jpg,0.8,0.782153,0.813839,0.814175,0.810014
20260206_124532_883108,28.9125,0.0366,-0.11019999999999999,-2.955,-35.3,26.746875,26.04375,26.803125,26.015625,0.0749011145,0.09921838050000001,0.07295558199999999,0.1001930395,train/episode_36__pi05_annotations_in_yuanqv_clean__dup2/images/ZED_LEFT/ZED_LEFT_20260206_124532_883108.jpg,train/episode_36__pi05_annotations_in_yuanqv_clean__dup2/images/road_img/ZED_LEFT_20260206_124532_883108.jpg,0.8,0.782153,0.812648,0.808232,0.809686
20260206_124532_883108,28.884375,0.04005000000000006,-0.11670000000000011,-2.902499999999999,-35.95000000000001,26.732812499999998,26.04375,26.7890625,26.0015625,0.07448759425,0.09834213374999999,0.07254016899999999,0.09980412225,train/episode_36__pi05_annotations_in_yuanqv_clean__dup2/images/ZED_LEFT/ZED_LEFT_20260206_124532_883108.jpg,train/episode_36__pi05_annotations_in_yuanqv_clean__dup2/images/road_img/ZED_LEFT_20260206_124532_883108.jpg,0.8,0.782153,0.811574,0.803962,0.809503
20260206_124533_133108,28.85625,0.04349999999999957,-0.12319999999999981,-2.850000000000003,-36.600000000000016,26.718749999999996,26.043749999999996,26.774999999999995,25.987499999999994,0.0740740740000001,0.09746588700000011,0.07212475600000011,0.09941520500000015,train/episode_36__pi05_annotations_in_yuanqv_clean__dup2/images/ZED_LEFT/ZED_LEFT_20260206_124533_133108.jpg,train/episode_36__pi05_annotations_in_yuanqv_clean__dup2/images/road_img/ZED_LEFT_20260206_124533_133108.jpg,0.8,0.830212,0.810443,0.809402,0.814185
20260206_124533_133108,28.8140625,0.03129999999999989,-0.11762499999999995,-2.932500000000001,-37.10000000000001,26.60625,25.917187499999997,26.648437499999996,25.8328125,0.07663398675000002,0.10055039575000002,0.07517199825000002,0.10348297250000005,train/episode_36__pi05_annotations_in_yuanqv_clean__dup2/images/ZED_LEFT/ZED_LEFT_20260206_124533_133108.jpg,train/episode_36__pi05_annotations_in_yuanqv_clean__dup2/images/road_img/ZED_LEFT_20260206_124533_133108.jpg,0.8,0.830212,0.809005,0.812994,0.813909
20260206_124533_133108,28.771874999999998,0.01909999999999978,-0.1120499999999999,-3.0150000000000015,-37.60000000000001,26.49375,25.790625,26.521874999999998,25.678124999999998,0.07919389950000005,0.10363490450000006,0.07821924050000005,0.10755074000000008,train/episode_36__pi05_annotations_in_yuanqv_clean__dup2/images/ZED_LEFT/ZED_LEFT_20260206_124533_133108.jpg,train/episode_36__pi05_annotations_in_yuanqv_clean__dup2/images/road_img/ZED_LEFT_20260206_124533_133108.jpg,0.8,0.830212,0.807286,0.815261,0.813412
20260206_124533_133108,28.7296875,0.0069000000000001074,-0.10647500000000006,-3.0974999999999993,-38.099999999999994,26.38125,25.664062500000004,26.395312500000003,25.5234375,0.08175381224999999,0.10671941324999998,0.08126648274999998,0.11161850749999996,train/episode_36__pi05_annotations_in_yuanqv_clean__dup2/images/ZED_LEFT/ZED_LEFT_20260206_124533_133108.jpg,train/episode_36__pi05_annotations_in_yuanqv_clean__dup2/images/road_img/ZED_LEFT_20260206_124533_133108.jpg,0.8,0.830212,0.804543,0.816483,0.812448
20260206_124533_383108,28.6875,-0.0053,-0.1009,-3.18,-38.6,26.26875,25.5375,26.26875,25.36875,0.084313725,0.109803922,0.084313725,0.115686275,train/episode_36__pi05_annotations_in_yuanqv_clean__dup2/images/ZED_LEFT/ZED_LEFT_20260206_124533_383108.jpg,train/episode_36__pi05_annotations_in_yuanqv_clean__dup2/images/road_img/ZED_LEFT_20260206_124533_383108.jpg,0.8,0.774163,0.799062,0.806973,0.817490
20260206_124533_383108,28.603125,0.011650000000000302,-0.09729999999999994,-3.0474999999999977,-38.775000000000006,26.128124999999997,25.396874999999998,26.114062499999996,25.242187499999996,0.08654878575000005,0.11211484625000004,0.08704481750000005,0.11751867450000003,train/episode_36__pi05_annotations_in_yuanqv_clean__dup2/images/ZED_LEFT/ZED_LEFT_20260206_124533_383108.jpg,train/episode_36__pi05_annotations_in_yuanqv_clean__dup2/images/road_img/ZED_LEFT_20260206_124533_383108.jpg,0.8,0.774163,0.796824,0.800055,0.816847
20260206_124533_383108,28.51875,0.0286,-0.0937,-2.915,-38.95,25.9875,25.25625,25.959375,25.115625,0.08878384650000001,0.1144257705,0.08977591,0.119351074,train/episode_36__pi05_annotations_in_yuanqv_clean__dup2/images/ZED_LEFT/ZED_LEFT_20260206_124533_383108.jpg,train/episode_36__pi05_annotations_in_yuanqv_clean__dup2/images/road_img/ZED_LEFT_20260206_124533_383108.jpg,0.8,0.774163,0.798658,0.795466,0.817454
20260206_124533_383108,28.434375,0.0455500000000003,-0.09009999999999993,-2.7824999999999975,-39.125,25.846874999999997,25.115624999999998,25.804687499999996,24.9890625,0.09101890725000004,0.11673669475000004,0.09250700250000005,0.12118347350000003,train/episode_36__pi05_annotations_in_yuanqv_clean__dup2/images/ZED_LEFT/ZED_LEFT_20260206_124533_383108.jpg,train/episode_36__pi05_annotations_in_yuanqv_clean__dup2/images/road_img/ZED_LEFT_20260206_124533_383108.jpg,0.8,0.774163,0.803452,0.792868,0.818943
20260206_124533_633108,28.35,0.0625,-0.0865,-2.65,-39.3,25.70625,24.975,25.65,24.8625,0.093253968,0.119047619,0.095238095,0.123015873,train/episode_36__pi05_annotations_in_yuanqv_clean__dup2/images/ZED_LEFT/ZED_LEFT_20260206_124533_633108.jpg,train/episode_36__pi05_annotations_in_yuanqv_clean__dup2/images/road_img/ZED_LEFT_20260206_124533_633108.jpg,0.8,0.787412,0.808966,0.794048,0.811632
20260206_124533_633108,28.265625,0.05464999999999986,-0.0982750000000002,-2.8125000000000027,-39.275,25.59375,24.834374999999998,25.509374999999995,24.721874999999997,0.09453886950000003,0.12141422825000003,0.09753298900000004,0.12539443475000003,train/episode_36__pi05_annotations_in_yuanqv_clean__dup2/images/ZED_LEFT/ZED_LEFT_20260206_124533_633108.jpg,train/episode_36__pi05_annotations_in_yuanqv_clean__dup2/images/road_img/ZED_LEFT_20260206_124533_633108.jpg,0.8,0.787412,0.810419,0.795082,0.812127
20260206_124533_633108,28.18125,0.04679999999999972,-0.11005000000000041,-2.975000000000006,-39.25,25.481249999999996,24.693749999999998,25.368749999999995,24.581249999999997,0.09582377100000004,0.12378083750000007,0.09982788300000008,0.1277729965000001,train/episode_36__pi05_annotations_in_yuanqv_clean__dup2/images/ZED_LEFT/ZED_LEFT_20260206_124533_633108.jpg,train/episode_36__pi05_annotations_in_yuanqv_clean__dup2/images/road_img/ZED_LEFT_20260206_124533_633108.jpg,0.8,0.787412,0.809310,0.795680,0.812084
20260206_124533_633108,28.096874999999997,0.03894999999999986,-0.12182500000000021,-3.137500000000003,-39.225,25.36875,24.553124999999998,25.228124999999995,24.440624999999997,0.09710867250000002,0.12614744675000003,0.10212277700000004,0.13015155825000005,train/episode_36__pi05_annotations_in_yuanqv_clean__dup2/images/ZED_LEFT/ZED_LEFT_20260206_124533_633108.jpg,train/episode_36__pi05_annotations_in_yuanqv_clean__dup2/images/road_img/ZED_LEFT_20260206_124533_633108.jpg,0.8,0.787412,0.806159,0.795707,0.811670
20260206_124533_883108,28.012499999999996,0.031100000000000353,-0.13359999999999986,-3.300000000000005,-39.199999999999896,25.256249999999994,24.412499999999994,25.08749999999999,24.299999999999994,0.09839357400000022,0.12851405600000015,0.10441767100000016,0.13253012000000014,train/episode_36__pi05_annotations_in_yuanqv_clean__dup2/images/ZED_LEFT/ZED_LEFT_20260206_124533_883108.jpg,train/episode_36__pi05_annotations_in_yuanqv_clean__dup2/images/road_img/ZED_LEFT_20260206_124533_883108.jpg,0.8,0.779574,0.801135,0.793768,0.812097
20260206_124533_883108,27.95625,0.04110000000000009,-0.12944999999999995,-3.4525000000000015,-36.22499999999997,25.03125,24.24375,24.91875,24.1453125,0.10466562575000005,0.13282278900000002,0.10867762575000003,0.13634090975000004,train/episode_36__pi05_annotations_in_yuanqv_clean__dup2/images/ZED_LEFT/ZED_LEFT_20260206_124533_883108.jpg,train/episode_36__pi05_annotations_in_yuanqv_clean__dup2/images/road_img/ZED_LEFT_20260206_124533_883108.jpg,0.8,0.779574,0.795813,0.791720,0.811258
20260206_124533_883108,27.9,0.05110000000000017,-0.12529999999999994,-3.6050000000000026,-33.24999999999995,24.806249999999995,24.075,24.749999999999996,23.990624999999998,0.11093767750000011,0.13713152200000006,0.11293758050000008,0.14015169950000006,train/episode_36__pi05_annotations_in_yuanqv_clean__dup2/images/ZED_LEFT/ZED_LEFT_20260206_124533_883108.jpg,train/episode_36__pi05_annotations_in_yuanqv_clean__dup2/images/road_img/ZED_LEFT_20260206_124533_883108.jpg,0.8,0.779574,0.790944,0.789651,0.810769
20260206_124533_883108,27.84375,0.061100000000000265,-0.1211499999999999,-3.7575000000000043,-30.27499999999992,24.581249999999994,23.906249999999996,24.581249999999997,23.835937499999996,0.11720972925000017,0.1414402550000001,0.11719753525000011,0.1439624892500001,train/episode_36__pi05_annotations_in_yuanqv_clean__dup2/images/ZED_LEFT/ZED_LEFT_20260206_124533_883108.jpg,train/episode_36__pi05_annotations_in_yuanqv_clean__dup2/images/road_img/ZED_LEFT_20260206_124533_883108.jpg,0.8,0.779574,0.786560,0.787616,0.810685
20260206_124534_133108,27.7875,0.0711,-0.117,-3.91,-27.3,24.35625,23.7375,24.4125,23.68125,0.123481781,0.145748988,0.12145749,0.147773279,train/episode_36__pi05_annotations_in_yuanqv_clean__dup2/images/ZED_LEFT/ZED_LEFT_20260206_124534_133108.jpg,train/episode_36__pi05_annotations_in_yuanqv_clean__dup2/images/road_img/ZED_LEFT_20260206_124534_133108.jpg,0.8,0.779382,0.783433,0.785731,0.799686
