id,speed_kmh,ax_g,ay_g,yaw_rate_dps,steering_angle_deg,wheel_fl_kmh,wheel_fr_kmh,wheel_rl_kmh,wheel_rr_kmh,slip_fl,slip_fr,slip_rl,slip_rr,image_path,road_image_path,rac,img,dyn,decision,feature
20260206_124535_230998,23.56875,-0.0313,-0.0395,7.37,57.2,23.23125,24.01875,23.45625,24.01875,0.014319809,-0.019093079,0.00477327,-0.019093079,train/episode_37__pi05_annotations_in_yuanqv_clean/images/ZED_LEFT/ZED_LEFT_20260206_124535_230998.jpg,train/episode_37__pi05_annotations_in_yuanqv_clean/images/road_img/ZED_LEFT_20260206_124535_230998.jpg,0.8,0.727457,nan,0.727457,nan
20260206_124535_230998,23.610937500000002,-0.05965,-0.037775,7.5775,54.125,23.315625,24.075,23.4984375,24.1171875,0.012517107999999999,-0.019651562749999997,0.0047647865,-0.021428813999999997,train/episode_37__pi05_annotations_in_yuanqv_clean/images/ZED_LEFT/ZED_LEFT_20260206_124535_230998.jpg,train/episode_37__pi05_annotations_in_yuanqv_clean/images/road_img/ZED_LEFT_20260206_124535_230998.jpg,0.8,0.727457,nan,0.727457,nan
20260206_124535_230998,23.653125000000003,-0.088,-0.03605,7.785,51.05,23.4,24.13125,23.540625,24.215625000000003,0.010714407,-0.0202100465,0.004756303,-0.023764549,train/episode_37__pi05_annotations_in_yuanqv_clean/images/ZED_LEFT/ZED_LEFT_20260206_124535_230998.jpg,train/episode_37__pi05_annotations_in_yuanqv_clean/images/road_img/ZED_LEFT_20260206_124535_230998.jpg,0.8,0.727457,nan,0.727457,nan
20260206_124535_230998,23.6953125,-0.11635000000000001,-0.034324999999999994,7.9925,47.974999999999994,23.484375,24.1875,23.5828125,24.314062500000002,0.008911705999999998,-0.02076853025,0.0047478195,-0.026100284,train/episode_37__pi05_annotations_in_yuanqv_clean/images/ZED_LEFT/ZED_LEFT_20260206_124535_230998.jpg,train/episode_37__pi05_annotations_in_yuanqv_clean/images/road_img/ZED_LEFT_20260206_124535_230998.jpg,0.8,0.727457,0.792653,0.738427,0.773429
20260206_124535_480998,23.7375,-0.1447,-0.0326,8.2,44.9,23.56875,24.24375,23.625,24.4125,0.007109005,-0.021327014,0.004739336,-0.028436019,train/episode_37__pi05_annotations_in_yuanqv_clean/images/ZED_LEFT/ZED_LEFT_20260206_124535_480998.jpg,train/episode_37__pi05_annotations_in_yuanqv_clean/images/road_img/ZED_LEFT_20260206_124535_480998.jpg,0.8,0.760804,0.798339,0.751246,0.794019
20260206_124535_480998,23.8078125,-0.11725000000000001,-0.03035,7.46,37.75,23.6953125,24.271874999999998,23.79375,24.4125,0.00474627375,-0.019508141,0.0006271015000000012,-0.025425375,train/episode_37__pi05_annotations_in_yuanqv_clean/images/ZED_LEFT/ZED_LEFT_20260206_124535_480998.jpg,train/episode_37__pi05_annotations_in_yuanqv_clean/images/road_img/ZED_LEFT_20260206_124535_480998.jpg,0.8,0.760804,0.802257,0.760620,0.795175
20260206_124535_480998,23.878125,-0.08979999999999999,-0.028099999999999997,6.719999999999999,30.599999999999994,23.821875000000002,24.3,23.962500000000002,24.4125,0.0023835424999999986,-0.017689267999999998,-0.0034851330000000014,-0.022414731,train/episode_37__pi05_annotations_in_yuanqv_clean/images/ZED_LEFT/ZED_LEFT_20260206_124535_480998.jpg,train/episode_37__pi05_annotations_in_yuanqv_clean/images/road_img/ZED_LEFT_20260206_124535_480998.jpg,0.8,0.760804,0.802850,0.767053,0.796362
20260206_124535_480998,23.9484375,-0.06234999999999999,-0.025849999999999998,5.9799999999999995,23.45,23.9484375,24.328125,24.13125,24.4125,2.0811249999999788e-05,-0.015870395,-0.0075973675000000004,-0.019404087,train/episode_37__pi05_annotations_in_yuanqv_clean/images/ZED_LEFT/ZED_LEFT_20260206_124535_480998.jpg,train/episode_37__pi05_annotations_in_yuanqv_clean/images/road_img/ZED_LEFT_20260206_124535_480998.jpg,0.8,0.760804,0.801887,0.771223,0.797627
20260206_124535_730998,24.01875,-0.0349,-0.0236,5.24,16.3,24.075,24.35625,24.3,24.4125,-0.00234192,-0.014051522,-0.011709602,-0.016393443,train/episode_37__pi05_annotations_in_yuanqv_clean/images/ZED_LEFT/ZED_LEFT_20260206_124535_730998.jpg,train/episode_37__pi05_annotations_in_yuanqv_clean/images/road_img/ZED_LEFT_20260206_124535_730998.jpg,0.8,0.828614,0.797032,0.783869,0.797772
20260206_124535_730998,24.13125,-0.037775,-0.0309,4.055,9.9,24.1875,24.3421875,24.3703125,24.3984375,-0.00233115275,-0.008814503500000001,-0.00993162675,-0.011145657,train/episode_37__pi05_annotations_in_yuanqv_clean/images/ZED_LEFT/ZED_LEFT_20260206_124535_730998.jpg,train/episode_37__pi05_annotations_in_yuanqv_clean/images/road_img/ZED_LEFT_20260206_124535_730998.jpg,0.8,0.828614,0.787184,0.791459,0.797731
20260206_124535_730998,24.24375,-0.04065,-0.0382,2.87,3.5,24.299999999999997,24.328125,24.440625,24.384375,-0.0023203855,-0.003577485,-0.0081536515,-0.005897871000000001,train/episode_37__pi05_annotations_in_yuanqv_clean/images/ZED_LEFT/ZED_LEFT_20260206_124535_730998.jpg,train/episode_37__pi05_annotations_in_yuanqv_clean/images/road_img/ZED_LEFT_20260206_124535_730998.jpg,0.8,0.828614,0.774798,0.795339,0.797146
20260206_124535_730998,24.35625,-0.043525,-0.04550000000000001,1.6849999999999987,-2.9000000000000057,24.412499999999998,24.3140625,24.5109375,24.3703125,-0.00230961825,0.0016595335000000044,-0.0063756762499999975,-0.0006500849999999947,train/episode_37__pi05_annotations_in_yuanqv_clean/images/ZED_LEFT/ZED_LEFT_20260206_124535_730998.jpg,train/episode_37__pi05_annotations_in_yuanqv_clean/images/road_img/ZED_LEFT_20260206_124535_730998.jpg,0.8,0.828614,0.764452,0.797110,0.796330
20260206_124535_980998,24.46875,-0.046399999999999955,-0.05279999999999999,0.4999999999999981,-9.300000000000008,24.525,24.3,24.58125,24.35625,-0.00229885100000001,0.006896551999999997,-0.004597701000000006,0.004597700999999994,train/episode_37__pi05_annotations_in_yuanqv_clean/images/ZED_LEFT/ZED_LEFT_20260206_124535_980998.jpg,train/episode_37__pi05_annotations_in_yuanqv_clean/images/road_img/ZED_LEFT_20260206_124535_980998.jpg,0.8,0.832008,0.758524,0.798765,0.810045
20260206_124535_980998,24.4828125,-0.027824999999999985,-0.05005,-0.34250000000000047,-12.700000000000003,24.6515625,24.35625,24.665625000000002,24.440625,-0.006884688750000002,0.005172413999999999,-0.007462037250000001,0.0017280922499999982,train/episode_37__pi05_annotations_in_yuanqv_clean/images/ZED_LEFT/ZED_LEFT_20260206_124535_980998.jpg,train/episode_37__pi05_annotations_in_yuanqv_clean/images/road_img/ZED_LEFT_20260206_124535_980998.jpg,0.8,0.832008,0.755810,0.800185,0.809413
20260206_124535_980998,24.496875,-0.009249999999999974,-0.047299999999999995,-1.185000000000001,-16.100000000000005,24.778125,24.4125,24.75,24.525000000000002,-0.011470526500000005,0.0034482759999999984,-0.010326373500000003,-0.0011415165000000036,train/episode_37__pi05_annotations_in_yuanqv_clean/images/ZED_LEFT/ZED_LEFT_20260206_124535_980998.jpg,train/episode_37__pi05_annotations_in_yuanqv_clean/images/road_img/ZED_LEFT_20260206_124535_980998.jpg,0.8,0.832008,0.752892,0.801442,0.808860
20260206_124535_980998,24.510937499999997,0.009324999999999993,-0.04455,-2.0274999999999994,-19.5,24.904687499999998,24.46875,24.834374999999998,24.609375,-0.016056364249999996,0.0017241380000000018,-0.013190709749999998,-0.004011125249999998,train/episode_37__pi05_annotations_in_yuanqv_clean/images/ZED_LEFT/ZED_LEFT_20260206_124535_980998.jpg,train/episode_37__pi05_annotations_in_yuanqv_clean/images/road_img/ZED_LEFT_20260206_124535_980998.jpg,0.8,0.832008,0.746678,0.802340,0.808693
20260206_124536_230998,24.525,0.0279,-0.0418,-2.87,-22.9,25.03125,24.525,24.91875,24.69375,-0.020642202,0.0,-0.016055046,-0.006880734,train/episode_37__pi05_annotations_in_yuanqv_clean/images/ZED_LEFT/ZED_LEFT_20260206_124536_230998.jpg,train/episode_37__pi05_annotations_in_yuanqv_clean/images/road_img/ZED_LEFT_20260206_124536_230998.jpg,0.8,0.795375,0.734301,0.794494,0.817967
20260206_124536_230998,24.58125,0.029975000000000005,-0.03587499999999999,-3.0975,-25.200000000000003,25.087500000000002,24.58125,25.0734375,24.6515625,-0.02059528775,0.0,-0.019995830000000006,-0.002887823249999996,train/episode_37__pi05_annotations_in_yuanqv_clean/images/ZED_LEFT/ZED_LEFT_20260206_124536_230998.jpg,train/episode_37__pi05_annotations_in_yuanqv_clean/images/road_img/ZED_LEFT_20260206_124536_230998.jpg,0.8,0.795375,0.727399,0.788600,0.817793
20260206_124536_230998,24.6375,0.03205,-0.029949999999999997,-3.325,-27.5,25.14375,24.6375,25.228125,24.609375,-0.0205483735,0.0,-0.023936614000000002,0.0011050875,train/episode_37__pi05_annotations_in_yuanqv_clean/images/ZED_LEFT/ZED_LEFT_20260206_124536_230998.jpg,train/episode_37__pi05_annotations_in_yuanqv_clean/images/road_img/ZED_LEFT_20260206_124536_230998.jpg,0.8,0.795375,0.727261,0.784688,0.818054
20260206_124536_230998,24.69375,0.034125,-0.024024999999999994,-3.5525,-29.800000000000004,25.200000000000003,24.69375,25.3828125,24.5671875,-0.02050145925,0.0,-0.027877398000000005,0.005097998250000005,train/episode_37__pi05_annotations_in_yuanqv_clean/images/ZED_LEFT/ZED_LEFT_20260206_124536_230998.jpg,train/episode_37__pi05_annotations_in_yuanqv_clean/images/road_img/ZED_LEFT_20260206_124536_230998.jpg,0.8,0.795375,0.732750,0.782554,0.818792
20260206_124536_480998,24.75,0.0362,-0.0181,-3.78,-32.1,25.25625,24.75,25.5375,24.525,-0.020454545,0.0,-0.031818182,0.009090909,train/episode_37__pi05_annotations_in_yuanqv_clean/images/ZED_LEFT/ZED_LEFT_20260206_124536_480998.jpg,train/episode_37__pi05_annotations_in_yuanqv_clean/images/road_img/ZED_LEFT_20260206_124536_480998.jpg,0.8,0.883271,0.742223,0.805095,0.830589
20260206_124536_480998,24.7921875,0.034625,-0.03410000000000002,-4.1925,-33.6,25.410937500000003,24.834375,25.6640625,24.764062499999998,-0.024934588250000007,-0.0016930022500000017,-0.03515031825000001,0.0011748409999999907,train/episode_37__pi05_annotations_in_yuanqv_clean/images/ZED_LEFT/ZED_LEFT_20260206_124536_480998.jpg,train/episode_37__pi05_annotations_in_yuanqv_clean/images/road_img/ZED_LEFT_20260206_124536_480998.jpg,0.8,0.883271,0.747466,0.821641,0.830734
20260206_124536_480998,24.834375,0.033049999999999996,-0.05010000000000003,-4.605,-35.10000000000001,25.565625,24.91875,25.790625000000002,25.003125,-0.02941463150000001,-0.0033860045000000034,-0.038482454500000006,-0.006741227000000018,train/episode_37__pi05_annotations_in_yuanqv_clean/images/ZED_LEFT/ZED_LEFT_20260206_124536_480998.jpg,train/episode_37__pi05_annotations_in_yuanqv_clean/images/road_img/ZED_LEFT_20260206_124536_480998.jpg,0.8,0.883271,0.752014,0.833914,0.830395
20260206_124536_480998,24.8765625,0.031474999999999996,-0.06610000000000005,-5.017500000000001,-36.60000000000001,25.720312500000002,25.003125,25.9171875,25.2421875,-0.03389467475000002,-0.005079006750000005,-0.041814590750000005,-0.01465729500000003,train/episode_37__pi05_annotations_in_yuanqv_clean/images/ZED_LEFT/ZED_LEFT_20260206_124536_480998.jpg,train/episode_37__pi05_annotations_in_yuanqv_clean/images/road_img/ZED_LEFT_20260206_124536_480998.jpg,0.8,0.883271,0.756434,0.843126,0.829248
20260206_124536_730998,24.91875,0.02990000000000019,-0.08209999999999998,-5.4300000000000015,-38.09999999999998,25.875,25.0875,26.04375,25.48125,-0.03837471799999999,-0.006772009,-0.04514672699999997,-0.02257336299999997,train/episode_37__pi05_annotations_in_yuanqv_clean/images/ZED_LEFT/ZED_LEFT_20260206_124536_730998.jpg,train/episode_37__pi05_annotations_in_yuanqv_clean/images/road_img/ZED_LEFT_20260206_124536_730998.jpg,0.8,0.739620,0.757336,0.813229,0.816318
20260206_124536_730998,25.0734375,0.07305000000000005,-0.076075,-5.800000000000001,-33.724999999999994,25.9453125,25.2421875,26.04375,25.48125,-0.03483830725,-0.00673098925,-0.03881599249999999,-0.01637936149999999,train/episode_37__pi05_annotations_in_yuanqv_clean/images/ZED_LEFT/ZED_LEFT_20260206_124536_730998.jpg,train/episode_37__pi05_annotations_in_yuanqv_clean/images/road_img/ZED_LEFT_20260206_124536_730998.jpg,0.8,0.739620,0.756933,0.792419,0.814448
20260206_124536_730998,25.228125000000002,0.1162000000000001,-0.07004999999999999,-6.170000000000001,-29.349999999999994,26.015625,25.396875,26.04375,25.48125,-0.031301896499999995,-0.006689969499999999,-0.03248525799999999,-0.010185359999999985,train/episode_37__pi05_annotations_in_yuanqv_clean/images/ZED_LEFT/ZED_LEFT_20260206_124536_730998.jpg,train/episode_37__pi05_annotations_in_yuanqv_clean/images/road_img/ZED_LEFT_20260206_124536_730998.jpg,0.8,0.739620,0.758335,0.778092,0.815099
20260206_124536_730998,25.3828125,0.15935000000000016,-0.06402499999999998,-6.540000000000001,-24.974999999999987,26.0859375,25.5515625,26.04375,25.48125,-0.02776548574999999,-0.00664894975,-0.02615452349999998,-0.003991358499999979,train/episode_37__pi05_annotations_in_yuanqv_clean/images/ZED_LEFT/ZED_LEFT_20260206_124536_730998.jpg,train/episode_37__pi05_annotations_in_yuanqv_clean/images/road_img/ZED_LEFT_20260206_124536_730998.jpg,0.8,0.739620,0.758625,0.768210,0.815401
20260206_124536_980998,25.5375,0.20249999999999987,-0.057999999999999954,-6.9099999999999975,-20.599999999999984,26.15625,25.70625,26.04375,25.48125,-0.024229074999999975,-0.006607929999999985,-0.019823788999999988,0.002202642999999995,train/episode_37__pi05_annotations_in_yuanqv_clean/images/ZED_LEFT/ZED_LEFT_20260206_124536_980998.jpg,train/episode_37__pi05_annotations_in_yuanqv_clean/images/road_img/ZED_LEFT_20260206_124536_980998.jpg,0.8,0.845172,0.741600,0.783441,0.804522
20260206_124536_980998,25.621875000000003,0.17074999999999987,-0.047649999999999956,-6.3249999999999975,-16.774999999999984,26.099999999999998,25.70625,26.0578125,25.59375,-0.018715284499999974,-0.003325512749999985,-0.01704175474999999,0.001108503999999995,train/episode_37__pi05_annotations_in_yuanqv_clean/images/ZED_LEFT/ZED_LEFT_20260206_124536_980998.jpg,train/episode_37__pi05_annotations_in_yuanqv_clean/images/road_img/ZED_LEFT_20260206_124536_980998.jpg,0.8,0.845172,0.708241,0.794888,0.800262
20260206_124536_980998,25.70625,0.139,-0.0373,-5.74,-12.950000000000003,26.04375,25.70625,26.071875,25.70625,-0.013201494,-4.3095499999999676e-05,-0.0142597205,1.436499999999969e-05,train/episode_37__pi05_annotations_in_yuanqv_clean/images/ZED_LEFT/ZED_LEFT_20260206_124536_980998.jpg,train/episode_37__pi05_annotations_in_yuanqv_clean/images/road_img/ZED_LEFT_20260206_124536_980998.jpg,0.8,0.845172,0.685959,0.803609,0.797457
20260206_124536_980998,25.790625,0.10725000000000001,-0.026949999999999998,-5.155,-9.125000000000002,25.9875,25.70625,26.0859375,25.818749999999998,-0.0076877035,0.0032393217499999995,-0.01147768625,-0.0010797740000000004,train/episode_37__pi05_annotations_in_yuanqv_clean/images/ZED_LEFT/ZED_LEFT_20260206_124536_980998.jpg,train/episode_37__pi05_annotations_in_yuanqv_clean/images/road_img/ZED_LEFT_20260206_124536_980998.jpg,0.8,0.845172,0.693022,0.810350,0.798980
20260206_124537_230998,25.875,0.0755,-0.0166,-4.57,-5.3,25.93125,25.70625,26.1,25.93125,-0.002173913,0.006521739,-0.008695652,-0.002173913,train/episode_37__pi05_annotations_in_yuanqv_clean/images/ZED_LEFT/ZED_LEFT_20260206_124537_230998.jpg,train/episode_37__pi05_annotations_in_yuanqv_clean/images/road_img/ZED_LEFT_20260206_124537_230998.jpg,0.8,0.770124,0.734341,0.796024,0.831210
20260206_124537_230998,25.846875,0.076575,-0.022050000000000007,-3.9474999999999993,0.8000000000000078,26.015625,25.81875,26.184375000000003,25.9875,-0.006543098500000004,0.0010703434999999942,-0.013071957250000005,-0.005451395500000004,train/episode_37__pi05_annotations_in_yuanqv_clean/images/ZED_LEFT/ZED_LEFT_20260206_124537_230998.jpg,train/episode_37__pi05_annotations_in_yuanqv_clean/images/road_img/ZED_LEFT_20260206_124537_230998.jpg,0.8,0.770124,0.758825,0.787431,0.834451
20260206_124537_230998,25.818749999999998,0.07765,-0.02750000000000001,-3.3249999999999984,6.9000000000000155,26.1,25.931250000000002,26.26875,26.04375,-0.010912284000000008,-0.004381052000000012,-0.01744826250000001,-0.008728878000000008,train/episode_37__pi05_annotations_in_yuanqv_clean/images/ZED_LEFT/ZED_LEFT_20260206_124537_230998.jpg,train/episode_37__pi05_annotations_in_yuanqv_clean/images/road_img/ZED_LEFT_20260206_124537_230998.jpg,0.8,0.770124,0.763387,0.781685,0.834077
20260206_124537_230998,25.790625,0.07872499999999999,-0.03294999999999999,-2.7025000000000006,12.999999999999996,26.184375,26.04375,26.353125,26.099999999999998,-0.015281469499999995,-0.009832447499999992,-0.021824567749999996,-0.012006360499999995,train/episode_37__pi05_annotations_in_yuanqv_clean/images/ZED_LEFT/ZED_LEFT_20260206_124537_230998.jpg,train/episode_37__pi05_annotations_in_yuanqv_clean/images/road_img/ZED_LEFT_20260206_124537_230998.jpg,0.8,0.770124,0.743852,0.775922,0.830092
20260206_124537_480998,25.7625,0.0798,-0.0384,-2.08,19.1,26.26875,26.15625,26.4375,26.15625,-0.019650655,-0.015283843,-0.026200873,-0.015283843,train/episode_37__pi05_annotations_in_yuanqv_clean/images/ZED_LEFT/ZED_LEFT_20260206_124537_480998.jpg,train/episode_37__pi05_annotations_in_yuanqv_clean/images/road_img/ZED_LEFT_20260206_124537_480998.jpg,0.8,0.776264,0.698124,0.769577,0.821430
20260206_124537_480998,25.8609375,0.055374999999999966,-0.04837500000000001,-1.197499999999999,24.72500000000001,26.2125,26.1984375,26.353125,26.2546875,-0.013662722499999995,-0.013075785499999997,-0.019113020249999994,-0.015226323,train/episode_37__pi05_annotations_in_yuanqv_clean/images/ZED_LEFT/ZED_LEFT_20260206_124537_480998.jpg,train/episode_37__pi05_annotations_in_yuanqv_clean/images/road_img/ZED_LEFT_20260206_124537_480998.jpg,0.8,0.776264,0.677259,0.764212,0.817287
20260206_124537_480998,25.959375,0.030949999999999943,-0.05835000000000002,-0.31499999999999795,30.350000000000016,26.15625,26.240625,26.26875,26.353125000000002,-0.007674789999999989,-0.010867727999999995,-0.012025167499999986,-0.015168803,train/episode_37__pi05_annotations_in_yuanqv_clean/images/ZED_LEFT/ZED_LEFT_20260206_124537_480998.jpg,train/episode_37__pi05_annotations_in_yuanqv_clean/images/road_img/ZED_LEFT_20260206_124537_480998.jpg,0.8,0.776264,0.684820,0.761559,0.817549
20260206_124537_480998,26.0578125,0.00652499999999992,-0.06832500000000002,0.567500000000003,35.97500000000002,26.099999999999998,26.2828125,26.184375,26.4515625,-0.0016868574999999823,-0.008659670499999992,-0.004937314749999977,-0.015111283,train/episode_37__pi05_annotations_in_yuanqv_clean/images/ZED_LEFT/ZED_LEFT_20260206_124537_480998.jpg,train/episode_37__pi05_annotations_in_yuanqv_clean/images/road_img/ZED_LEFT_20260206_124537_480998.jpg,0.8,0.776264,0.710747,0.761522,0.820637
20260206_124537_730998,26.15625,-0.0179,-0.0783,1.45,41.6,26.04375,26.325,26.1,26.55,0.004301075,-0.006451613,0.002150538,-0.015053763,train/episode_37__pi05_annotations_in_yuanqv_clean/images/ZED_LEFT/ZED_LEFT_20260206_124537_730998.jpg,train/episode_37__pi05_annotations_in_yuanqv_clean/images/road_img/ZED_LEFT_20260206_124537_730998.jpg,0.8,0.793126,0.747936,0.767796,0.815091
20260206_124537_730998,26.1703125,-0.01169999999999997,-0.07484999999999999,2.1925000000000034,45.32500000000002,26.04375,26.4515625,26.1703125,26.6484375,0.004835248250000002,-0.010739997250000018,3.4614999999903716e-06,-0.018264571250000014,train/episode_37__pi05_annotations_in_yuanqv_clean/images/ZED_LEFT/ZED_LEFT_20260206_124537_730998.jpg,train/episode_37__pi05_annotations_in_yuanqv_clean/images/road_img/ZED_LEFT_20260206_124537_730998.jpg,0.8,0.793126,0.768531,0.773490,0.817807
20260206_124537_730998,26.184375,-0.0055,-0.07139999999999999,2.9349999999999996,49.05,26.04375,26.578125,26.240625,26.746875000000003,0.0053694215,-0.015028381499999998,-0.002143615,-0.0214753795,train/episode_37__pi05_annotations_in_yuanqv_clean/images/ZED_LEFT/ZED_LEFT_20260206_124537_730998.jpg,train/episode_37__pi05_annotations_in_yuanqv_clean/images/road_img/ZED_LEFT_20260206_124537_730998.jpg,0.8,0.793126,0.775368,0.777880,0.819025
20260206_124537_730998,26.198437499999997,0.0006999999999999715,-0.06795000000000001,3.6774999999999967,52.774999999999984,26.04375,26.7046875,26.3109375,26.845312500000002,0.005903594749999998,-0.01931676574999998,-0.00429069149999999,-0.024686187749999984,train/episode_37__pi05_annotations_in_yuanqv_clean/images/ZED_LEFT/ZED_LEFT_20260206_124537_730998.jpg,train/episode_37__pi05_annotations_in_yuanqv_clean/images/road_img/ZED_LEFT_20260206_124537_730998.jpg,0.8,0.793126,0.773415,0.780670,0.818996
20260206_124537_980998,26.2125,0.0069,-0.0645,4.42,56.5,26.04375,26.83125,26.38125,26.94375,0.006437768,-0.02360515,-0.006437768,-0.027896996,train/episode_37__pi05_annotations_in_yuanqv_clean/images/ZED_LEFT/ZED_LEFT_20260206_124537_980998.jpg,train/episode_37__pi05_annotations_in_yuanqv_clean/images/road_img/ZED_LEFT_20260206_124537_980998.jpg,0.8,0.788388,0.764966,0.780755,0.812998
20260206_124537_980998,26.2546875,-0.0401249999999999,-0.05722500000000002,5.274999999999998,56.1,26.099999999999998,26.8875,26.3390625,26.9578125,0.005894424000000001,-0.024100451,-0.0032291790000000074,-0.026786286500000003,train/episode_37__pi05_annotations_in_yuanqv_clean/images/ZED_LEFT/ZED_LEFT_20260206_124537_980998.jpg,train/episode_37__pi05_annotations_in_yuanqv_clean/images/road_img/ZED_LEFT_20260206_124537_980998.jpg,0.8,0.788388,0.765674,0.780782,0.813224
20260206_124537_980998,26.296875,-0.0871500000000002,-0.04994999999999997,6.1300000000000034,55.699999999999996,26.15625,26.94375,26.296875,26.971875,0.005351079999999998,-0.024595752000000002,-2.058999999998614e-05,-0.025675576999999995,train/episode_37__pi05_annotations_in_yuanqv_clean/images/ZED_LEFT/ZED_LEFT_20260206_124537_980998.jpg,train/episode_37__pi05_annotations_in_yuanqv_clean/images/road_img/ZED_LEFT_20260206_124537_980998.jpg,0.8,0.788388,0.772014,0.781349,0.814456
20260206_124537_980998,26.3390625,-0.1341750000000001,-0.04267499999999999,6.985000000000001,55.3,26.212500000000002,27.0,26.2546875,26.985937500000002,0.004807735999999998,-0.025091053,0.0031879990000000073,-0.024564867499999997,train/episode_37__pi05_annotations_in_yuanqv_clean/images/ZED_LEFT/ZED_LEFT_20260206_124537_980998.jpg,train/episode_37__pi05_annotations_in_yuanqv_clean/images/road_img/ZED_LEFT_20260206_124537_980998.jpg,0.8,0.788388,0.779769,0.782506,0.816116
20260206_124538_230998,26.38125,-0.18119999999999975,-0.035399999999999966,7.840000000000001,54.89999999999997,26.26875,27.05625,26.2125,27.0,0.004264392000000019,-0.025586353999999978,0.006396588000000028,-0.02345415799999998,train/episode_37__pi05_annotations_in_yuanqv_clean/images/ZED_LEFT/ZED_LEFT_20260206_124538_230998.jpg,train/episode_37__pi05_annotations_in_yuanqv_clean/images/road_img/ZED_LEFT_20260206_124538_230998.jpg,0.8,0.779386,0.786628,0.782413,0.814218
20260206_124538_230998,26.4375,-0.15357499999999988,-0.03119999999999998,7.977500000000001,51.32499999999998,26.26875,27.05625,26.184375,27.0,0.00636954125000001,-0.02341809524999999,0.009554312000000014,-0.02129040699999999,train/episode_37__pi05_annotations_in_yuanqv_clean/images/ZED_LEFT/ZED_LEFT_20260206_124538_230998.jpg,train/episode_37__pi05_annotations_in_yuanqv_clean/images/road_img/ZED_LEFT_20260206_124538_230998.jpg,0.8,0.779386,0.786642,0.782385,0.814216
20260206_124538_230998,26.493750000000002,-0.12595,-0.027,8.115,47.75,26.26875,27.05625,26.15625,27.0,0.0084746905,-0.0212498365,0.012712036,-0.019126656,train/episode_37__pi05_annotations_in_yuanqv_clean/images/ZED_LEFT/ZED_LEFT_20260206_124538_230998.jpg,train/episode_37__pi05_annotations_in_yuanqv_clean/images/road_img/ZED_LEFT_20260206_124538_230998.jpg,0.8,0.779386,0.783087,0.781954,0.813964
20260206_124538_230998,26.55,-0.09832499999999987,-0.02279999999999998,8.252500000000001,44.17499999999998,26.26875,27.05625,26.128125,27.0,0.01057983975000001,-0.019081577749999988,0.015869760000000014,-0.01696290499999999,train/episode_37__pi05_annotations_in_yuanqv_clean/images/ZED_LEFT/ZED_LEFT_20260206_124538_230998.jpg,train/episode_37__pi05_annotations_in_yuanqv_clean/images/road_img/ZED_LEFT_20260206_124538_230998.jpg,0.8,0.779386,0.784167,0.781810,0.815440
20260206_124538_480998,26.60625,-0.0707,-0.0186,8.39,40.6,26.26875,27.05625,26.1,27.0,0.012684989,-0.016913319,0.019027484,-0.014799154,train/episode_37__pi05_annotations_in_yuanqv_clean/images/ZED_LEFT/ZED_LEFT_20260206_124538_480998.jpg,train/episode_37__pi05_annotations_in_yuanqv_clean/images/road_img/ZED_LEFT_20260206_124538_480998.jpg,0.8,0.833326,0.789915,0.791702,0.830250
20260206_124538_480998,26.578125,-0.07207500000000001,-0.03255000000000009,8.114999999999998,36.74999999999997,26.325,27.042187499999997,26.240625,26.943749999999998,0.00951374174999998,-0.017462059250000002,0.012678256249999959,-0.013753293249999993,train/episode_37__pi05_annotations_in_yuanqv_clean/images/ZED_LEFT/ZED_LEFT_20260206_124538_480998.jpg,train/episode_37__pi05_annotations_in_yuanqv_clean/images/road_img/ZED_LEFT_20260206_124538_480998.jpg,0.8,0.833326,0.798653,0.799783,0.831814
20260206_124538_480998,26.549999999999997,-0.07345,-0.046500000000000055,7.839999999999999,32.899999999999984,26.38125,27.028125,26.38125,26.8875,0.006342494499999986,-0.0180107995,0.006329028499999972,-0.012707432499999996,train/episode_37__pi05_annotations_in_yuanqv_clean/images/ZED_LEFT/ZED_LEFT_20260206_124538_480998.jpg,train/episode_37__pi05_annotations_in_yuanqv_clean/images/road_img/ZED_LEFT_20260206_124538_480998.jpg,0.8,0.833326,0.804195,0.806142,0.832574
20260206_124538_480998,26.521874999999998,-0.074825,-0.060450000000000025,7.5649999999999995,29.04999999999999,26.4375,27.014062499999998,26.521875,26.831249999999997,0.0031712472499999915,-0.01855953975,-2.019925000001227e-05,-0.011661571749999997,train/episode_37__pi05_annotations_in_yuanqv_clean/images/ZED_LEFT/ZED_LEFT_20260206_124538_480998.jpg,train/episode_37__pi05_annotations_in_yuanqv_clean/images/road_img/ZED_LEFT_20260206_124538_480998.jpg,0.8,0.833326,0.806303,0.810851,0.832818
20260206_124538_730998,26.49375,-0.0761999999999999,-0.0743999999999999,7.2899999999999965,25.19999999999996,26.49375,27.0,26.6625,26.775,0.0,-0.019108279999999957,-0.006369426999999996,-0.010615710999999986,train/episode_37__pi05_annotations_in_yuanqv_clean/images/ZED_LEFT/ZED_LEFT_20260206_124538_730998.jpg,train/episode_37__pi05_annotations_in_yuanqv_clean/images/road_img/ZED_LEFT_20260206_124538_730998.jpg,0.8,0.882236,0.805990,0.823187,0.807616
20260206_124538_730998,26.5078125,-0.06547499999999995,-0.06344999999999995,6.839999999999998,20.72499999999998,26.5078125,26.8875,26.6625,26.746875,0.0,-0.014331209999999978,-0.005836392249999997,-0.009021105249999993,train/episode_37__pi05_annotations_in_yuanqv_clean/images/ZED_LEFT/ZED_LEFT_20260206_124538_730998.jpg,train/episode_37__pi05_annotations_in_yuanqv_clean/images/road_img/ZED_LEFT_20260206_124538_730998.jpg,0.8,0.882236,0.802434,0.832059,0.807131
20260206_124538_730998,26.521875,-0.05474999999999991,-0.0524999999999999,6.389999999999996,16.24999999999996,26.521875,26.775,26.6625,26.71875,0.0,-0.009554139999999958,-0.005303357499999995,-0.0074264994999999855,train/episode_37__pi05_annotations_in_yuanqv_clean/images/ZED_LEFT/ZED_LEFT_20260206_124538_730998.jpg,train/episode_37__pi05_annotations_in_yuanqv_clean/images/road_img/ZED_LEFT_20260206_124538_730998.jpg,0.8,0.882236,0.797736,0.838450,0.807329
20260206_124538_730998,26.5359375,-0.04402499999999996,-0.041549999999999955,5.939999999999998,11.77499999999998,26.5359375,26.6625,26.6625,26.690625,0.0,-0.004777069999999979,-0.0047703227499999975,-0.005831893749999993,train/episode_37__pi05_annotations_in_yuanqv_clean/images/ZED_LEFT/ZED_LEFT_20260206_124538_730998.jpg,train/episode_37__pi05_annotations_in_yuanqv_clean/images/road_img/ZED_LEFT_20260206_124538_730998.jpg,0.8,0.882236,0.793729,0.843237,0.808158
20260206_124538_980998,26.55,-0.0333,-0.0306,5.49,7.3,26.55,26.55,26.6625,26.6625,0.0,0.0,-0.004237288,-0.004237288,train/episode_37__pi05_annotations_in_yuanqv_clean/images/ZED_LEFT/ZED_LEFT_20260206_124538_980998.jpg,train/episode_37__pi05_annotations_in_yuanqv_clean/images/road_img/ZED_LEFT_20260206_124538_980998.jpg,0.8,0.660182,0.790469,0.796810,0.816100
20260206_124538_980998,26.578125,-0.04202500000000004,-0.02824999999999999,4.787499999999997,5.824999999999993,26.5359375,26.5359375,26.634375000000002,26.6203125,0.001582278500000007,0.001582278500000007,-0.0021231137499999903,-0.0015956874999999882,train/episode_37__pi05_annotations_in_yuanqv_clean/images/ZED_LEFT/ZED_LEFT_20260206_124538_980998.jpg,train/episode_37__pi05_annotations_in_yuanqv_clean/images/road_img/ZED_LEFT_20260206_124538_980998.jpg,0.8,0.660182,0.785920,0.763463,0.816604
20260206_124538_980998,26.60625,-0.05075,-0.0259,4.085,4.35,26.521875,26.521875,26.606250000000003,26.578125,0.0031645569999999997,0.0031645569999999997,-8.93950000000008e-06,0.0010459129999999999,train/episode_37__pi05_annotations_in_yuanqv_clean/images/ZED_LEFT/ZED_LEFT_20260206_124538_980998.jpg,train/episode_37__pi05_annotations_in_yuanqv_clean/images/road_img/ZED_LEFT_20260206_124538_980998.jpg,0.8,0.660182,0.786071,0.739355,0.816480
20260206_124538_980998,26.634375000000002,-0.05947500000000004,-0.023549999999999988,3.382499999999997,2.874999999999993,26.5078125,26.5078125,26.578125,26.5359375,0.004746835500000007,0.004746835500000007,0.0021052347500000092,0.003687513500000011,train/episode_37__pi05_annotations_in_yuanqv_clean/images/ZED_LEFT/ZED_LEFT_20260206_124538_980998.jpg,train/episode_37__pi05_annotations_in_yuanqv_clean/images/road_img/ZED_LEFT_20260206_124538_980998.jpg,0.8,0.660182,0.791126,0.721792,0.816391
20260206_124539_230998,26.6625,-0.0682,-0.0212,2.68,1.4,26.49375,26.49375,26.55,26.49375,0.006329114,0.006329114,0.004219409,0.006329114,train/episode_37__pi05_annotations_in_yuanqv_clean/images/ZED_LEFT/ZED_LEFT_20260206_124539_230998.jpg,train/episode_37__pi05_annotations_in_yuanqv_clean/images/road_img/ZED_LEFT_20260206_124539_230998.jpg,0.8,0.744182,0.794683,0.731772,0.823050
20260206_124539_230998,26.6203125,-0.04055000000000006,-0.03552499999999997,2.270000000000001,0.5500000000000018,26.549999999999997,26.3953125,26.5921875,26.5078125,0.002623693250000009,0.008462334499999995,0.0010414145000000072,0.004216050000000005,train/episode_37__pi05_annotations_in_yuanqv_clean/images/ZED_LEFT/ZED_LEFT_20260206_124539_230998.jpg,train/episode_37__pi05_annotations_in_yuanqv_clean/images/road_img/ZED_LEFT_20260206_124539_230998.jpg,0.8,0.744182,0.796841,0.739006,0.823031
20260206_124539_230998,26.578125,-0.012899999999999877,-0.04985000000000007,1.859999999999998,-0.3000000000000038,26.60625,26.296875,26.634375000000002,26.521875,-0.0010817275000000156,0.01059555500000001,-0.0021365800000000146,0.0021029859999999907,train/episode_37__pi05_annotations_in_yuanqv_clean/images/ZED_LEFT/ZED_LEFT_20260206_124539_230998.jpg,train/episode_37__pi05_annotations_in_yuanqv_clean/images/road_img/ZED_LEFT_20260206_124539_230998.jpg,0.8,0.744182,0.794474,0.744027,0.823253
20260206_124539_230998,26.5359375,0.014750000000000055,-0.06417500000000004,1.449999999999999,-1.1500000000000017,26.6625,26.1984375,26.6765625,26.5359375,-0.0047871482500000066,0.012728775500000004,-0.005314574500000007,-1.007800000000364e-05,train/episode_37__pi05_annotations_in_yuanqv_clean/images/ZED_LEFT/ZED_LEFT_20260206_124539_230998.jpg,train/episode_37__pi05_annotations_in_yuanqv_clean/images/road_img/ZED_LEFT_20260206_124539_230998.jpg,0.8,0.744182,0.779536,0.746679,0.823059
20260206_124539_480998,26.49375,0.0423999999999999,-0.07849999999999988,1.0399999999999947,-2.00000000000001,26.71875,26.1,26.71875,26.55,-0.008492568999999981,0.014861996,-0.008492568999999991,-0.002123141999999986,train/episode_37__pi05_annotations_in_yuanqv_clean/images/ZED_LEFT/ZED_LEFT_20260206_124539_480998.jpg,train/episode_37__pi05_annotations_in_yuanqv_clean/images/road_img/ZED_LEFT_20260206_124539_480998.jpg,0.8,0.759725,0.738540,0.748887,0.834774
20260206_124539_480998,26.5078125,0.03129999999999995,-0.06429999999999994,0.44249999999999734,-3.175000000000005,26.6765625,26.114062500000003,26.7046875,26.521875,-0.00636942674999999,0.014854124,-0.007428748749999995,-0.000533034499999993,train/episode_37__pi05_annotations_in_yuanqv_clean/images/ZED_LEFT/ZED_LEFT_20260206_124539_480998.jpg,train/episode_37__pi05_annotations_in_yuanqv_clean/images/road_img/ZED_LEFT_20260206_124539_480998.jpg,0.8,0.759725,0.709006,0.748014,0.832595
20260206_124539_480998,26.521874999999998,0.0202,-0.0501,-0.15500000000000003,-4.35,26.634375,26.128125,26.690625,26.493750000000002,-0.0042462845,0.014846252,-0.0063649285,0.001057073,train/episode_37__pi05_annotations_in_yuanqv_clean/images/ZED_LEFT/ZED_LEFT_20260206_124539_480998.jpg,train/episode_37__pi05_annotations_in_yuanqv_clean/images/road_img/ZED_LEFT_20260206_124539_480998.jpg,0.8,0.759725,0.703756,0.746987,0.832275
20260206_124539_480998,26.5359375,0.009099999999999948,-0.03589999999999994,-0.7525000000000028,-5.525000000000006,26.5921875,26.142187500000002,26.6765625,26.465625,-0.00212314224999999,0.01483838,-0.005301108249999995,0.002647180500000007,train/episode_37__pi05_annotations_in_yuanqv_clean/images/ZED_LEFT/ZED_LEFT_20260206_124539_480998.jpg,train/episode_37__pi05_annotations_in_yuanqv_clean/images/road_img/ZED_LEFT_20260206_124539_480998.jpg,0.8,0.759725,0.725986,0.747942,0.833959
20260206_124539_730998,26.55,-0.002,-0.0217,-1.35,-6.7,26.55,26.15625,26.6625,26.4375,0.0,0.014830508,-0.004237288,0.004237288,train/episode_37__pi05_annotations_in_yuanqv_clean/images/ZED_LEFT/ZED_LEFT_20260206_124539_730998.jpg,train/episode_37__pi05_annotations_in_yuanqv_clean/images/road_img/ZED_LEFT_20260206_124539_730998.jpg,0.8,0.842571,0.779190,0.771068,0.812815
20260206_124539_730998,26.49375,-0.002575000000000004,-0.04800000000000018,-1.2574999999999994,-6.449999999999998,26.5078125,26.1421875,26.6484375,26.310937499999998,-0.0005341880000000036,0.01325963324999999,-0.00584890625000001,0.0069172822500000175,train/episode_37__pi05_annotations_in_yuanqv_clean/images/ZED_LEFT/ZED_LEFT_20260206_124539_730998.jpg,train/episode_37__pi05_annotations_in_yuanqv_clean/images/road_img/ZED_LEFT_20260206_124539_730998.jpg,0.8,0.842571,0.794914,0.788509,0.813551
20260206_124539_730998,26.4375,-0.0031500000000000026,-0.07430000000000013,-1.1649999999999996,-6.199999999999999,26.465625,26.128125,26.634375,26.184375,-0.0010683760000000024,0.011688758499999993,-0.007460524500000007,0.009597276500000012,train/episode_37__pi05_annotations_in_yuanqv_clean/images/ZED_LEFT/ZED_LEFT_20260206_124539_730998.jpg,train/episode_37__pi05_annotations_in_yuanqv_clean/images/road_img/ZED_LEFT_20260206_124539_730998.jpg,0.8,0.842571,0.790747,0.800353,0.813099
20260206_124539_730998,26.381249999999998,-0.0037250000000000013,-0.10060000000000006,-1.0724999999999998,-5.949999999999999,26.423437500000002,26.1140625,26.6203125,26.057812499999997,-0.0016025640000000012,0.010117883749999997,-0.009072142750000005,0.012277270750000006,train/episode_37__pi05_annotations_in_yuanqv_clean/images/ZED_LEFT/ZED_LEFT_20260206_124539_730998.jpg,train/episode_37__pi05_annotations_in_yuanqv_clean/images/road_img/ZED_LEFT_20260206_124539_730998.jpg,0.8,0.842571,0.767599,0.806985,0.811357
20260206_124539_980998,26.325,-0.004299999999999982,-0.12689999999999985,-0.9800000000000033,-5.699999999999998,26.38125,26.1,26.60625,25.93125,-0.002136751999999981,0.008547009000000024,-0.010683760999999953,0.014957265000000006,train/episode_37__pi05_annotations_in_yuanqv_clean/images/ZED_LEFT/ZED_LEFT_20260206_124539_980998.jpg,train/episode_37__pi05_annotations_in_yuanqv_clean/images/road_img/ZED_LEFT_20260206_124539_980998.jpg,0.8,0.807852,0.694089,0.800002,0.821619
20260206_124539_980998,26.3390625,-0.002249999999999991,-0.10782499999999992,-1.3500000000000016,-5.474999999999999,26.3390625,26.04375,26.4796875,25.93125,-3.4169999999903757e-06,0.011207698000000012,-0.0053475754999999766,0.015482341000000004,train/episode_37__pi05_annotations_in_yuanqv_clean/images/ZED_LEFT/ZED_LEFT_20260206_124539_980998.jpg,train/episode_37__pi05_annotations_in_yuanqv_clean/images/road_img/ZED_LEFT_20260206_124539_980998.jpg,0.8,0.807852,0.657917,0.795839,0.816495
20260206_124539_980998,26.353125000000002,-0.0001999999999999823,-0.08874999999999984,-1.7200000000000033,-5.249999999999998,26.296875,25.9875,26.353125,25.93125,0.0021299180000000193,0.013868387000000024,-1.1389999999953174e-05,0.016007417000000006,train/episode_37__pi05_annotations_in_yuanqv_clean/images/ZED_LEFT/ZED_LEFT_20260206_124539_980998.jpg,train/episode_37__pi05_annotations_in_yuanqv_clean/images/road_img/ZED_LEFT_20260206_124539_980998.jpg,0.8,0.807852,0.653276,0.793576,0.815219
20260206_124539_980998,26.3671875,0.0018500000000000088,-0.06967499999999993,-2.0900000000000016,-5.024999999999999,26.2546875,25.93125,26.2265625,25.93125,0.00426325300000001,0.01652907600000001,0.005324795500000024,0.016532493000000002,train/episode_37__pi05_annotations_in_yuanqv_clean/images/ZED_LEFT/ZED_LEFT_20260206_124539_980998.jpg,train/episode_37__pi05_annotations_in_yuanqv_clean/images/road_img/ZED_LEFT_20260206_124539_980998.jpg,0.8,0.807852,0.668543,0.792579,0.817341
20260206_124540_230998,26.38125,0.0039,-0.0506,-2.46,-4.8,26.2125,25.875,26.1,25.93125,0.006396588,0.019189765,0.010660981,0.017057569,train/episode_37__pi05_annotations_in_yuanqv_clean/images/ZED_LEFT/ZED_LEFT_20260206_124540_230998.jpg,train/episode_37__pi05_annotations_in_yuanqv_clean/images/road_img/ZED_LEFT_20260206_124540_230998.jpg,0.8,0.903138,0.709924,0.820995,0.815447
20260206_124540_230998,26.353125000000002,-0.0023999999999999725,-0.05307499999999999,-2.2975000000000008,-4.675000000000001,26.099999999999998,25.7765625,26.0578125,25.8609375,0.009615428249999985,0.021886970499999988,0.011207727249999997,0.018681827749999994,train/episode_37__pi05_annotations_in_yuanqv_clean/images/ZED_LEFT/ZED_LEFT_20260206_124540_230998.jpg,train/episode_37__pi05_annotations_in_yuanqv_clean/images/road_img/ZED_LEFT_20260206_124540_230998.jpg,0.8,0.903138,0.739247,0.841361,0.818492
20260206_124540_230998,26.325,-0.008700000000000055,-0.05555000000000002,-2.1349999999999985,-4.549999999999999,25.987499999999997,25.678124999999998,26.015625,25.790625,0.012834268500000029,0.024584176000000027,0.011754473500000005,0.020306086500000015,train/episode_37__pi05_annotations_in_yuanqv_clean/images/ZED_LEFT/ZED_LEFT_20260206_124540_230998.jpg,train/episode_37__pi05_annotations_in_yuanqv_clean/images/road_img/ZED_LEFT_20260206_124540_230998.jpg,0.8,0.903138,0.757155,0.856045,0.819980
20260206_124540_230998,26.296875,-0.015000000000000027,-0.05802500000000001,-1.9724999999999993,-4.424999999999999,25.875,25.5796875,25.9734375,25.7203125,0.016053108750000013,0.027281381500000014,0.012301219750000003,0.021930345250000007,train/episode_37__pi05_annotations_in_yuanqv_clean/images/ZED_LEFT/ZED_LEFT_20260206_124540_230998.jpg,train/episode_37__pi05_annotations_in_yuanqv_clean/images/road_img/ZED_LEFT_20260206_124540_230998.jpg,0.8,0.903138,0.763645,0.866708,0.819955
20260206_124540_480998,26.26875,-0.0213,-0.0605,-1.81,-4.3,25.7625,25.48125,25.93125,25.65,0.019271949,0.029978587,0.012847966,0.023554604,train/episode_37__pi05_annotations_in_yuanqv_clean/images/ZED_LEFT/ZED_LEFT_20260206_124540_480998.jpg,train/episode_37__pi05_annotations_in_yuanqv_clean/images/road_img/ZED_LEFT_20260206_124540_480998.jpg,0.8,0.871152,0.755252,0.864924,0.807943
20260206_124540_480998,26.2265625,9.999999999990572e-05,-0.05317500000000003,-1.8424999999999998,-4.574999999999998,25.7203125,25.509375,25.889062499999998,25.6359375,0.01930309975,0.027333078250000014,0.012868733,0.022515091000000004,train/episode_37__pi05_annotations_in_yuanqv_clean/images/ZED_LEFT/ZED_LEFT_20260206_124540_480998.jpg,train/episode_37__pi05_annotations_in_yuanqv_clean/images/road_img/ZED_LEFT_20260206_124540_480998.jpg,0.8,0.871152,0.750256,0.863986,0.808771
20260206_124540_480998,26.184375000000003,0.02149999999999981,-0.045850000000000064,-1.8749999999999998,-4.849999999999998,25.678125,25.537499999999998,25.846875,25.621875,0.0193342505,0.024687569500000024,0.0128895,0.02147557800000001,train/episode_37__pi05_annotations_in_yuanqv_clean/images/ZED_LEFT/ZED_LEFT_20260206_124540_480998.jpg,train/episode_37__pi05_annotations_in_yuanqv_clean/images/road_img/ZED_LEFT_20260206_124540_480998.jpg,0.8,0.871152,0.750947,0.863611,0.810744
20260206_124540_480998,26.142187500000002,0.04290000000000009,-0.03852499999999996,-1.9075000000000002,-5.125000000000002,25.6359375,25.565625,25.8046875,25.607812499999998,0.01936540125,0.022042060749999988,0.012910267,0.020436064999999996,train/episode_37__pi05_annotations_in_yuanqv_clean/images/ZED_LEFT/ZED_LEFT_20260206_124540_480998.jpg,train/episode_37__pi05_annotations_in_yuanqv_clean/images/road_img/ZED_LEFT_20260206_124540_480998.jpg,0.8,0.871152,0.758857,0.863600,0.812757
20260206_124540_730998,26.1,0.0643,-0.0312,-1.94,-5.4,25.59375,25.59375,25.7625,25.59375,0.019396552,0.019396552,0.012931034,0.019396552,train/episode_37__pi05_annotations_in_yuanqv_clean/images/ZED_LEFT/ZED_LEFT_20260206_124540_730998.jpg,train/episode_37__pi05_annotations_in_yuanqv_clean/images/road_img/ZED_LEFT_20260206_124540_730998.jpg,0.8,0.841225,0.770821,0.855072,0.834413
20260206_124540_730998,25.9875,0.034975,-0.035975,-1.835,-6.6,25.5375,25.4953125,25.678125,25.5234375,0.017288642,0.018933379,0.011891258,0.017836887750000002,train/episode_37__pi05_annotations_in_yuanqv_clean/images/ZED_LEFT/ZED_LEFT_20260206_124540_730998.jpg,train/episode_37__pi05_annotations_in_yuanqv_clean/images/road_img/ZED_LEFT_20260206_124540_730998.jpg,0.8,0.841225,0.778718,0.849046,0.835388
20260206_124540_730998,25.875,0.005650000000000002,-0.040749999999999995,-1.73,-7.8,25.48125,25.396875,25.59375,25.453125,0.015180732,0.018470206000000003,0.010851481999999999,0.0162772235,train/episode_37__pi05_annotations_in_yuanqv_clean/images/ZED_LEFT/ZED_LEFT_20260206_124540_730998.jpg,train/episode_37__pi05_annotations_in_yuanqv_clean/images/road_img/ZED_LEFT_20260206_124540_730998.jpg,0.8,0.841225,0.778988,0.844599,0.835592
20260206_124540_730998,25.7625,-0.023674999999999988,-0.045524999999999996,-1.625,-9.0,25.424999999999997,25.2984375,25.509375,25.3828125,0.013072822000000001,0.018007033000000002,0.009811706,0.01471755925,train/episode_37__pi05_annotations_in_yuanqv_clean/images/ZED_LEFT/ZED_LEFT_20260206_124540_730998.jpg,train/episode_37__pi05_annotations_in_yuanqv_clean/images/road_img/ZED_LEFT_20260206_124540_730998.jpg,0.8,0.841225,0.780868,0.841322,0.835262
20260206_124540_980998,25.65,-0.05299999999999948,-0.05029999999999995,-1.5200000000000005,-10.200000000000054,25.368749999999995,25.199999999999996,25.425,25.3125,0.010964912000000078,0.017543860000000088,0.008771929999999971,0.013157895000000058,train/episode_37__pi05_annotations_in_yuanqv_clean/images/ZED_LEFT/ZED_LEFT_20260206_124540_980998.jpg,train/episode_37__pi05_annotations_in_yuanqv_clean/images/road_img/ZED_LEFT_20260206_124540_980998.jpg,0.8,0.765458,0.783954,0.819459,0.829547
20260206_124540_980998,25.635937499999997,-0.02377499999999961,-0.04767499999999997,-1.5475000000000003,-13.275000000000041,25.242187499999996,25.059374999999996,25.453125,25.214062499999997,0.01536654125000006,0.022498554250000066,0.0071283979999999785,0.016461827750000043,train/episode_37__pi05_annotations_in_yuanqv_clean/images/ZED_LEFT/ZED_LEFT_20260206_124540_980998.jpg,train/episode_37__pi05_annotations_in_yuanqv_clean/images/road_img/ZED_LEFT_20260206_124540_980998.jpg,0.8,0.765458,0.783844,0.804330,0.824671
20260206_124540_980998,25.621875,0.00545000000000026,-0.04504999999999998,-1.5750000000000002,-16.350000000000026,25.115624999999998,24.91875,25.481250000000003,25.115624999999998,0.019768170500000036,0.027453248500000044,0.005484865999999986,0.019765760500000028,train/episode_37__pi05_annotations_in_yuanqv_clean/images/ZED_LEFT/ZED_LEFT_20260206_124540_980998.jpg,train/episode_37__pi05_annotations_in_yuanqv_clean/images/road_img/ZED_LEFT_20260206_124540_980998.jpg,0.8,0.765458,0.786791,0.794090,0.825408
20260206_124540_980998,25.607812499999998,0.03467500000000013,-0.04242499999999999,-1.6025,-19.42500000000001,24.9890625,24.778125,25.509375000000002,25.0171875,0.02416979975000002,0.03240794275000002,0.003841333999999993,0.023069693250000016,train/episode_37__pi05_annotations_in_yuanqv_clean/images/ZED_LEFT/ZED_LEFT_20260206_124540_980998.jpg,train/episode_37__pi05_annotations_in_yuanqv_clean/images/road_img/ZED_LEFT_20260206_124540_980998.jpg,0.8,0.765458,0.788480,0.787199,0.830984
20260206_124541_230998,25.59375,0.06389999999999996,-0.03980000000000005,-1.6300000000000037,-22.50000000000003,24.8625,24.6375,25.537499999999998,24.918749999999996,0.02857142899999989,0.03736263700000001,0.00219780200000004,0.026373626000000053,train/episode_37__pi05_annotations_in_yuanqv_clean/images/ZED_LEFT/ZED_LEFT_20260206_124541_230998.jpg,train/episode_37__pi05_annotations_in_yuanqv_clean/images/road_img/ZED_LEFT_20260206_124541_230998.jpg,0.8,0.774059,0.778142,0.783599,0.844704
20260206_124541_230998,25.509375,0.061424999999999966,-0.042450000000000036,-1.8450000000000029,-24.150000000000023,24.9328125,24.539062499999996,25.396874999999998,24.764062499999998,0.022542157499999917,0.03804424950000001,0.00443231575000003,0.02924569825000004,train/episode_37__pi05_annotations_in_yuanqv_clean/images/ZED_LEFT/ZED_LEFT_20260206_124541_230998.jpg,train/episode_37__pi05_annotations_in_yuanqv_clean/images/road_img/ZED_LEFT_20260206_124541_230998.jpg,0.8,0.774059,0.761621,0.779604,0.844446
20260206_124541_230998,25.425,0.058949999999999975,-0.04510000000000002,-2.060000000000002,-25.800000000000015,25.003125,24.440624999999997,25.25625,24.609375,0.016512885999999945,0.03872586200000001,0.00666682950000002,0.032117770500000024,train/episode_37__pi05_annotations_in_yuanqv_clean/images/ZED_LEFT/ZED_LEFT_20260206_124541_230998.jpg,train/episode_37__pi05_annotations_in_yuanqv_clean/images/road_img/ZED_LEFT_20260206_124541_230998.jpg,0.8,0.774059,0.752046,0.775827,0.844019
20260206_124541_230998,25.340625,0.05647499999999999,-0.047750000000000015,-2.2750000000000012,-27.45000000000001,25.0734375,24.342187499999998,25.115625,24.4546875,0.01048361449999997,0.039407474500000005,0.00890134325000001,0.034989842750000014,train/episode_37__pi05_annotations_in_yuanqv_clean/images/ZED_LEFT/ZED_LEFT_20260206_124541_230998.jpg,train/episode_37__pi05_annotations_in_yuanqv_clean/images/road_img/ZED_LEFT_20260206_124541_230998.jpg,0.8,0.774059,0.749939,0.772883,0.843859
20260206_124541_480998,25.25625,0.054,-0.0504,-2.49,-29.1,25.14375,24.24375,24.975,24.3,0.004454343,0.040089087,0.011135857,0.037861915,train/episode_37__pi05_annotations_in_yuanqv_clean/images/ZED_LEFT/ZED_LEFT_20260206_124541_480998.jpg,train/episode_37__pi05_annotations_in_yuanqv_clean/images/road_img/ZED_LEFT_20260206_124541_480998.jpg,0.8,0.779464,0.756073,0.772428,0.791043
20260206_124541_480998,25.115624999999998,0.04694999999999991,-0.06405000000000018,-2.712500000000003,-30.150000000000013,24.974999999999998,24.1453125,24.834374999999998,24.1875,0.005618661500000016,0.03860895649999998,0.01119927325,0.036938577499999986,train/episode_37__pi05_annotations_in_yuanqv_clean/images/ZED_LEFT/ZED_LEFT_20260206_124541_480998.jpg,train/episode_37__pi05_annotations_in_yuanqv_clean/images/road_img/ZED_LEFT_20260206_124541_480998.jpg,0.8,0.779464,0.757982,0.772227,0.791024
20260206_124541_480998,24.975,0.039899999999999936,-0.07770000000000012,-2.9350000000000023,-31.20000000000001,24.80625,24.046875,24.69375,24.075,0.006782980000000011,0.03712882599999999,0.0112626895,0.03601523999999999,train/episode_37__pi05_annotations_in_yuanqv_clean/images/ZED_LEFT/ZED_LEFT_20260206_124541_480998.jpg,train/episode_37__pi05_annotations_in_yuanqv_clean/images/road_img/ZED_LEFT_20260206_124541_480998.jpg,0.8,0.779464,0.754521,0.771646,0.790459
20260206_124541_480998,24.834375,0.03284999999999997,-0.09135000000000006,-3.157500000000001,-32.25,24.6375,23.9484375,24.553125,23.962500000000002,0.007947298500000005,0.035648695499999994,0.011326105749999999,0.035091902499999994,train/episode_37__pi05_annotations_in_yuanqv_clean/images/ZED_LEFT/ZED_LEFT_20260206_124541_480998.jpg,train/episode_37__pi05_annotations_in_yuanqv_clean/images/road_img/ZED_LEFT_20260206_124541_480998.jpg,0.8,0.779464,0.745285,0.770192,0.789160
20260206_124541_730998,24.69375,0.0258,-0.105,-3.38,-33.3,24.46875,23.85,24.4125,23.85,0.009111617,0.034168565,0.011389522,0.034168565,train/episode_37__pi05_annotations_in_yuanqv_clean/images/ZED_LEFT/ZED_LEFT_20260206_124541_730998.jpg,train/episode_37__pi05_annotations_in_yuanqv_clean/images/road_img/ZED_LEFT_20260206_124541_730998.jpg,0.8,0.694494,0.729003,0.751342,0.824424
20260206_124541_730998,24.6796875,0.06377499999999983,-0.08477500000000009,-4.0124999999999975,-32.125,24.314062500000002,23.751562500000002,24.356250000000003,23.6953125,0.014824580249999976,0.037612724999999986,0.013108351499999992,0.03989583024999997,train/episode_37__pi05_annotations_in_yuanqv_clean/images/ZED_LEFT/ZED_LEFT_20260206_124541_730998.jpg,train/episode_37__pi05_annotations_in_yuanqv_clean/images/road_img/ZED_LEFT_20260206_124541_730998.jpg,0.8,0.694494,0.720524,0.737254,0.823045
20260206_124541_730998,24.665625,0.10175000000000035,-0.06454999999999982,-4.645000000000006,-30.94999999999999,24.159375,23.653125,24.3,23.540625,0.02053754350000005,0.04105688500000003,0.014827181000000016,0.04562309550000005,train/episode_37__pi05_annotations_in_yuanqv_clean/images/ZED_LEFT/ZED_LEFT_20260206_124541_730998.jpg,train/episode_37__pi05_annotations_in_yuanqv_clean/images/road_img/ZED_LEFT_20260206_124541_730998.jpg,0.8,0.694494,0.717413,0.727095,0.822126
20260206_124541_730998,24.6515625,0.13972500000000018,-0.044324999999999906,-5.2775000000000025,-29.774999999999995,24.0046875,23.5546875,24.24375,23.3859375,0.026250506750000027,0.04450104500000002,0.016546010500000007,0.051350360750000025,train/episode_37__pi05_annotations_in_yuanqv_clean/images/ZED_LEFT/ZED_LEFT_20260206_124541_730998.jpg,train/episode_37__pi05_annotations_in_yuanqv_clean/images/road_img/ZED_LEFT_20260206_124541_730998.jpg,0.8,0.694494,0.707817,0.718919,0.819824
20260206_124541_980998,24.6375,0.1777,-0.0241,-5.91,-28.6,23.85,23.45625,24.1875,23.23125,0.03196347,0.047945205,0.01826484,0.057077626,train/episode_37__pi05_annotations_in_yuanqv_clean/images/ZED_LEFT/ZED_LEFT_20260206_124541_980998.jpg,train/episode_37__pi05_annotations_in_yuanqv_clean/images/road_img/ZED_LEFT_20260206_124541_980998.jpg,0.8,0.843783,0.686878,0.745542,0.821831
20260206_124541_980998,24.525,0.12095,-0.0351,-5.85,-29.625,23.793750000000003,23.315625,24.0609375,23.1609375,0.029786556,0.049330996749999995,0.01893118825,0.05559891725,train/episode_37__pi05_annotations_in_yuanqv_clean/images/ZED_LEFT/ZED_LEFT_20260206_124541_980998.jpg,train/episode_37__pi05_annotations_in_yuanqv_clean/images/road_img/ZED_LEFT_20260206_124541_980998.jpg,0.8,0.843783,0.677694,0.765261,0.819976
20260206_124541_980998,24.4125,0.0642,-0.0461,-5.79,-30.650000000000002,23.7375,23.175,23.934375,23.090625,0.027609642,0.0507167885,0.0195975365,0.0541202085,train/episode_37__pi05_annotations_in_yuanqv_clean/images/ZED_LEFT/ZED_LEFT_20260206_124541_980998.jpg,train/episode_37__pi05_annotations_in_yuanqv_clean/images/road_img/ZED_LEFT_20260206_124541_980998.jpg,0.8,0.843783,0.687065,0.780040,0.821170
20260206_124541_980998,24.299999999999997,0.007449999999998985,-0.05710000000000019,-5.729999999999999,-31.675000000000022,23.68125,23.034374999999997,23.807812499999997,23.0203125,0.02543272799999996,0.05210258025000002,0.020263884750000013,0.05264149974999997,train/episode_37__pi05_annotations_in_yuanqv_clean/images/ZED_LEFT/ZED_LEFT_20260206_124541_980998.jpg,train/episode_37__pi05_annotations_in_yuanqv_clean/images/road_img/ZED_LEFT_20260206_124541_980998.jpg,0.8,0.843783,0.730214,0.791264,0.825894
20260206_124542_230998,24.187499999999996,-0.04929999999999888,-0.06810000000000022,-5.670000000000001,-32.70000000000008,23.625,22.89375,23.68125,22.95,0.023255813999999937,0.05348837199999999,0.020930232999999958,0.05116279099999999,train/episode_37__pi05_annotations_in_yuanqv_clean/images/ZED_LEFT/ZED_LEFT_20260206_124542_230998.jpg,train/episode_37__pi05_annotations_in_yuanqv_clean/images/road_img/ZED_LEFT_20260206_124542_230998.jpg,0.8,0.834926,0.769978,0.799335,0.816716
20260206_124542_230998,24.075,0.013775000000000842,-0.08035000000000016,-5.732500000000001,-37.30000000000006,23.596875,22.795312499999998,23.625,22.851562499999996,0.019811528749999953,0.05314945424999999,0.01865975999999997,0.05081285149999999,train/episode_37__pi05_annotations_in_yuanqv_clean/images/ZED_LEFT/ZED_LEFT_20260206_124542_230998.jpg,train/episode_37__pi05_annotations_in_yuanqv_clean/images/road_img/ZED_LEFT_20260206_124542_230998.jpg,0.8,0.834926,0.758025,0.804335,0.807487
20260206_124542_230998,23.9625,0.07685000000000057,-0.0926000000000001,-5.795000000000001,-41.90000000000004,23.568749999999998,22.696875,23.568749999999998,22.753124999999997,0.01636724349999997,0.0528105365,0.01638928699999998,0.050462912,train/episode_37__pi05_annotations_in_yuanqv_clean/images/ZED_LEFT/ZED_LEFT_20260206_124542_230998.jpg,train/episode_37__pi05_annotations_in_yuanqv_clean/images/road_img/ZED_LEFT_20260206_124542_230998.jpg,0.8,0.834926,0.754288,0.807874,0.805362
20260206_124542_230998,23.85,0.1399250000000003,-0.10485000000000005,-5.8575,-46.50000000000002,23.540625,22.5984375,23.5125,22.654687499999998,0.012922958249999984,0.05247161875,0.01411881399999999,0.0501129725,train/episode_37__pi05_annotations_in_yuanqv_clean/images/ZED_LEFT/ZED_LEFT_20260206_124542_230998.jpg,train/episode_37__pi05_annotations_in_yuanqv_clean/images/road_img/ZED_LEFT_20260206_124542_230998.jpg,0.8,0.834926,0.764910,0.811205,0.815192
20260206_124542_480998,23.737499999999997,0.20299999999999926,-0.11709999999999968,-5.92,-51.100000000000044,23.5125,22.5,23.45625,22.556249999999995,0.00947867299999999,0.05213270099999998,0.011848340999999969,0.04976303300000003,train/episode_37__pi05_annotations_in_yuanqv_clean/images/ZED_LEFT/ZED_LEFT_20260206_124542_480998.jpg,train/episode_37__pi05_annotations_in_yuanqv_clean/images/road_img/ZED_LEFT_20260206_124542_480998.jpg,0.8,0.804360,0.752062,0.805486,0.813420
20260206_124542_480998,23.625,0.16059999999999944,-0.09947499999999976,-5.92,-53.55000000000003,23.414062499999996,22.415625,23.3859375,22.401562499999997,0.008920598999999993,0.051176820499999984,0.010093985249999977,0.05181502825000003,train/episode_37__pi05_annotations_in_yuanqv_clean/images/ZED_LEFT/ZED_LEFT_20260206_124542_480998.jpg,train/episode_37__pi05_annotations_in_yuanqv_clean/images/road_img/ZED_LEFT_20260206_124542_480998.jpg,0.8,0.804360,0.742774,0.800838,0.812995
20260206_124542_480998,23.5125,0.11819999999999962,-0.08184999999999984,-5.92,-56.00000000000002,23.315624999999997,22.33125,23.315625,22.246875,0.008362524999999996,0.05022093999999999,0.008339629499999984,0.05386702350000002,train/episode_37__pi05_annotations_in_yuanqv_clean/images/ZED_LEFT/ZED_LEFT_20260206_124542_480998.jpg,train/episode_37__pi05_annotations_in_yuanqv_clean/images/road_img/ZED_LEFT_20260206_124542_480998.jpg,0.8,0.804360,0.738165,0.797322,0.812571
20260206_124542_480998,23.400000000000002,0.07579999999999981,-0.06422499999999992,-5.92,-58.45000000000001,23.217187499999998,22.246875,23.2453125,22.092187499999998,0.007804450999999998,0.04926505949999999,0.006585273749999993,0.05591901875000001,train/episode_37__pi05_annotations_in_yuanqv_clean/images/ZED_LEFT/ZED_LEFT_20260206_124542_480998.jpg,train/episode_37__pi05_annotations_in_yuanqv_clean/images/road_img/ZED_LEFT_20260206_124542_480998.jpg,0.8,0.804360,0.736046,0.794797,0.812702
20260206_124542_730998,23.2875,0.0334,-0.0466,-5.92,-60.9,23.11875,22.1625,23.175,21.9375,0.007246377,0.048309179,0.004830918,0.057971014,train/episode_37__pi05_annotations_in_yuanqv_clean/images/ZED_LEFT/ZED_LEFT_20260206_124542_730998.jpg,train/episode_37__pi05_annotations_in_yuanqv_clean/images/road_img/ZED_LEFT_20260206_124542_730998.jpg,0.8,0.769884,0.751289,0.785915,0.833443
20260206_124542_730998,23.23125,0.04050000000000009,-0.04985000000000005,-6.180000000000003,-66.67500000000007,23.076562499999998,22.0078125,23.11875,21.8671875,0.006654294999999992,0.052695299000000057,0.00484270075,0.05872216300000001,train/episode_37__pi05_annotations_in_yuanqv_clean/images/ZED_LEFT/ZED_LEFT_20260206_124542_730998.jpg,train/episode_37__pi05_annotations_in_yuanqv_clean/images/road_img/ZED_LEFT_20260206_124542_730998.jpg,0.8,0.769884,0.769526,0.781075,0.833944
20260206_124542_730998,23.175,0.04760000000000006,-0.05310000000000003,-6.440000000000002,-72.45000000000005,23.034374999999997,21.853125,23.0625,21.796875,0.006062212999999995,0.057081419000000036,0.0048544835,0.05947331200000001,train/episode_37__pi05_annotations_in_yuanqv_clean/images/ZED_LEFT/ZED_LEFT_20260206_124542_730998.jpg,train/episode_37__pi05_annotations_in_yuanqv_clean/images/road_img/ZED_LEFT_20260206_124542_730998.jpg,0.8,0.769884,0.783342,0.778970,0.833223
20260206_124542_730998,23.11875,0.054700000000000026,-0.05635000000000002,-6.700000000000001,-78.22500000000002,22.9921875,21.6984375,23.006249999999998,21.7265625,0.005470130999999997,0.061467539000000015,0.00486626625,0.06022446100000001,train/episode_37__pi05_annotations_in_yuanqv_clean/images/ZED_LEFT/ZED_LEFT_20260206_124542_730998.jpg,train/episode_37__pi05_annotations_in_yuanqv_clean/images/road_img/ZED_LEFT_20260206_124542_730998.jpg,0.8,0.769884,0.789609,0.778181,0.832206
20260206_124542_980998,23.0625,0.0618,-0.0596,-6.96,-84.0,22.95,21.54375,22.95,21.65625,0.004878049,0.065853659,0.004878049,0.06097561,train/episode_37__pi05_annotations_in_yuanqv_clean/images/ZED_LEFT/ZED_LEFT_20260206_124542_980998.jpg,train/episode_37__pi05_annotations_in_yuanqv_clean/images/road_img/ZED_LEFT_20260206_124542_980998.jpg,0.8,0.809709,0.791114,0.785724,0.814327
20260206_124542_980998,23.00625,0.08674999999999988,-0.054650000000000025,-7.577499999999997,-88.77499999999998,22.9359375,21.4875,22.921875,21.54375,0.003042773250000008,0.06601586,0.0036585367500000052,0.06358885024999998,train/episode_37__pi05_annotations_in_yuanqv_clean/images/ZED_LEFT/ZED_LEFT_20260206_124542_980998.jpg,train/episode_37__pi05_annotations_in_yuanqv_clean/images/road_img/ZED_LEFT_20260206_124542_980998.jpg,0.8,0.809709,0.790755,0.790885,0.814599
20260206_124542_980998,22.95,0.11170000000000022,-0.04969999999999995,-8.195000000000006,-93.55000000000004,22.921875,21.43125,22.893749999999997,21.43125,0.0012074974999999833,0.066178061,0.002439024499999989,0.06620209050000002,train/episode_37__pi05_annotations_in_yuanqv_clean/images/ZED_LEFT/ZED_LEFT_20260206_124542_980998.jpg,train/episode_37__pi05_annotations_in_yuanqv_clean/images/road_img/ZED_LEFT_20260206_124542_980998.jpg,0.8,0.809709,0.787649,0.794092,0.814878
20260206_124542_980998,22.893749999999997,0.1366500000000001,-0.04474999999999998,-8.812500000000002,-98.32500000000002,22.9078125,21.375,22.865624999999998,21.31875,-0.0006277782500000084,0.066340262,0.0012195122499999945,0.06881533075000001,train/episode_37__pi05_annotations_in_yuanqv_clean/images/ZED_LEFT/ZED_LEFT_20260206_124542_980998.jpg,train/episode_37__pi05_annotations_in_yuanqv_clean/images/road_img/ZED_LEFT_20260206_124542_980998.jpg,0.8,0.809709,0.781002,0.795550,0.814919
20260206_124543_230998,22.8375,0.1616,-0.0398,-9.43,-103.1,22.89375,21.31875,22.8375,21.20625,-0.002463054,0.066502463,0.0,0.071428571,train/episode_37__pi05_annotations_in_yuanqv_clean/images/ZED_LEFT/ZED_LEFT_20260206_124543_230998.jpg,train/episode_37__pi05_annotations_in_yuanqv_clean/images/road_img/ZED_LEFT_20260206_124543_230998.jpg,0.8,0.847065,0.770072,0.802898,0.789978
20260206_124543_230998,22.753124999999997,0.1447,-0.042475,-9.4725,-107.125,22.865625,21.234375,22.809375,21.1078125,-0.0049722905000000005,0.06675184725,-0.0025,0.07232142825,train/episode_37__pi05_annotations_in_yuanqv_clean/images/ZED_LEFT/ZED_LEFT_20260206_124543_230998.jpg,train/episode_37__pi05_annotations_in_yuanqv_clean/images/road_img/ZED_LEFT_20260206_124543_230998.jpg,0.8,0.847065,0.765405,0.808140,0.789497
20260206_124543_230998,22.66875,0.1278,-0.04515,-9.515,-111.15,22.8375,21.15,22.78125,21.009375,-0.007481527000000001,0.06700123150000001,-0.005,0.0732142855,train/episode_37__pi05_annotations_in_yuanqv_clean/images/ZED_LEFT/ZED_LEFT_20260206_124543_230998.jpg,train/episode_37__pi05_annotations_in_yuanqv_clean/images/road_img/ZED_LEFT_20260206_124543_230998.jpg,0.8,0.847065,0.767386,0.812494,0.789403
20260206_124543_230998,22.584374999999998,0.1108999999999997,-0.04782500000000005,-9.557500000000001,-115.17500000000007,22.809375,21.065624999999997,22.753125,20.9109375,-0.009990763500000045,0.06725061575,-0.007500000000000044,0.07410714275000001,train/episode_37__pi05_annotations_in_yuanqv_clean/images/ZED_LEFT/ZED_LEFT_20260206_124543_230998.jpg,train/episode_37__pi05_annotations_in_yuanqv_clean/images/road_img/ZED_LEFT_20260206_124543_230998.jpg,0.8,0.847065,0.774959,0.816538,0.789460
20260206_124543_480998,22.5,0.09400000000000026,-0.050499999999999955,-9.600000000000012,-119.20000000000005,22.78125,20.98125,22.725,20.8125,-0.012500000000000023,0.06750000000000002,-0.010000000000000012,0.07500000000000004,train/episode_37__pi05_annotations_in_yuanqv_clean/images/ZED_LEFT/ZED_LEFT_20260206_124543_480998.jpg,train/episode_37__pi05_annotations_in_yuanqv_clean/images/road_img/ZED_LEFT_20260206_124543_480998.jpg,0.8,0.782357,0.785571,0.806594,0.810132
20260206_124543_480998,22.443749999999998,0.1090500000000002,-0.04767499999999997,-10.277500000000009,-121.47500000000004,22.753125,20.9109375,22.6828125,20.714062499999997,-0.013794192000000018,0.06830176775000002,-0.01065656575000001,0.07708333325000002,train/episode_37__pi05_annotations_in_yuanqv_clean/images/ZED_LEFT/ZED_LEFT_20260206_124543_480998.jpg,train/episode_37__pi05_annotations_in_yuanqv_clean/images/road_img/ZED_LEFT_20260206_124543_480998.jpg,0.8,0.782357,0.790267,0.800140,0.809701
20260206_124543_480998,22.3875,0.12410000000000014,-0.04484999999999997,-10.955000000000005,-123.75000000000003,22.724999999999998,20.840625,22.640625,20.615624999999998,-0.01508838400000001,0.06910353550000001,-0.011313131500000006,0.07916666650000001,train/episode_37__pi05_annotations_in_yuanqv_clean/images/ZED_LEFT/ZED_LEFT_20260206_124543_480998.jpg,train/episode_37__pi05_annotations_in_yuanqv_clean/images/road_img/ZED_LEFT_20260206_124543_480998.jpg,0.8,0.782357,0.791834,0.795841,0.809378
20260206_124543_480998,22.331249999999997,0.13915000000000008,-0.042024999999999986,-11.632500000000004,-126.02500000000002,22.696875,20.7703125,22.5984375,20.5171875,-0.016382576000000006,0.06990530325,-0.011969697250000003,0.08124999975000001,train/episode_37__pi05_annotations_in_yuanqv_clean/images/ZED_LEFT/ZED_LEFT_20260206_124543_480998.jpg,train/episode_37__pi05_annotations_in_yuanqv_clean/images/road_img/ZED_LEFT_20260206_124543_480998.jpg,0.8,0.782357,0.791495,0.792844,0.809328
20260206_124543_730998,22.275,0.15420000000000003,-0.039199999999999985,-12.310000000000013,-128.30000000000004,22.66875,20.7,22.55625,20.41875,-0.017676767999999978,0.07070707100000004,-0.01262626299999999,0.08333333300000001,train/episode_37__pi05_annotations_in_yuanqv_clean/images/ZED_LEFT/ZED_LEFT_20260206_124543_730998.jpg,train/episode_37__pi05_annotations_in_yuanqv_clean/images/road_img/ZED_LEFT_20260206_124543_730998.jpg,0.8,0.804145,0.789512,0.794499,0.799650
20260206_124543_730998,22.232812499999998,0.15572500000000003,-0.038374999999999986,-12.992500000000009,-130.60000000000005,22.5984375,20.615624999999998,22.5,20.3625,-0.016438237499999984,0.07275040500000002,-0.012014226499999992,0.08412849850000001,train/episode_37__pi05_annotations_in_yuanqv_clean/images/ZED_LEFT/ZED_LEFT_20260206_124543_730998.jpg,train/episode_37__pi05_annotations_in_yuanqv_clean/images/road_img/ZED_LEFT_20260206_124543_730998.jpg,0.8,0.804145,0.788205,0.795450,0.799733
20260206_124543_730998,22.190624999999997,0.15725,-0.03754999999999999,-13.675000000000006,-132.90000000000003,22.528125,20.53125,22.443749999999998,20.30625,-0.01519970699999999,0.07479373900000001,-0.011402189999999994,0.08492366400000001,train/episode_37__pi05_annotations_in_yuanqv_clean/images/ZED_LEFT/ZED_LEFT_20260206_124543_730998.jpg,train/episode_37__pi05_annotations_in_yuanqv_clean/images/road_img/ZED_LEFT_20260206_124543_730998.jpg,0.8,0.804145,0.787825,0.796022,0.799720
20260206_124543_730998,22.1484375,0.158775,-0.036724999999999994,-14.357500000000002,-135.20000000000002,22.4578125,20.446875,22.3875,20.25,-0.013961176499999995,0.076837073,-0.010790153499999998,0.0857188295,train/episode_37__pi05_annotations_in_yuanqv_clean/images/ZED_LEFT/ZED_LEFT_20260206_124543_730998.jpg,train/episode_37__pi05_annotations_in_yuanqv_clean/images/road_img/ZED_LEFT_20260206_124543_730998.jpg,0.8,0.804145,0.788328,0.796444,0.799627
20260206_124543_980998,22.10625,0.1603,-0.0359,-15.04,-137.5,22.3875,20.3625,22.33125,20.19375,-0.012722646,0.078880407,-0.010178117,0.086513995,train/episode_37__pi05_annotations_in_yuanqv_clean/images/ZED_LEFT/ZED_LEFT_20260206_124543_980998.jpg,train/episode_37__pi05_annotations_in_yuanqv_clean/images/road_img/ZED_LEFT_20260206_124543_980998.jpg,0.8,0.746198,0.789358,0.786762,0.799481
20260206_124543_980998,22.0640625,0.16482500000000005,-0.03810000000000003,-15.650000000000007,-137.725,22.415625,20.3625,22.359375,20.1796875,-0.015952241000000044,0.07710902324999998,-0.013402818500000043,0.08539831674999998,train/episode_37__pi05_annotations_in_yuanqv_clean/images/ZED_LEFT/ZED_LEFT_20260206_124543_980998.jpg,train/episode_37__pi05_annotations_in_yuanqv_clean/images/road_img/ZED_LEFT_20260206_124543_980998.jpg,0.8,0.746198,0.789818,0.779939,0.799269
20260206_124543_980998,22.021874999999998,0.16935000000000003,-0.040300000000000016,-16.260000000000005,-137.95000000000002,22.44375,20.3625,22.387500000000003,20.165625,-0.01918183600000003,0.07533763949999998,-0.016627520000000028,0.08428263849999999,train/episode_37__pi05_annotations_in_yuanqv_clean/images/ZED_LEFT/ZED_LEFT_20260206_124543_980998.jpg,train/episode_37__pi05_annotations_in_yuanqv_clean/images/road_img/ZED_LEFT_20260206_124543_980998.jpg,0.8,0.746198,0.789908,0.775082,0.799145
20260206_124543_980998,21.9796875,0.17387500000000003,-0.04250000000000001,-16.870000000000005,-138.175,22.471875,20.3625,22.415625000000002,20.1515625,-0.022411431000000016,0.07356625574999999,-0.019852221500000013,0.08316696024999999,train/episode_37__pi05_annotations_in_yuanqv_clean/images/ZED_LEFT/ZED_LEFT_20260206_124543_980998.jpg,train/episode_37__pi05_annotations_in_yuanqv_clean/images/road_img/ZED_LEFT_20260206_124543_980998.jpg,0.8,0.746198,0.789906,0.771598,0.799136
20260206_124544_230998,21.9375,0.1784,-0.0447,-17.48,-138.4,22.5,20.3625,22.44375,20.1375,-0.025641026,0.071794872,-0.023076923,0.082051282,train/episode_37__pi05_annotations_in_yuanqv_clean/images/ZED_LEFT/ZED_LEFT_20260206_124544_230998.jpg,train/episode_37__pi05_annotations_in_yuanqv_clean/images/road_img/ZED_LEFT_20260206_124544_230998.jpg,0.8,0.832892,0.789959,0.784965,0.820814
20260206_124544_230998,21.8953125,0.18312499999999998,-0.04704999999999999,-17.697499999999998,-136.85,22.6828125,20.53125,22.626562500000002,20.390624999999996,-0.03602663524999995,0.06224408675000004,-0.033457562999999954,0.06864440475000007,train/episode_37__pi05_annotations_in_yuanqv_clean/images/ZED_LEFT/ZED_LEFT_20260206_124544_230998.jpg,train/episode_37__pi05_annotations_in_yuanqv_clean/images/road_img/ZED_LEFT_20260206_124544_230998.jpg,0.8,0.832892,0.790069,0.794395,0.820792
20260206_124544_230998,21.853125,0.18785000000000004,-0.04940000000000002,-17.915000000000003,-135.29999999999998,22.865625,20.700000000000003,22.809375000000003,20.64375,-0.046412244500000095,0.052693301499999914,-0.04383820300000009,0.05523752749999988,train/episode_37__pi05_annotations_in_yuanqv_clean/images/ZED_LEFT/ZED_LEFT_20260206_124544_230998.jpg,train/episode_37__pi05_annotations_in_yuanqv_clean/images/road_img/ZED_LEFT_20260206_124544_230998.jpg,0.8,0.832892,0.790231,0.801067,0.820886
20260206_124544_230998,21.8109375,0.19257500000000002,-0.05175000000000001,-18.132500000000004,-133.75,23.0484375,20.868750000000002,22.9921875,20.896875,-0.056797853750000044,0.04314251624999996,-0.054218843000000044,0.04183065024999994,train/episode_37__pi05_annotations_in_yuanqv_clean/images/ZED_LEFT/ZED_LEFT_20260206_124544_230998.jpg,train/episode_37__pi05_annotations_in_yuanqv_clean/images/road_img/ZED_LEFT_20260206_124544_230998.jpg,0.8,0.832892,0.790471,0.805810,0.821090
20260206_124544_480998,21.76875,0.1973,-0.0541,-18.35,-132.2,23.23125,21.0375,23.175,21.15,-0.067183463,0.033591731,-0.064599483,0.028423773,train/episode_37__pi05_annotations_in_yuanqv_clean/images/ZED_LEFT/ZED_LEFT_20260206_124544_480998.jpg,train/episode_37__pi05_annotations_in_yuanqv_clean/images/road_img/ZED_LEFT_20260206_124544_480998.jpg,0.8,0.891483,0.790596,0.821320,0.816656
20260206_124544_480998,21.7125,0.19905,-0.050475,-18.64,-130.29999999999998,23.34375,21.20625,23.3015625,21.2203125,-0.07519177475,0.023235573750000002,-0.07325378974999999,0.02262331275,train/episode_37__pi05_annotations_in_yuanqv_clean/images/ZED_LEFT/ZED_LEFT_20260206_124544_480998.jpg,train/episode_37__pi05_annotations_in_yuanqv_clean/images/road_img/ZED_LEFT_20260206_124544_480998.jpg,0.8,0.891483,0.790143,0.833195,0.816809
20260206_124544_480998,21.65625,0.2008,-0.04685,-18.93,-128.39999999999998,23.456249999999997,21.375,23.428125,21.290625,-0.08320008649999999,0.012879416500000001,-0.0819080965,0.0168228525,train/episode_37__pi05_annotations_in_yuanqv_clean/images/ZED_LEFT/ZED_LEFT_20260206_124544_480998.jpg,train/episode_37__pi05_annotations_in_yuanqv_clean/images/road_img/ZED_LEFT_20260206_124544_480998.jpg,0.8,0.891483,0.789171,0.842426,0.816843
20260206_124544_480998,21.599999999999998,0.20255000000000004,-0.04322499999999994,-19.220000000000006,-126.49999999999996,23.56875,21.543750000000003,23.5546875,21.3609375,-0.09120839825000014,0.002523259249999816,-0.09056240325000015,0.011022392249999895,train/episode_37__pi05_annotations_in_yuanqv_clean/images/ZED_LEFT/ZED_LEFT_20260206_124544_480998.jpg,train/episode_37__pi05_annotations_in_yuanqv_clean/images/road_img/ZED_LEFT_20260206_124544_480998.jpg,0.8,0.891483,0.787828,0.849712,0.816786
20260206_124544_730998,21.54375,0.2043000000000001,-0.03959999999999982,-19.510000000000005,-124.59999999999988,23.681250000000002,21.712500000000002,23.681250000000002,21.431250000000002,-0.09921671000000015,-0.007832898000000197,-0.09921671000000017,0.005221931999999756,train/episode_37__pi05_annotations_in_yuanqv_clean/images/ZED_LEFT/ZED_LEFT_20260206_124544_730998.jpg,train/episode_37__pi05_annotations_in_yuanqv_clean/images/road_img/ZED_LEFT_20260206_124544_730998.jpg,0.8,0.815141,0.786130,0.837030,0.799905
20260206_124544_730998,21.515625,0.20862500000000006,-0.029374999999999866,-19.697500000000005,-118.22499999999991,23.8359375,21.923437500000002,23.85,21.698437500000004,-0.10787709950000011,-0.01899803300000015,-0.10853326750000013,-0.008550742500000182,train/episode_37__pi05_annotations_in_yuanqv_clean/images/ZED_LEFT/ZED_LEFT_20260206_124544_730998.jpg,train/episode_37__pi05_annotations_in_yuanqv_clean/images/road_img/ZED_LEFT_20260206_124544_730998.jpg,0.8,0.815141,0.783409,0.827799,0.799813
20260206_124544_730998,21.487499999999997,0.21295000000000003,-0.01914999999999991,-19.885,-111.84999999999994,23.990625,22.134375000000002,24.01875,21.965625000000003,-0.11653748900000008,-0.0301631680000001,-0.11784982500000007,-0.022323417000000123,train/episode_37__pi05_annotations_in_yuanqv_clean/images/ZED_LEFT/ZED_LEFT_20260206_124544_730998.jpg,train/episode_37__pi05_annotations_in_yuanqv_clean/images/road_img/ZED_LEFT_20260206_124544_730998.jpg,0.8,0.815141,0.779660,0.820908,0.799645
20260206_124544_730998,21.459374999999998,0.21727500000000002,-0.008924999999999954,-20.0725,-105.47499999999997,24.1453125,22.3453125,24.1875,22.2328125,-0.12519787850000003,-0.04132830300000005,-0.12716638250000004,-0.03609609150000006,train/episode_37__pi05_annotations_in_yuanqv_clean/images/ZED_LEFT/ZED_LEFT_20260206_124544_730998.jpg,train/episode_37__pi05_annotations_in_yuanqv_clean/images/road_img/ZED_LEFT_20260206_124544_730998.jpg,0.8,0.815141,0.774464,0.815552,0.799352
20260206_124544_980998,21.43125,0.22160000000000005,0.001300000000000005,-20.26,-99.09999999999995,24.300000000000004,22.556250000000002,24.356250000000003,22.500000000000004,-0.13385826800000017,-0.05249343800000017,-0.13648294000000014,-0.0498687660000002,train/episode_37__pi05_annotations_in_yuanqv_clean/images/ZED_LEFT/ZED_LEFT_20260206_124544_980998.jpg,train/episode_37__pi05_annotations_in_yuanqv_clean/images/road_img/ZED_LEFT_20260206_124544_980998.jpg,0.8,0.854026,0.767651,0.819952,0.800926
20260206_124544_980998,21.417187499999997,0.22527500000000006,0.0015750000000000035,-20.335,-96.57499999999996,24.468750000000004,22.739062500000003,24.496875000000003,22.725,-0.1424989642500001,-0.06173849950000013,-0.1438095735000001,-0.06108578500000015,train/episode_37__pi05_annotations_in_yuanqv_clean/images/ZED_LEFT/ZED_LEFT_20260206_124544_980998.jpg,train/episode_37__pi05_annotations_in_yuanqv_clean/images/road_img/ZED_LEFT_20260206_124544_980998.jpg,0.8,0.854026,0.762445,0.823220,0.800402
20260206_124544_980998,21.403125,0.22895000000000004,0.0018500000000000023,-20.41,-94.04999999999997,24.637500000000003,22.921875,24.6375,22.950000000000003,-0.15113966050000008,-0.07098356100000008,-0.15113620700000005,-0.07230280400000011,train/episode_37__pi05_annotations_in_yuanqv_clean/images/ZED_LEFT/ZED_LEFT_20260206_124544_980998.jpg,train/episode_37__pi05_annotations_in_yuanqv_clean/images/road_img/ZED_LEFT_20260206_124544_980998.jpg,0.8,0.854026,0.759177,0.825892,0.799928
20260206_124544_980998,21.389062499999998,0.23262500000000003,0.002125000000000001,-20.485,-91.52499999999999,24.806250000000002,23.1046875,24.778125,23.175,-0.15978035675000002,-0.08022862250000004,-0.15846284050000004,-0.08351982300000005,train/episode_37__pi05_annotations_in_yuanqv_clean/images/ZED_LEFT/ZED_LEFT_20260206_124544_980998.jpg,train/episode_37__pi05_annotations_in_yuanqv_clean/images/road_img/ZED_LEFT_20260206_124544_980998.jpg,0.8,0.854026,0.758166,0.828284,0.799564
20260206_124545_230998,21.375,0.2363,0.0024,-20.56,-89.0,24.975,23.2875,24.91875,23.4,-0.168421053,-0.089473684,-0.165789474,-0.094736842,train/episode_37__pi05_annotations_in_yuanqv_clean/images/ZED_LEFT/ZED_LEFT_20260206_124545_230998.jpg,train/episode_37__pi05_annotations_in_yuanqv_clean/images/road_img/ZED_LEFT_20260206_124545_230998.jpg,0.8,0.892903,0.758940,0.841992,0.811217
20260206_124545_230998,21.4171875,0.2293499999999999,0.0007749999999999708,-20.575,-87.02499999999996,25.059375000000003,23.442187500000003,25.059375000000003,23.5265625,-0.17004947125000003,-0.09452040650000008,-0.17003401150000005,-0.09846777500000006,train/episode_37__pi05_annotations_in_yuanqv_clean/images/ZED_LEFT/ZED_LEFT_20260206_124545_230998.jpg,train/episode_37__pi05_annotations_in_yuanqv_clean/images/road_img/ZED_LEFT_20260206_124545_230998.jpg,0.8,0.892903,0.761006,0.852155,0.810998
20260206_124545_230998,21.459375,0.2224,-0.0008500000000000005,-20.59,-85.05,25.14375,23.596875,25.2,23.653125,-0.1716778895,-0.099567129,-0.174278549,-0.102198708,train/episode_37__pi05_annotations_in_yuanqv_clean/images/ZED_LEFT/ZED_LEFT_20260206_124545_230998.jpg,train/episode_37__pi05_annotations_in_yuanqv_clean/images/road_img/ZED_LEFT_20260206_124545_230998.jpg,0.8,0.892903,0.764167,0.859781,0.810842
20260206_124545_230998,21.5015625,0.21544999999999986,-0.0024750000000000297,-20.605,-83.07499999999996,25.228125000000002,23.751562500000002,25.340625000000003,23.7796875,-0.17330630775000003,-0.10461385150000009,-0.17852308650000007,-0.10592964100000006,train/episode_37__pi05_annotations_in_yuanqv_clean/images/ZED_LEFT/ZED_LEFT_20260206_124545_230998.jpg,train/episode_37__pi05_annotations_in_yuanqv_clean/images/road_img/ZED_LEFT_20260206_124545_230998.jpg,0.8,0.892903,0.768139,0.865578,0.810717
20260206_124545_480998,21.543750000000003,0.20850000000000052,-0.004099999999999635,-20.62,-81.09999999999991,25.312500000000007,23.906250000000007,25.481250000000006,23.906250000000007,-0.1749347260000001,-0.10966057400000011,-0.1827676240000001,-0.10966057400000015,train/episode_37__pi05_annotations_in_yuanqv_clean/images/ZED_LEFT/ZED_LEFT_20260206_124545_480998.jpg,train/episode_37__pi05_annotations_in_yuanqv_clean/images/road_img/ZED_LEFT_20260206_124545_480998.jpg,0.8,0.855762,0.772606,0.859283,0.805813
20260206_124545_480998,21.6703125,0.2230750000000001,0.006175000000000091,-20.635,-78.57499999999997,25.509375000000002,24.117187500000004,25.692187500000003,24.145312500000003,-0.17711941175000004,-0.11285767550000003,-0.18554510575000002,-0.11413318550000004,train/episode_37__pi05_annotations_in_yuanqv_clean/images/ZED_LEFT/ZED_LEFT_20260206_124545_480998.jpg,train/episode_37__pi05_annotations_in_yuanqv_clean/images/road_img/ZED_LEFT_20260206_124545_480998.jpg,0.8,0.855762,0.773892,0.854992,0.805672
20260206_124545_480998,21.796875000000004,0.23765000000000025,0.016450000000000183,-20.650000000000002,-76.04999999999995,25.706250000000004,24.328125000000004,25.903125000000003,24.384375000000006,-0.17930409750000004,-0.11605477700000005,-0.18832258750000005,-0.11860579700000007,train/episode_37__pi05_annotations_in_yuanqv_clean/images/ZED_LEFT/ZED_LEFT_20260206_124545_480998.jpg,train/episode_37__pi05_annotations_in_yuanqv_clean/images/road_img/ZED_LEFT_20260206_124545_480998.jpg,0.8,0.855762,0.772319,0.852006,0.805587
20260206_124545_480998,21.9234375,0.25222499999999987,0.02672499999999991,-20.665,-73.52500000000002,25.903125,24.539062499999996,26.114062499999996,24.623437499999998,-0.18148878324999998,-0.11925187849999996,-0.19110006924999998,-0.12307840849999996,train/episode_37__pi05_annotations_in_yuanqv_clean/images/ZED_LEFT/ZED_LEFT_20260206_124545_480998.jpg,train/episode_37__pi05_annotations_in_yuanqv_clean/images/road_img/ZED_LEFT_20260206_124545_480998.jpg,0.8,0.855762,0.767424,0.849883,0.805399
20260206_124545_730998,22.05,0.2668,0.037,-20.68,-71.0,26.1,24.75,26.325,24.8625,-0.183673469,-0.12244898,-0.193877551,-0.12755102,train/episode_37__pi05_annotations_in_yuanqv_clean/images/ZED_LEFT/ZED_LEFT_20260206_124545_730998.jpg,train/episode_37__pi05_annotations_in_yuanqv_clean/images/road_img/ZED_LEFT_20260206_124545_730998.jpg,0.8,0.838231,0.758095,0.843447,0.811166
20260206_124545_730998,22.190625000000004,0.25244999999999973,0.04702500000000018,-20.472499999999997,-69.49999999999997,26.254687500000003,24.890625000000004,26.465625000000003,25.045312500000005,-0.18315311174999999,-0.12168748124999999,-0.19267184475,-0.12862346400000002,train/episode_37__pi05_annotations_in_yuanqv_clean/images/ZED_LEFT/ZED_LEFT_20260206_124545_730998.jpg,train/episode_37__pi05_annotations_in_yuanqv_clean/images/road_img/ZED_LEFT_20260206_124545_730998.jpg,0.8,0.838231,0.750178,0.838785,0.810623
20260206_124545_730998,22.33125,0.23809999999999998,0.057050000000000003,-20.265,-68.0,26.409375,25.03125,26.60625,25.228125,-0.1826327545,-0.1209259825,-0.1914661385,-0.129695908,train/episode_37__pi05_annotations_in_yuanqv_clean/images/ZED_LEFT/ZED_LEFT_20260206_124545_730998.jpg,train/episode_37__pi05_annotations_in_yuanqv_clean/images/road_img/ZED_LEFT_20260206_124545_730998.jpg,0.8,0.838231,0.744887,0.835553,0.810131
20260206_124545_730998,22.471875000000004,0.22374999999999973,0.06707500000000018,-20.057499999999997,-66.49999999999997,26.564062500000002,25.171875000000004,26.746875000000003,25.410937500000003,-0.18211239725,-0.12016448375,-0.19026043224999997,-0.13076835200000003,train/episode_37__pi05_annotations_in_yuanqv_clean/images/ZED_LEFT/ZED_LEFT_20260206_124545_730998.jpg,train/episode_37__pi05_annotations_in_yuanqv_clean/images/road_img/ZED_LEFT_20260206_124545_730998.jpg,0.8,0.838231,0.742940,0.833458,0.809889
20260206_124545_980998,22.6125,0.2094,0.0771,-19.85,-65.0,26.71875,25.3125,26.8875,25.59375,-0.18159204,-0.119402985,-0.189054726,-0.131840796,train/episode_37__pi05_annotations_in_yuanqv_clean/images/ZED_LEFT/ZED_LEFT_20260206_124545_980998.jpg,train/episode_37__pi05_annotations_in_yuanqv_clean/images/road_img/ZED_LEFT_20260206_124545_980998.jpg,0.8,0.744660,0.744581,0.806815,0.819422
20260206_124545_980998,22.7109375,0.21902500000000008,0.07374999999999997,-19.505,-61.27499999999997,26.971875,25.650000000000002,27.126562500000002,25.875000000000004,-0.18753877325000007,-0.1292832900000001,-0.19435828175000006,-0.13922289525000006,train/episode_37__pi05_annotations_in_yuanqv_clean/images/ZED_LEFT/ZED_LEFT_20260206_124545_980998.jpg,train/episode_37__pi05_annotations_in_yuanqv_clean/images/road_img/ZED_LEFT_20260206_124545_980998.jpg,0.8,0.744660,0.745334,0.788208,0.819453
20260206_124545_980998,22.809375000000003,0.2286500000000002,0.07039999999999995,-19.159999999999993,-57.54999999999993,27.225000000000005,25.987500000000008,27.365625000000005,26.156250000000004,-0.1934855065000001,-0.1391635950000002,-0.1996618375000001,-0.14660499450000014,train/episode_37__pi05_annotations_in_yuanqv_clean/images/ZED_LEFT/ZED_LEFT_20260206_124545_980998.jpg,train/episode_37__pi05_annotations_in_yuanqv_clean/images/road_img/ZED_LEFT_20260206_124545_980998.jpg,0.8,0.744660,0.745228,0.775184,0.819301
20260206_124545_980998,22.9078125,0.23827499999999993,0.06705000000000004,-18.815,-53.82500000000003,27.478125,26.325,27.604687499999997,26.437499999999996,-0.19943223974999993,-0.14904389999999992,-0.20496539324999996,-0.15398709374999994,train/episode_37__pi05_annotations_in_yuanqv_clean/images/ZED_LEFT/ZED_LEFT_20260206_124545_980998.jpg,train/episode_37__pi05_annotations_in_yuanqv_clean/images/road_img/ZED_LEFT_20260206_124545_980998.jpg,0.8,0.744660,0.744241,0.765992,0.818903
20260206_124546_230998,23.00625,0.2479,0.0637,-18.47,-50.1,27.73125,26.6625,27.84375,26.71875,-0.205378973,-0.158924205,-0.210268949,-0.161369193,train/episode_37__pi05_annotations_in_yuanqv_clean/images/ZED_LEFT/ZED_LEFT_20260206_124546_230998.jpg,train/episode_37__pi05_annotations_in_yuanqv_clean/images/road_img/ZED_LEFT_20260206_124546_230998.jpg,0.8,0.756795,0.741878,0.761910,0.827978
20260206_124546_230998,23.1328125,0.22615000000000038,0.06487499999999999,-17.88000000000001,-46.600000000000065,27.857812499999998,26.8453125,27.998437499999998,26.929687499999996,-0.20427346425,-0.16046109625,-0.21033329075,-0.16408909574999994,train/episode_37__pi05_annotations_in_yuanqv_clean/images/ZED_LEFT/ZED_LEFT_20260206_124546_230998.jpg,train/episode_37__pi05_annotations_in_yuanqv_clean/images/road_img/ZED_LEFT_20260206_124546_230998.jpg,0.8,0.756795,0.742804,0.759041,0.827551
20260206_124546_230998,23.259375,0.2044,0.06605,-17.29,-43.1,27.984375,27.028125000000003,28.153125,27.140625,-0.2031679555,-0.1619979875,-0.2103976325,-0.1668089985,train/episode_37__pi05_annotations_in_yuanqv_clean/images/ZED_LEFT/ZED_LEFT_20260206_124546_230998.jpg,train/episode_37__pi05_annotations_in_yuanqv_clean/images/road_img/ZED_LEFT_20260206_124546_230998.jpg,0.8,0.756795,0.747188,0.757387,0.827618
20260206_124546_230998,23.3859375,0.1826499999999996,0.06722500000000002,-16.69999999999999,-39.59999999999994,28.110937500000002,27.210937500000004,28.3078125,27.351562500000004,-0.20206244674999999,-0.16353487875000003,-0.21046197425,-0.16952890125000006,train/episode_37__pi05_annotations_in_yuanqv_clean/images/ZED_LEFT/ZED_LEFT_20260206_124546_230998.jpg,train/episode_37__pi05_annotations_in_yuanqv_clean/images/road_img/ZED_LEFT_20260206_124546_230998.jpg,0.8,0.756795,0.754787,0.756990,0.828190
20260206_124546_480998,23.5125,0.1609,0.0684,-16.11,-36.1,28.2375,27.39375,28.4625,27.5625,-0.200956938,-0.16507177,-0.210526316,-0.172248804,train/episode_37__pi05_annotations_in_yuanqv_clean/images/ZED_LEFT/ZED_LEFT_20260206_124546_480998.jpg,train/episode_37__pi05_annotations_in_yuanqv_clean/images/road_img/ZED_LEFT_20260206_124546_480998.jpg,0.8,0.770634,0.764745,0.760403,0.823668
20260206_124546_480998,23.653125000000003,0.1558249999999999,0.07157500000000006,-16.06,-30.599999999999902,28.448437500000004,27.703125000000007,28.715625000000003,27.914062500000007,-0.20270368475000003,-0.1711169115000001,-0.21396950325000005,-0.18000436000000014,train/episode_37__pi05_annotations_in_yuanqv_clean/images/ZED_LEFT/ZED_LEFT_20260206_124546_480998.jpg,train/episode_37__pi05_annotations_in_yuanqv_clean/images/road_img/ZED_LEFT_20260206_124546_480998.jpg,0.8,0.770634,0.772682,0.763721,0.823917
20260206_124546_480998,23.79375,0.15075,0.07475000000000001,-16.009999999999998,-25.1,28.659375,28.012500000000003,28.96875,28.265625,-0.2044504315,-0.17716205299999999,-0.2174126905,-0.187759916,train/episode_37__pi05_annotations_in_yuanqv_clean/images/ZED_LEFT/ZED_LEFT_20260206_124546_480998.jpg,train/episode_37__pi05_annotations_in_yuanqv_clean/images/road_img/ZED_LEFT_20260206_124546_480998.jpg,0.8,0.770634,0.779076,0.766858,0.823926
20260206_124546_480998,23.934375000000003,0.14567499999999992,0.07792500000000006,-15.959999999999999,-19.599999999999902,28.870312500000004,28.321875000000006,29.221875000000004,28.617187500000007,-0.20619717825000003,-0.18320719450000011,-0.22085587775000004,-0.19551547200000013,train/episode_37__pi05_annotations_in_yuanqv_clean/images/ZED_LEFT/ZED_LEFT_20260206_124546_480998.jpg,train/episode_37__pi05_annotations_in_yuanqv_clean/images/road_img/ZED_LEFT_20260206_124546_480998.jpg,0.8,0.770634,0.783887,0.769699,0.823774
20260206_124546_730998,24.075000000000003,0.14060000000000064,0.08109999999999984,-15.90999999999999,-14.099999999999964,29.081250000000008,28.63125000000001,29.47500000000001,28.968750000000007,-0.20794392500000008,-0.18925233600000013,-0.22429906500000005,-0.2032710280000001,train/episode_37__pi05_annotations_in_yuanqv_clean/images/ZED_LEFT/ZED_LEFT_20260206_124546_730998.jpg,train/episode_37__pi05_annotations_in_yuanqv_clean/images/road_img/ZED_LEFT_20260206_124546_730998.jpg,0.8,0.777520,0.786984,0.773298,0.835515
20260206_124546_730998,24.1875,0.15862500000000015,0.07652499999999997,-15.584999999999997,-13.07499999999999,29.278125000000003,28.870312500000004,29.64375,29.179687500000004,-0.21043042075,-0.19354475650000003,-0.22556374825,-0.20635235350000003,train/episode_37__pi05_annotations_in_yuanqv_clean/images/ZED_LEFT/ZED_LEFT_20260206_124546_730998.jpg,train/episode_37__pi05_annotations_in_yuanqv_clean/images/road_img/ZED_LEFT_20260206_124546_730998.jpg,0.8,0.777520,0.787975,0.775978,0.835274
20260206_124546_730998,24.3,0.1766500000000003,0.07194999999999992,-15.259999999999994,-12.049999999999981,29.475,29.109375000000004,29.812500000000004,29.390625000000004,-0.21291691650000005,-0.1978371770000001,-0.2268284315,-0.20943367900000004,train/episode_37__pi05_annotations_in_yuanqv_clean/images/ZED_LEFT/ZED_LEFT_20260206_124546_730998.jpg,train/episode_37__pi05_annotations_in_yuanqv_clean/images/road_img/ZED_LEFT_20260206_124546_730998.jpg,0.8,0.777520,0.786839,0.777727,0.834800
20260206_124546_730998,24.412499999999998,0.19467499999999982,0.06737500000000003,-14.935000000000002,-11.02500000000001,29.671874999999996,29.348437499999996,29.98125,29.601562499999996,-0.21540341224999998,-0.20212959749999998,-0.22809311475,-0.21251500449999997,train/episode_37__pi05_annotations_in_yuanqv_clean/images/ZED_LEFT/ZED_LEFT_20260206_124546_730998.jpg,train/episode_37__pi05_annotations_in_yuanqv_clean/images/road_img/ZED_LEFT_20260206_124546_730998.jpg,0.8,0.777520,0.782369,0.778350,0.833901
20260206_124546_980998,24.525,0.2127,0.0628,-14.61,-10.0,29.86875,29.5875,30.15,29.8125,-0.217889908,-0.206422018,-0.229357798,-0.21559633,train/episode_37__pi05_annotations_in_yuanqv_clean/images/ZED_LEFT/ZED_LEFT_20260206_124546_980998.jpg,train/episode_37__pi05_annotations_in_yuanqv_clean/images/road_img/ZED_LEFT_20260206_124546_980998.jpg,0.8,0.699185,0.773447,0.764392,0.812872
20260206_124546_980998,24.679687500000004,0.19834999999999975,0.06550000000000004,-14.437499999999996,-10.800000000000015,30.079687500000002,29.770312500000003,30.360937500000002,30.009375000000002,-0.2187865585,-0.20627065225000002,-0.2301838965,-0.21594780675,train/episode_37__pi05_annotations_in_yuanqv_clean/images/ZED_LEFT/ZED_LEFT_20260206_124546_980998.jpg,train/episode_37__pi05_annotations_in_yuanqv_clean/images/road_img/ZED_LEFT_20260206_124546_980998.jpg,0.8,0.699185,0.766296,0.753190,0.811316
20260206_124546_980998,24.834375,0.184,0.0682,-14.265,-11.6,30.290625,29.953125,30.571875,30.20625,-0.219683209,-0.2061192865,-0.231009995,-0.2162992835,train/episode_37__pi05_annotations_in_yuanqv_clean/images/ZED_LEFT/ZED_LEFT_20260206_124546_980998.jpg,train/episode_37__pi05_annotations_in_yuanqv_clean/images/road_img/ZED_LEFT_20260206_124546_980998.jpg,0.8,0.699185,0.763783,0.744643,0.810633
20260206_124546_980998,24.989062500000003,0.16964999999999975,0.07090000000000005,-14.092499999999998,-12.400000000000013,30.501562500000002,30.135937500000004,30.782812500000002,30.403125000000003,-0.2205798595,-0.20596792075,-0.2318360935,-0.21665076025,train/episode_37__pi05_annotations_in_yuanqv_clean/images/ZED_LEFT/ZED_LEFT_20260206_124546_980998.jpg,train/episode_37__pi05_annotations_in_yuanqv_clean/images/road_img/ZED_LEFT_20260206_124546_980998.jpg,0.8,0.699185,0.767281,0.738659,0.811083
20260206_124547_230998,25.143750000000004,0.15530000000000013,0.07360000000000018,-13.919999999999993,-13.199999999999983,30.71250000000001,30.318750000000012,30.99375000000001,30.600000000000012,-0.2214765100000001,-0.20581655500000012,-0.2326621920000001,-0.2170022370000001,train/episode_37__pi05_annotations_in_yuanqv_clean/images/ZED_LEFT/ZED_LEFT_20260206_124547_230998.jpg,train/episode_37__pi05_annotations_in_yuanqv_clean/images/road_img/ZED_LEFT_20260206_124547_230998.jpg,0.8,0.696165,0.775711,0.734249,0.811587
20260206_124547_230998,25.284375,0.15925000000000003,0.07870000000000005,-13.714999999999998,-12.724999999999996,30.965625000000003,30.571875000000002,31.246875000000003,30.853125000000002,-0.22464129925,-0.20906701150000004,-0.23576579050000002,-0.22019150275000002,train/episode_37__pi05_annotations_in_yuanqv_clean/images/ZED_LEFT/ZED_LEFT_20260206_124547_230998.jpg,train/episode_37__pi05_annotations_in_yuanqv_clean/images/road_img/ZED_LEFT_20260206_124547_230998.jpg,0.8,0.696165,0.780141,0.730989,0.812457
20260206_124547_230998,25.425000000000004,0.16320000000000007,0.0838000000000001,-13.509999999999996,-12.249999999999991,31.218750000000004,30.825000000000006,31.500000000000004,31.106250000000006,-0.22780608850000006,-0.21231746800000006,-0.23886938900000004,-0.22338076850000005,train/episode_37__pi05_annotations_in_yuanqv_clean/images/ZED_LEFT/ZED_LEFT_20260206_124547_230998.jpg,train/episode_37__pi05_annotations_in_yuanqv_clean/images/road_img/ZED_LEFT_20260206_124547_230998.jpg,0.8,0.696165,0.781724,0.728251,0.812801
20260206_124547_230998,25.565625,0.16714999999999997,0.08889999999999995,-13.305000000000001,-11.775000000000004,31.471874999999997,31.078125,31.753124999999997,31.359375,-0.23097087774999997,-0.21556792449999998,-0.2419729875,-0.22657003424999997,train/episode_37__pi05_annotations_in_yuanqv_clean/images/ZED_LEFT/ZED_LEFT_20260206_124547_230998.jpg,train/episode_37__pi05_annotations_in_yuanqv_clean/images/road_img/ZED_LEFT_20260206_124547_230998.jpg,0.8,0.696165,0.780321,0.725690,0.812658
20260206_124547_480998,25.70625,0.1711,0.094,-13.1,-11.3,31.725,31.33125,32.00625,31.6125,-0.234135667,-0.218818381,-0.245076586,-0.2297593,train/episode_37__pi05_annotations_in_yuanqv_clean/images/ZED_LEFT/ZED_LEFT_20260206_124547_480998.jpg,train/episode_37__pi05_annotations_in_yuanqv_clean/images/road_img/ZED_LEFT_20260206_124547_480998.jpg,0.8,0.753178,0.775746,0.735956,0.813896
20260206_124547_480998,25.860937500000002,0.16807499999999995,0.09309999999999999,-12.867499999999996,-9.249999999999964,31.921875000000004,31.598437500000006,32.21718750000001,31.823437500000004,-0.234362434,-0.22180609350000005,-0.2457732515,-0.23054597075000002,train/episode_37__pi05_annotations_in_yuanqv_clean/images/ZED_LEFT/ZED_LEFT_20260206_124547_480998.jpg,train/episode_37__pi05_annotations_in_yuanqv_clean/images/road_img/ZED_LEFT_20260206_124547_480998.jpg,0.8,0.753178,0.772246,0.742936,0.813243
20260206_124547_480998,26.015625,0.16505,0.0922,-12.635,-7.2,32.118750000000006,31.865625,32.428125,32.034375,-0.234589201,-0.22479380599999998,-0.246469917,-0.2313326415,train/episode_37__pi05_annotations_in_yuanqv_clean/images/ZED_LEFT/ZED_LEFT_20260206_124547_480998.jpg,train/episode_37__pi05_annotations_in_yuanqv_clean/images/road_img/ZED_LEFT_20260206_124547_480998.jpg,0.8,0.753178,0.769952,0.747696,0.812561
20260206_124547_480998,26.1703125,0.16202499999999995,0.09129999999999998,-12.402499999999996,-5.149999999999964,32.315625000000004,32.13281250000001,32.63906250000001,32.245312500000004,-0.234815968,-0.22778151850000006,-0.2471665825,-0.23211931225000001,train/episode_37__pi05_annotations_in_yuanqv_clean/images/ZED_LEFT/ZED_LEFT_20260206_124547_480998.jpg,train/episode_37__pi05_annotations_in_yuanqv_clean/images/road_img/ZED_LEFT_20260206_124547_480998.jpg,0.8,0.753178,0.768993,0.751012,0.811894
20260206_124547_730998,26.325,0.159,0.0904,-12.17,-3.1,32.5125,32.4,32.85,32.45625,-0.235042735,-0.230769231,-0.247863248,-0.232905983,train/episode_37__pi05_annotations_in_yuanqv_clean/images/ZED_LEFT/ZED_LEFT_20260206_124547_730998.jpg,train/episode_37__pi05_annotations_in_yuanqv_clean/images/road_img/ZED_LEFT_20260206_124547_730998.jpg,0.8,0.773957,0.769344,0.757377,0.805884
20260206_124547_730998,26.521875,0.15722499999999998,0.08652499999999992,-11.814999999999994,-2.6249999999999916,32.62500000000001,32.484375,32.90625,32.5546875,-0.23022395999999992,-0.2249441432499999,-0.2408766889999999,-0.2275840514999999,train/episode_37__pi05_annotations_in_yuanqv_clean/images/ZED_LEFT/ZED_LEFT_20260206_124547_730998.jpg,train/episode_37__pi05_annotations_in_yuanqv_clean/images/road_img/ZED_LEFT_20260206_124547_730998.jpg,0.8,0.773957,0.769138,0.761782,0.805310
20260206_124547_730998,26.718750000000007,0.15544999999999995,0.08264999999999986,-11.459999999999987,-2.1499999999999835,32.737500000000004,32.56875,32.962500000000006,32.653125,-0.22540518499999984,-0.2191190554999998,-0.23389012999999975,-0.2222621199999998,train/episode_37__pi05_annotations_in_yuanqv_clean/images/ZED_LEFT/ZED_LEFT_20260206_124547_730998.jpg,train/episode_37__pi05_annotations_in_yuanqv_clean/images/road_img/ZED_LEFT_20260206_124547_730998.jpg,0.8,0.773957,0.768371,0.764745,0.804713
20260206_124547_730998,26.915625000000006,0.15367499999999998,0.07877499999999993,-11.104999999999993,-1.6749999999999916,32.85,32.653124999999996,33.018750000000004,32.751562500000006,-0.22058640999999993,-0.2132939677499999,-0.22690357099999986,-0.2169401884999999,train/episode_37__pi05_annotations_in_yuanqv_clean/images/ZED_LEFT/ZED_LEFT_20260206_124547_730998.jpg,train/episode_37__pi05_annotations_in_yuanqv_clean/images/road_img/ZED_LEFT_20260206_124547_730998.jpg,0.8,0.773957,0.767109,0.766634,0.804084
20260206_124547_980998,27.112500000000008,0.15189999999999987,0.07490000000000009,-10.749999999999986,-1.19999999999996,32.9625,32.737500000000004,33.07500000000001,32.85000000000001,-0.21576763499999987,-0.2074688799999999,-0.2199170119999999,-0.21161825699999995,train/episode_37__pi05_annotations_in_yuanqv_clean/images/ZED_LEFT/ZED_LEFT_20260206_124547_980998.jpg,train/episode_37__pi05_annotations_in_yuanqv_clean/images/road_img/ZED_LEFT_20260206_124547_980998.jpg,0.8,0.820910,0.765360,0.776083,0.809550
20260206_124547_980998,27.267187500000002,0.14824999999999997,0.07750000000000001,-10.339999999999996,-0.07499999999998996,33.0328125,32.85,33.2015625,33.0046875,-0.21152146649999998,-0.20479030099999998,-0.21767609575,-0.21043783075,train/episode_37__pi05_annotations_in_yuanqv_clean/images/ZED_LEFT/ZED_LEFT_20260206_124547_980998.jpg,train/episode_37__pi05_annotations_in_yuanqv_clean/images/road_img/ZED_LEFT_20260206_124547_980998.jpg,0.8,0.820910,0.763153,0.782698,0.808858
20260206_124547_980998,27.421875000000004,0.14459999999999995,0.08010000000000005,-9.929999999999993,1.05000000000002,33.103125,32.9625,33.328125,33.159375000000004,-0.20727529799999994,-0.20211172199999994,-0.21543517949999996,-0.2092574045,train/episode_37__pi05_annotations_in_yuanqv_clean/images/ZED_LEFT/ZED_LEFT_20260206_124547_980998.jpg,train/episode_37__pi05_annotations_in_yuanqv_clean/images/road_img/ZED_LEFT_20260206_124547_980998.jpg,0.8,0.820910,0.760503,0.787299,0.808187
20260206_124547_980998,27.576562500000005,0.1409499999999999,0.08270000000000007,-9.519999999999989,2.17500000000003,33.1734375,33.075,33.4546875,33.314062500000006,-0.2030291294999999,-0.19943314299999992,-0.21319426324999996,-0.20807697825,train/episode_37__pi05_annotations_in_yuanqv_clean/images/ZED_LEFT/ZED_LEFT_20260206_124547_980998.jpg,train/episode_37__pi05_annotations_in_yuanqv_clean/images/road_img/ZED_LEFT_20260206_124547_980998.jpg,0.8,0.820910,0.757402,0.790471,0.807563
20260206_124548_230998,27.73125,0.1373,0.0853,-9.11,3.3,33.24375,33.1875,33.58125,33.46875,-0.198782961,-0.196754564,-0.210953347,-0.206896552,train/episode_37__pi05_annotations_in_yuanqv_clean/images/ZED_LEFT/ZED_LEFT_20260206_124548_230998.jpg,train/episode_37__pi05_annotations_in_yuanqv_clean/images/road_img/ZED_LEFT_20260206_124548_230998.jpg,0.8,0.821362,0.753761,0.792724,0.812232
20260206_124548_230998,27.914062500000004,0.12717499999999982,0.08314999999999996,-8.487499999999988,3.3,33.384375,33.3421875,33.7359375,33.609375,-0.19602397974999997,-0.19450268199999995,-0.20861026724999998,-0.20408545749999996,train/episode_37__pi05_annotations_in_yuanqv_clean/images/ZED_LEFT/ZED_LEFT_20260206_124548_230998.jpg,train/episode_37__pi05_annotations_in_yuanqv_clean/images/road_img/ZED_LEFT_20260206_124548_230998.jpg,0.8,0.821362,0.750339,0.794312,0.811635
20260206_124548_230998,28.096874999999997,0.11705,0.081,-7.865,3.3,33.525,33.496875,33.890625,33.75,-0.1932649985,-0.1922508,-0.2062671875,-0.201274363,train/episode_37__pi05_annotations_in_yuanqv_clean/images/ZED_LEFT/ZED_LEFT_20260206_124548_230998.jpg,train/episode_37__pi05_annotations_in_yuanqv_clean/images/road_img/ZED_LEFT_20260206_124548_230998.jpg,0.8,0.821362,0.747030,0.795487,0.811031
20260206_124548_230998,28.2796875,0.10692499999999983,0.07884999999999996,-7.242499999999989,3.3,33.665625,33.651562500000004,34.0453125,33.890625,-0.19050601724999996,-0.18999891799999996,-0.20392410774999997,-0.19846326849999996,train/episode_37__pi05_annotations_in_yuanqv_clean/images/ZED_LEFT/ZED_LEFT_20260206_124548_230998.jpg,train/episode_37__pi05_annotations_in_yuanqv_clean/images/road_img/ZED_LEFT_20260206_124548_230998.jpg,0.8,0.821362,0.743893,0.796425,0.810441
20260206_124548_480998,28.462500000000006,0.09679999999999957,0.07670000000000007,-6.619999999999974,3.2999999999999945,33.806250000000006,33.806250000000006,34.20000000000001,34.03125000000001,-0.18774703600000006,-0.18774703600000006,-0.20158102800000002,-0.19565217400000004,train/episode_37__pi05_annotations_in_yuanqv_clean/images/ZED_LEFT/ZED_LEFT_20260206_124548_480998.jpg,train/episode_37__pi05_annotations_in_yuanqv_clean/images/road_img/ZED_LEFT_20260206_124548_480998.jpg,0.8,0.742954,0.741068,0.780201,0.814442
20260206_124548_480998,28.673437500000002,0.08467499999999989,0.07877500000000003,-5.902499999999994,3.1499999999999986,34.1015625,34.1015625,34.4671875,34.3125,-0.18927476825,-0.18927476825,-0.2020494945,-0.19664316125000003,train/episode_37__pi05_annotations_in_yuanqv_clean/images/ZED_LEFT/ZED_LEFT_20260206_124548_480998.jpg,train/episode_37__pi05_annotations_in_yuanqv_clean/images/road_img/ZED_LEFT_20260206_124548_480998.jpg,0.8,0.742954,0.736378,0.768343,0.813615
20260206_124548_480998,28.884375000000002,0.07254999999999978,0.08085000000000005,-5.184999999999987,2.9999999999999973,34.396875,34.396875,34.73437500000001,34.59375000000001,-0.19080250050000003,-0.19080250050000003,-0.202517961,-0.19763414850000002,train/episode_37__pi05_annotations_in_yuanqv_clean/images/ZED_LEFT/ZED_LEFT_20260206_124548_480998.jpg,train/episode_37__pi05_annotations_in_yuanqv_clean/images/road_img/ZED_LEFT_20260206_124548_480998.jpg,0.8,0.742954,0.728374,0.759136,0.812481
20260206_124548_480998,29.095312499999995,0.06042500000000011,0.08292499999999998,-4.4675000000000065,2.8500000000000014,34.692187499999996,34.692187499999996,35.0015625,34.875,-0.19233023275,-0.19233023275,-0.20298642749999998,-0.19862513575,train/episode_37__pi05_annotations_in_yuanqv_clean/images/ZED_LEFT/ZED_LEFT_20260206_124548_480998.jpg,train/episode_37__pi05_annotations_in_yuanqv_clean/images/road_img/ZED_LEFT_20260206_124548_480998.jpg,0.8,0.742954,0.715623,0.751242,0.810826
20260206_124548_730998,29.30625,0.0483,0.085,-3.75,2.7,34.9875,34.9875,35.26875,35.15625,-0.193857965,-0.193857965,-0.203454894,-0.199616123,train/episode_37__pi05_annotations_in_yuanqv_clean/images/ZED_LEFT/ZED_LEFT_20260206_124548_730998.jpg,train/episode_37__pi05_annotations_in_yuanqv_clean/images/road_img/ZED_LEFT_20260206_124548_730998.jpg,0.8,0.757707,0.698235,0.746795,0.824498
20260206_124548_730998,29.489062500000003,0.04182499999999989,0.08765000000000005,-3.4849999999999954,2.9250000000000043,35.15625,35.1421875,35.4375,35.3109375,-0.19220995324999995,-0.19174178824999996,-0.20174847374999996,-0.19746490124999996,train/episode_37__pi05_annotations_in_yuanqv_clean/images/ZED_LEFT/ZED_LEFT_20260206_124548_730998.jpg,train/episode_37__pi05_annotations_in_yuanqv_clean/images/road_img/ZED_LEFT_20260206_124548_730998.jpg,0.8,0.757707,0.681273,0.742358,0.822705
20260206_124548_730998,29.671875,0.03535,0.0903,-3.2199999999999998,3.1500000000000004,35.325,35.296875,35.60625,35.465625,-0.1905619415,-0.1896256115,-0.2000420535,-0.1953136795,train/episode_37__pi05_annotations_in_yuanqv_clean/images/ZED_LEFT/ZED_LEFT_20260206_124548_730998.jpg,train/episode_37__pi05_annotations_in_yuanqv_clean/images/road_img/ZED_LEFT_20260206_124548_730998.jpg,0.8,0.757707,0.665911,0.738492,0.821175
20260206_124548_730998,29.854687500000004,0.028874999999999887,0.09295000000000005,-2.954999999999995,3.3750000000000044,35.493750000000006,35.4515625,35.775000000000006,35.620312500000004,-0.18891392974999996,-0.18750943474999995,-0.19833563324999998,-0.19316245774999996,train/episode_37__pi05_annotations_in_yuanqv_clean/images/ZED_LEFT/ZED_LEFT_20260206_124548_730998.jpg,train/episode_37__pi05_annotations_in_yuanqv_clean/images/road_img/ZED_LEFT_20260206_124548_730998.jpg,0.8,0.757707,0.653008,0.735952,0.819925
20260206_124548_980998,30.0375,0.0224,0.0956,-2.69,3.6,35.6625,35.60625,35.94375,35.775,-0.187265918,-0.185393258,-0.196629213,-0.191011236,train/episode_37__pi05_annotations_in_yuanqv_clean/images/ZED_LEFT/ZED_LEFT_20260206_124548_980998.jpg,train/episode_37__pi05_annotations_in_yuanqv_clean/images/road_img/ZED_LEFT_20260206_124548_980998.jpg,0.8,0.747230,0.643623,0.731862,0.818100
20260206_124548_980998,30.290625000000006,0.035425000000000234,0.09505,-2.9350000000000045,4.225000000000011,35.803125,35.760937500000004,36.07031250000001,35.9296875,-0.1821161052499999,-0.18071161024999993,-0.1909501704999999,-0.18628378924999991,train/episode_37__pi05_annotations_in_yuanqv_clean/images/ZED_LEFT/ZED_LEFT_20260206_124548_980998.jpg,train/episode_37__pi05_annotations_in_yuanqv_clean/images/road_img/ZED_LEFT_20260206_124548_980998.jpg,0.8,0.747230,0.639187,0.729746,0.817488
20260206_124548_980998,30.54375000000001,0.048450000000000465,0.09449999999999999,-3.1800000000000086,4.850000000000022,35.94375000000001,35.915625000000006,36.196875000000006,36.084375,-0.17696629249999982,-0.17602996249999983,-0.18527112799999979,-0.18155634249999983,train/episode_37__pi05_annotations_in_yuanqv_clean/images/ZED_LEFT/ZED_LEFT_20260206_124548_980998.jpg,train/episode_37__pi05_annotations_in_yuanqv_clean/images/road_img/ZED_LEFT_20260206_124548_980998.jpg,0.8,0.747230,0.639848,0.728937,0.817191
20260206_124548_980998,30.796875000000007,0.061475000000000224,0.09394999999999999,-3.4250000000000043,5.475000000000011,36.084375,36.07031250000001,36.323437500000004,36.2390625,-0.17181647974999992,-0.1713483147499999,-0.1795920854999999,-0.1768288957499999,train/episode_37__pi05_annotations_in_yuanqv_clean/images/ZED_LEFT/ZED_LEFT_20260206_124548_980998.jpg,train/episode_37__pi05_annotations_in_yuanqv_clean/images/road_img/ZED_LEFT_20260206_124548_980998.jpg,0.8,0.747230,0.644658,0.728976,0.817121
20260206_124549_230998,31.050000000000008,0.0744999999999999,0.09339999999999991,-3.669999999999995,6.100000000000013,36.22500000000001,36.22500000000001,36.45000000000001,36.393750000000004,-0.16666666699999985,-0.16666666699999988,-0.17391304299999985,-0.17210144899999985,train/episode_37__pi05_annotations_in_yuanqv_clean/images/ZED_LEFT/ZED_LEFT_20260206_124549_230998.jpg,train/episode_37__pi05_annotations_in_yuanqv_clean/images/road_img/ZED_LEFT_20260206_124549_230998.jpg,0.8,0.787737,0.651461,0.741701,0.804359
20260206_124549_230998,31.289062500000004,0.07162499999999997,0.09104999999999998,-3.532499999999999,6.475000000000003,36.3796875,36.393750000000004,36.604687500000004,36.5484375,-0.16278558899999995,-0.16322495624999997,-0.16997784024999996,-0.16817977749999996,train/episode_37__pi05_annotations_in_yuanqv_clean/images/ZED_LEFT/ZED_LEFT_20260206_124549_230998.jpg,train/episode_37__pi05_annotations_in_yuanqv_clean/images/road_img/ZED_LEFT_20260206_124549_230998.jpg,0.8,0.787737,0.654146,0.751098,0.804029
20260206_124549_230998,31.528125000000006,0.06874999999999995,0.08869999999999996,-3.394999999999998,6.850000000000007,36.534375000000004,36.5625,36.759375000000006,36.703125,-0.15890451099999994,-0.15978324549999992,-0.16604263749999992,-0.16425810599999993,train/episode_37__pi05_annotations_in_yuanqv_clean/images/ZED_LEFT/ZED_LEFT_20260206_124549_230998.jpg,train/episode_37__pi05_annotations_in_yuanqv_clean/images/road_img/ZED_LEFT_20260206_124549_230998.jpg,0.8,0.787737,0.654008,0.758118,0.803357
20260206_124549_230998,31.76718750000001,0.06587499999999992,0.08634999999999994,-3.2574999999999963,7.225000000000009,36.689062500000006,36.73125,36.91406250000001,36.85781250000001,-0.1550234329999999,-0.1563415347499999,-0.1621074347499999,-0.1603364344999999,train/episode_37__pi05_annotations_in_yuanqv_clean/images/ZED_LEFT/ZED_LEFT_20260206_124549_230998.jpg,train/episode_37__pi05_annotations_in_yuanqv_clean/images/road_img/ZED_LEFT_20260206_124549_230998.jpg,0.8,0.787737,0.652337,0.763429,0.802598
20260206_124549_480998,32.00625,0.063,0.084,-3.12,7.6,36.84375,36.9,37.06875,37.0125,-0.151142355,-0.152899824,-0.158172232,-0.156414763,train/episode_37__pi05_annotations_in_yuanqv_clean/images/ZED_LEFT/ZED_LEFT_20260206_124549_480998.jpg,train/episode_37__pi05_annotations_in_yuanqv_clean/images/road_img/ZED_LEFT_20260206_124549_480998.jpg,0.8,0.724598,0.650876,0.749059,0.835037
20260206_124549_480998,32.20312500000001,0.0519999999999998,0.06772499999999972,-2.7999999999999945,7.499999999999998,36.9140625,36.9703125,37.167187500000004,37.110937500000006,-0.14637563424999991,-0.1481225524999999,-0.15422094074999992,-0.15247402249999994,train/episode_37__pi05_annotations_in_yuanqv_clean/images/ZED_LEFT/ZED_LEFT_20260206_124549_480998.jpg,train/episode_37__pi05_annotations_in_yuanqv_clean/images/road_img/ZED_LEFT_20260206_124549_480998.jpg,0.8,0.724598,0.650184,0.738906,0.835010
20260206_124549_480998,32.400000000000006,0.041,0.05145,-2.48,7.4,36.984375,37.040625,37.265625,37.209375,-0.1416089135,-0.143345281,-0.1502696495,-0.148533282,train/episode_37__pi05_annotations_in_yuanqv_clean/images/ZED_LEFT/ZED_LEFT_20260206_124549_480998.jpg,train/episode_37__pi05_annotations_in_yuanqv_clean/images/road_img/ZED_LEFT_20260206_124549_480998.jpg,0.8,0.724598,0.648628,0.731700,0.835097
20260206_124549_480998,32.596875000000004,0.029999999999999805,0.03517499999999971,-2.1599999999999944,7.299999999999998,37.0546875,37.1109375,37.3640625,37.307812500000004,-0.13684219274999992,-0.13856800949999992,-0.14631835824999995,-0.14459254149999992,train/episode_37__pi05_annotations_in_yuanqv_clean/images/ZED_LEFT/ZED_LEFT_20260206_124549_480998.jpg,train/episode_37__pi05_annotations_in_yuanqv_clean/images/road_img/ZED_LEFT_20260206_124549_480998.jpg,0.8,0.724598,0.646014,0.726553,0.835340
20260206_124549_730998,32.79375,0.01900000000000011,0.018899999999999695,-1.8399999999999967,7.199999999999986,37.125,37.18125,37.4625,37.40625,-0.13207547200000008,-0.13379073800000008,-0.14236706700000007,-0.14065180100000002,train/episode_37__pi05_annotations_in_yuanqv_clean/images/ZED_LEFT/ZED_LEFT_20260206_124549_730998.jpg,train/episode_37__pi05_annotations_in_yuanqv_clean/images/road_img/ZED_LEFT_20260206_124549_730998.jpg,0.8,0.787861,0.642760,0.741491,0.814668
20260206_124549_730998,32.821875000000006,0.022125000000000027,0.010324999999999925,-1.7449999999999992,6.799999999999996,37.2234375,37.2796875,37.546875,37.4625,-0.134099339,-0.135813139,-0.14395478750000001,-0.14138628675,train/episode_37__pi05_annotations_in_yuanqv_clean/images/ZED_LEFT/ZED_LEFT_20260206_124549_730998.jpg,train/episode_37__pi05_annotations_in_yuanqv_clean/images/road_img/ZED_LEFT_20260206_124549_730998.jpg,0.8,0.787861,0.638085,0.752293,0.814638
20260206_124549_730998,32.85,0.025250000000000057,0.001749999999999849,-1.6499999999999984,6.399999999999993,37.321875,37.378125000000004,37.63125,37.518750000000004,-0.13612320600000002,-0.13783554000000003,-0.14554250800000004,-0.1421207725,train/episode_37__pi05_annotations_in_yuanqv_clean/images/ZED_LEFT/ZED_LEFT_20260206_124549_730998.jpg,train/episode_37__pi05_annotations_in_yuanqv_clean/images/road_img/ZED_LEFT_20260206_124549_730998.jpg,0.8,0.787861,0.632866,0.760165,0.814367
20260206_124549_730998,32.878125,0.028374999999999973,-0.006824999999999921,-1.5550000000000008,6.0000000000000036,37.420312499999994,37.4765625,37.715624999999996,37.575,-0.13814707299999998,-0.13985794099999999,-0.1471302285,-0.14285525824999998,train/episode_37__pi05_annotations_in_yuanqv_clean/images/ZED_LEFT/ZED_LEFT_20260206_124549_730998.jpg,train/episode_37__pi05_annotations_in_yuanqv_clean/images/road_img/ZED_LEFT_20260206_124549_730998.jpg,0.8,0.787861,0.626508,0.765956,0.813845
20260206_124549_980998,32.90625,0.0315,-0.0154,-1.46,5.6,37.51875,37.575,37.8,37.63125,-0.14017094,-0.141880342,-0.148717949,-0.143589744,train/episode_37__pi05_annotations_in_yuanqv_clean/images/ZED_LEFT/ZED_LEFT_20260206_124549_980998.jpg,train/episode_37__pi05_annotations_in_yuanqv_clean/images/road_img/ZED_LEFT_20260206_124549_980998.jpg,0.8,0.738724,0.620098,0.755520,0.813881
20260206_124549_980998,33.0046875,0.02462499999999988,0.006850000000000394,-1.1999999999999953,5.199999999999992,37.6171875,37.659375000000004,37.884375,37.7015625,-0.13975658349999998,-0.14103863499999997,-0.14785602924999997,-0.14232068649999996,train/episode_37__pi05_annotations_in_yuanqv_clean/images/ZED_LEFT/ZED_LEFT_20260206_124549_980998.jpg,train/episode_37__pi05_annotations_in_yuanqv_clean/images/road_img/ZED_LEFT_20260206_124549_980998.jpg,0.8,0.738724,0.616101,0.748442,0.813434
20260206_124549_980998,33.103125,0.017750000000000002,0.029099999999999997,-0.94,4.8,37.715625,37.743750000000006,37.96875,37.771875,-0.13934222699999999,-0.140196928,-0.1469941095,-0.141051629,train/episode_37__pi05_annotations_in_yuanqv_clean/images/ZED_LEFT/ZED_LEFT_20260206_124549_980998.jpg,train/episode_37__pi05_annotations_in_yuanqv_clean/images/road_img/ZED_LEFT_20260206_124549_980998.jpg,0.8,0.738724,0.613296,0.743691,0.813339
20260206_124549_980998,33.2015625,0.010874999999999878,0.051350000000000395,-0.6799999999999953,4.399999999999993,37.814062500000006,37.828125,38.053125,37.8421875,-0.1389278705,-0.13935522099999997,-0.14613218974999997,-0.13978257149999998,train/episode_37__pi05_annotations_in_yuanqv_clean/images/ZED_LEFT/ZED_LEFT_20260206_124549_980998.jpg,train/episode_37__pi05_annotations_in_yuanqv_clean/images/road_img/ZED_LEFT_20260206_124549_980998.jpg,0.8,0.738724,0.609916,0.740549,0.813368
20260206_124550_230998,33.3,0.004,0.0736,-0.42,4.0,37.9125,37.9125,38.1375,37.9125,-0.138513514,-0.138513514,-0.14527027,-0.138513514,train/episode_37__pi05_annotations_in_yuanqv_clean/images/ZED_LEFT/ZED_LEFT_20260206_124550_230998.jpg,train/episode_37__pi05_annotations_in_yuanqv_clean/images/road_img/ZED_LEFT_20260206_124550_230998.jpg,0.8,0.773889,0.604884,0.749064,0.814735
20260206_124550_230998,33.4828125,0.003699999999999995,0.07304999999999999,-0.4425000000000004,4.0,37.8984375,37.8984375,38.109375,37.9125,-0.13198430899999988,-0.13198430899999988,-0.1382915454999999,-0.1323975322499999,train/episode_37__pi05_annotations_in_yuanqv_clean/images/ZED_LEFT/ZED_LEFT_20260206_124550_230998.jpg,train/episode_37__pi05_annotations_in_yuanqv_clean/images/road_img/ZED_LEFT_20260206_124550_230998.jpg,0.8,0.773889,0.597776,0.755173,0.814316
20260206_124550_230998,33.665625000000006,0.0033999999999999894,0.07249999999999998,-0.4650000000000008,4.0,37.884375,37.884375,38.08125,37.9125,-0.12545510399999976,-0.12545510399999976,-0.13131282099999975,-0.12628155049999978,train/episode_37__pi05_annotations_in_yuanqv_clean/images/ZED_LEFT/ZED_LEFT_20260206_124550_230998.jpg,train/episode_37__pi05_annotations_in_yuanqv_clean/images/road_img/ZED_LEFT_20260206_124550_230998.jpg,0.8,0.773889,0.590476,0.759584,0.813792
20260206_124550_230998,33.8484375,0.0030999999999999947,0.07195,-0.4875000000000004,4.0,37.870312500000004,37.870312500000004,38.053125,37.9125,-0.11892589899999989,-0.11892589899999989,-0.12433409649999988,-0.1201655687499999,train/episode_37__pi05_annotations_in_yuanqv_clean/images/ZED_LEFT/ZED_LEFT_20260206_124550_230998.jpg,train/episode_37__pi05_annotations_in_yuanqv_clean/images/road_img/ZED_LEFT_20260206_124550_230998.jpg,0.8,0.773889,0.585669,0.762791,0.813477
20260206_124550_480998,34.03125000000001,0.0028000000000000264,0.07139999999999998,-0.5100000000000001,4.000000000000005,37.85625,37.85625,38.025,37.9125,-0.11239669399999981,-0.1123966939999998,-0.11735537199999985,-0.11404958699999981,train/episode_37__pi05_annotations_in_yuanqv_clean/images/ZED_LEFT/ZED_LEFT_20260206_124550_480998.jpg,train/episode_37__pi05_annotations_in_yuanqv_clean/images/road_img/ZED_LEFT_20260206_124550_480998.jpg,0.8,0.815246,0.586393,0.777552,0.824620
20260206_124550_480998,34.25625,0.0035500000000000063,0.070625,-0.5125000000000001,4.150000000000001,37.9125,37.8984375,38.1234375,37.9828125,-0.10684180399999996,-0.10643922749999996,-0.11297627124999995,-0.10888662674999995,train/episode_37__pi05_annotations_in_yuanqv_clean/images/ZED_LEFT/ZED_LEFT_20260206_124550_480998.jpg,train/episode_37__pi05_annotations_in_yuanqv_clean/images/road_img/ZED_LEFT_20260206_124550_480998.jpg,0.8,0.815246,0.586875,0.787982,0.824754
20260206_124550_480998,34.48125,0.004300000000000013,0.06985,-0.515,4.3000000000000025,37.96875,37.940625000000004,38.221875000000004,38.053125,-0.10128691399999991,-0.10048176099999989,-0.10859717049999992,-0.10372366649999991,train/episode_37__pi05_annotations_in_yuanqv_clean/images/ZED_LEFT/ZED_LEFT_20260206_124550_480998.jpg,train/episode_37__pi05_annotations_in_yuanqv_clean/images/road_img/ZED_LEFT_20260206_124550_480998.jpg,0.8,0.815246,0.587203,0.795371,0.824852
20260206_124550_480998,34.706250000000004,0.00505000000000002,0.06907499999999998,-0.5175000000000001,4.450000000000004,38.025,37.9828125,38.32031250000001,38.1234375,-0.09573202399999986,-0.09452429449999984,-0.10421806974999988,-0.09856070624999987,train/episode_37__pi05_annotations_in_yuanqv_clean/images/ZED_LEFT/ZED_LEFT_20260206_124550_480998.jpg,train/episode_37__pi05_annotations_in_yuanqv_clean/images/road_img/ZED_LEFT_20260206_124550_480998.jpg,0.8,0.815246,0.587337,0.800622,0.824912
20260206_124550_730998,34.93125,0.0058,0.0683,-0.52,4.6,38.08125,38.025,38.41875,38.19375,-0.090177134,-0.088566828,-0.099838969,-0.093397746,train/episode_37__pi05_annotations_in_yuanqv_clean/images/ZED_LEFT/ZED_LEFT_20260206_124550_730998.jpg,train/episode_37__pi05_annotations_in_yuanqv_clean/images/road_img/ZED_LEFT_20260206_124550_730998.jpg,0.8,0.744511,0.587162,0.783149,0.815742
20260206_124550_730998,35.0859375,0.008525000000000048,0.06672499999999996,-0.5099999999999998,4.925000000000006,38.1234375,38.0953125,38.432812500000004,38.221875000000004,-0.08662019224999994,-0.08580803249999995,-0.09544884699999992,-0.08943122099999994,train/episode_37__pi05_annotations_in_yuanqv_clean/images/ZED_LEFT/ZED_LEFT_20260206_124550_730998.jpg,train/episode_37__pi05_annotations_in_yuanqv_clean/images/road_img/ZED_LEFT_20260206_124550_730998.jpg,0.8,0.744511,0.586757,0.770981,0.815736
20260206_124550_730998,35.240624999999994,0.01125,0.06515,-0.5,5.25,38.165625,38.165625,38.446875000000006,38.25,-0.0830632505,-0.083049237,-0.09105872500000001,-0.085464696,train/episode_37__pi05_annotations_in_yuanqv_clean/images/ZED_LEFT/ZED_LEFT_20260206_124550_730998.jpg,train/episode_37__pi05_annotations_in_yuanqv_clean/images/road_img/ZED_LEFT_20260206_124550_730998.jpg,0.8,0.744511,0.585984,0.762522,0.815647
20260206_124550_730998,35.3953125,0.013975000000000048,0.06357499999999996,-0.4899999999999998,5.575000000000006,38.2078125,38.2359375,38.4609375,38.278125,-0.07950630874999995,-0.08029044149999995,-0.08666860299999993,-0.08149817099999992,train/episode_37__pi05_annotations_in_yuanqv_clean/images/ZED_LEFT/ZED_LEFT_20260206_124550_730998.jpg,train/episode_37__pi05_annotations_in_yuanqv_clean/images/road_img/ZED_LEFT_20260206_124550_730998.jpg,0.8,0.744511,0.584684,0.756652,0.815450
20260206_124550_980998,35.550000000000004,0.016700000000000114,0.06199999999999985,-0.4799999999999982,5.900000000000009,38.25,38.30625,38.475,38.30625,-0.07594936699999986,-0.07753164599999984,-0.08227848099999985,-0.07753164599999984,train/episode_37__pi05_annotations_in_yuanqv_clean/images/ZED_LEFT/ZED_LEFT_20260206_124550_980998.jpg,train/episode_37__pi05_annotations_in_yuanqv_clean/images/road_img/ZED_LEFT_20260206_124550_980998.jpg,0.8,0.692167,0.583011,0.736886,0.824966
20260206_124550_980998,35.7046875,0.01992500000000003,0.05764999999999996,-0.42999999999999955,6.150000000000002,38.278125,38.3203125,38.4890625,38.3203125,-0.07212532224999997,-0.07331203149999996,-0.07803856524999997,-0.07331203149999996,train/episode_37__pi05_annotations_in_yuanqv_clean/images/ZED_LEFT/ZED_LEFT_20260206_124550_980998.jpg,train/episode_37__pi05_annotations_in_yuanqv_clean/images/road_img/ZED_LEFT_20260206_124550_980998.jpg,0.8,0.692167,0.581554,0.723092,0.824788
20260206_124550_980998,35.859375,0.02315000000000006,0.053299999999999924,-0.3799999999999991,6.400000000000005,38.30625,38.334375,38.503125000000004,38.334375,-0.06830127749999994,-0.06909241699999992,-0.07379864949999992,-0.06909241699999992,train/episode_37__pi05_annotations_in_yuanqv_clean/images/ZED_LEFT/ZED_LEFT_20260206_124550_980998.jpg,train/episode_37__pi05_annotations_in_yuanqv_clean/images/road_img/ZED_LEFT_20260206_124550_980998.jpg,0.8,0.692167,0.579605,0.713475,0.824509
20260206_124550_980998,36.0140625,0.026374999999999975,0.048950000000000035,-0.33000000000000046,6.649999999999999,38.334374999999994,38.348437499999996,38.5171875,38.348437499999996,-0.06447723275000003,-0.06487280250000003,-0.06955873375000005,-0.06487280250000003,train/episode_37__pi05_annotations_in_yuanqv_clean/images/ZED_LEFT/ZED_LEFT_20260206_124550_980998.jpg,train/episode_37__pi05_annotations_in_yuanqv_clean/images/road_img/ZED_LEFT_20260206_124550_980998.jpg,0.8,0.692167,0.577137,0.706776,0.824166
20260206_124551_230998,36.16875,0.0296,0.0446,-0.28,6.9,38.3625,38.3625,38.53125,38.3625,-0.060653188,-0.060653188,-0.065318818,-0.060653188,train/episode_37__pi05_annotations_in_yuanqv_clean/images/ZED_LEFT/ZED_LEFT_20260206_124551_230998.jpg,train/episode_37__pi05_annotations_in_yuanqv_clean/images/road_img/ZED_LEFT_20260206_124551_230998.jpg,0.8,0.744582,0.575420,0.717842,0.812140
20260206_124551_230998,36.28125000000001,0.014149999999999727,0.043974999999999986,-0.06999999999999629,7.125000000000004,38.2921875,38.30625,38.4609375,38.3203125,-0.055474529999999904,-0.055858554499999914,-0.06012582624999991,-0.05624257924999992,train/episode_37__pi05_annotations_in_yuanqv_clean/images/ZED_LEFT/ZED_LEFT_20260206_124551_230998.jpg,train/episode_37__pi05_annotations_in_yuanqv_clean/images/road_img/ZED_LEFT_20260206_124551_230998.jpg,0.8,0.744582,0.576109,0.725616,0.812355
20260206_124551_230998,36.39375,-0.001299999999999999,0.04335,0.14,7.35,38.221875,38.25,38.390625,38.278125,-0.050295872,-0.051063921,-0.0549328345,-0.0518319705,train/episode_37__pi05_annotations_in_yuanqv_clean/images/ZED_LEFT/ZED_LEFT_20260206_124551_230998.jpg,train/episode_37__pi05_annotations_in_yuanqv_clean/images/road_img/ZED_LEFT_20260206_124551_230998.jpg,0.8,0.744582,0.579631,0.731083,0.812869
20260206_124551_230998,36.50625,-0.01675000000000027,0.042724999999999985,0.35000000000000375,7.575000000000004,38.1515625,38.19375,38.3203125,38.2359375,-0.045117213999999906,-0.04626928749999991,-0.0497398427499999,-0.04742136174999992,train/episode_37__pi05_annotations_in_yuanqv_clean/images/ZED_LEFT/ZED_LEFT_20260206_124551_230998.jpg,train/episode_37__pi05_annotations_in_yuanqv_clean/images/road_img/ZED_LEFT_20260206_124551_230998.jpg,0.8,0.744582,0.585709,0.734932,0.813630
20260206_124551_480998,36.61875,-0.0322,0.0421,0.56,7.8,38.08125,38.1375,38.25,38.19375,-0.039938556,-0.041474654,-0.044546851,-0.043010753,train/episode_37__pi05_annotations_in_yuanqv_clean/images/ZED_LEFT/ZED_LEFT_20260206_124551_480998.jpg,train/episode_37__pi05_annotations_in_yuanqv_clean/images/road_img/ZED_LEFT_20260206_124551_480998.jpg,0.8,0.758147,0.594930,0.741716,0.804830
20260206_124551_480998,36.703125,-0.024249999999999855,0.033424999999999844,0.4599999999999983,7.724999999999999,38.067187499999996,38.109375,38.25,38.19375,-0.03718374949999995,-0.03833582299999994,-0.042162040749999956,-0.040629449749999956,train/episode_37__pi05_annotations_in_yuanqv_clean/images/ZED_LEFT/ZED_LEFT_20260206_124551_480998.jpg,train/episode_37__pi05_annotations_in_yuanqv_clean/images/road_img/ZED_LEFT_20260206_124551_480998.jpg,0.8,0.758147,0.604817,0.746482,0.807268
20260206_124551_480998,36.7875,-0.016299999999999714,0.024749999999999692,0.3599999999999965,7.649999999999997,38.053124999999994,38.08125,38.25,38.19375,-0.0344289429999999,-0.035196991999999885,-0.03977723049999991,-0.03824814649999991,train/episode_37__pi05_annotations_in_yuanqv_clean/images/ZED_LEFT/ZED_LEFT_20260206_124551_480998.jpg,train/episode_37__pi05_annotations_in_yuanqv_clean/images/road_img/ZED_LEFT_20260206_124551_480998.jpg,0.8,0.758147,0.616211,0.749835,0.809334
20260206_124551_480998,36.871874999999996,-0.008349999999999854,0.016074999999999846,0.2599999999999983,7.574999999999998,38.0390625,38.053125,38.25,38.19375,-0.03167413649999995,-0.032058160999999946,-0.03739242024999996,-0.03586684324999996,train/episode_37__pi05_annotations_in_yuanqv_clean/images/ZED_LEFT/ZED_LEFT_20260206_124551_480998.jpg,train/episode_37__pi05_annotations_in_yuanqv_clean/images/road_img/ZED_LEFT_20260206_124551_480998.jpg,0.8,0.758147,0.627467,0.752197,0.811098
20260206_124551_730998,36.95625,-0.0004,0.007400000000000021,0.16000000000000053,7.499999999999988,38.025,38.025,38.25,38.19375,-0.028919329999999917,-0.02891932999999993,-0.03500760999999993,-0.03348553999999993,train/episode_37__pi05_annotations_in_yuanqv_clean/images/ZED_LEFT/ZED_LEFT_20260206_124551_730998.jpg,train/episode_37__pi05_annotations_in_yuanqv_clean/images/road_img/ZED_LEFT_20260206_124551_730998.jpg,0.8,0.718734,0.637334,0.741789,0.822250
20260206_124551_730998,37.0265625,-0.0004,0.007975000000000005,0.17500000000000013,7.149999999999997,38.0109375,38.025,38.25,38.19375,-0.02659886299999998,-0.026976506499999983,-0.033053290499999985,-0.031534094499999984,train/episode_37__pi05_annotations_in_yuanqv_clean/images/ZED_LEFT/ZED_LEFT_20260206_124551_730998.jpg,train/episode_37__pi05_annotations_in_yuanqv_clean/images/road_img/ZED_LEFT_20260206_124551_730998.jpg,0.8,0.718734,0.645128,0.734222,0.822809
20260206_124551_730998,37.096875,-0.0004,0.00855000000000001,0.19000000000000028,6.799999999999994,37.996874999999996,38.025,38.25,38.19375,-0.02427839599999996,-0.025033682999999966,-0.03109897099999997,-0.029582648999999964,train/episode_37__pi05_annotations_in_yuanqv_clean/images/ZED_LEFT/ZED_LEFT_20260206_124551_730998.jpg,train/episode_37__pi05_annotations_in_yuanqv_clean/images/road_img/ZED_LEFT_20260206_124551_730998.jpg,0.8,0.718734,0.650335,0.728643,0.823200
20260206_124551_730998,37.1671875,-0.0004,0.009125000000000015,0.2050000000000004,6.44999999999999,37.9828125,38.025,38.25,38.19375,-0.02195792899999994,-0.023090859499999946,-0.029144651499999952,-0.027631203499999948,train/episode_37__pi05_annotations_in_yuanqv_clean/images/ZED_LEFT/ZED_LEFT_20260206_124551_730998.jpg,train/episode_37__pi05_annotations_in_yuanqv_clean/images/road_img/ZED_LEFT_20260206_124551_730998.jpg,0.8,0.718734,0.653456,0.724461,0.823715
20260206_124551_980998,37.2375,-0.0004,0.0097,0.22,6.1,37.96875,38.025,38.25,38.19375,-0.019637462,-0.021148036,-0.027190332,-0.025679758,train/episode_37__pi05_annotations_in_yuanqv_clean/images/ZED_LEFT/ZED_LEFT_20260206_124551_980998.jpg,train/episode_37__pi05_annotations_in_yuanqv_clean/images/road_img/ZED_LEFT_20260206_124551_980998.jpg,0.8,0.741763,0.653580,0.727994,0.804749
20260206_124551_980998,37.293749999999996,-0.003100000000000048,0.015625000000000104,0.16249999999999898,6.125,37.940625,37.9828125,38.221875,38.1515625,-0.01735572424999996,-0.01848865474999995,-0.02489725349999996,-0.023013572249999954,train/episode_37__pi05_annotations_in_yuanqv_clean/images/ZED_LEFT/ZED_LEFT_20260206_124551_980998.jpg,train/episode_37__pi05_annotations_in_yuanqv_clean/images/road_img/ZED_LEFT_20260206_124551_980998.jpg,0.8,0.741763,0.654192,0.730447,0.805242
20260206_124551_980998,37.349999999999994,-0.0058000000000000005,0.02155,0.105,6.15,37.9125,37.940625,38.19375,38.109375,-0.0150739865,-0.015829273499999998,-0.022604175,-0.020347386500000002,train/episode_37__pi05_annotations_in_yuanqv_clean/images/ZED_LEFT/ZED_LEFT_20260206_124551_980998.jpg,train/episode_37__pi05_annotations_in_yuanqv_clean/images/road_img/ZED_LEFT_20260206_124551_980998.jpg,0.8,0.741763,0.655207,0.732140,0.805724
20260206_124551_980998,37.40625,-0.008500000000000047,0.027475000000000104,0.04749999999999896,6.175000000000001,37.884375,37.8984375,38.165625,38.067187499999996,-0.01279224874999996,-0.013169892249999952,-0.02031109649999996,-0.017681200749999952,train/episode_37__pi05_annotations_in_yuanqv_clean/images/ZED_LEFT/ZED_LEFT_20260206_124551_980998.jpg,train/episode_37__pi05_annotations_in_yuanqv_clean/images/road_img/ZED_LEFT_20260206_124551_980998.jpg,0.8,0.741763,0.657652,0.733298,0.806284
20260206_124552_230998,37.4625,-0.01119999999999985,0.0333999999999997,-0.010000000000005773,6.1999999999999975,37.85625,37.85625,38.1375,38.025,-0.010510510999999906,-0.01051051099999992,-0.01801801799999992,-0.015015014999999892,train/episode_37__pi05_annotations_in_yuanqv_clean/images/ZED_LEFT/ZED_LEFT_20260206_124552_230998.jpg,train/episode_37__pi05_annotations_in_yuanqv_clean/images/road_img/ZED_LEFT_20260206_124552_230998.jpg,0.8,0.746029,0.665176,0.735343,0.812486
20260206_124552_230998,37.5609375,-0.0070249999999999636,0.024999999999999925,-0.17250000000000146,6.125,37.85625,37.870312500000004,38.151562500000004,38.0109375,-0.007882883249999976,-0.008254354249999981,-0.01574233974999998,-0.012004203249999974,train/episode_37__pi05_annotations_in_yuanqv_clean/images/ZED_LEFT/ZED_LEFT_20260206_124552_230998.jpg,train/episode_37__pi05_annotations_in_yuanqv_clean/images/road_img/ZED_LEFT_20260206_124552_230998.jpg,0.8,0.746029,0.678651,0.736823,0.813851
20260206_124552_230998,37.659375000000004,-0.0028499999999999272,0.01659999999999985,-0.3350000000000029,6.049999999999999,37.85625,37.884375000000006,38.165625000000006,37.996874999999996,-0.005255255499999953,-0.00599819749999996,-0.01346666149999996,-0.008993391499999946,train/episode_37__pi05_annotations_in_yuanqv_clean/images/ZED_LEFT/ZED_LEFT_20260206_124552_230998.jpg,train/episode_37__pi05_annotations_in_yuanqv_clean/images/road_img/ZED_LEFT_20260206_124552_230998.jpg,0.8,0.746029,0.698100,0.738030,0.816108
20260206_124552_230998,37.7578125,0.0013249999999999616,0.008200000000000075,-0.49749999999999855,5.975000000000001,37.85625,37.8984375,38.1796875,37.9828125,-0.0026276277500000226,-0.0037420407500000207,-0.01119098325000002,-0.005982579750000026,train/episode_37__pi05_annotations_in_yuanqv_clean/images/ZED_LEFT/ZED_LEFT_20260206_124552_230998.jpg,train/episode_37__pi05_annotations_in_yuanqv_clean/images/road_img/ZED_LEFT_20260206_124552_230998.jpg,0.8,0.746029,0.720042,0.739325,0.819103
20260206_124552_480998,37.85625,0.0055,-0.0002,-0.66,5.9,37.85625,37.9125,38.19375,37.96875,0.0,-0.001485884,-0.008915305,-0.002971768,train/episode_37__pi05_annotations_in_yuanqv_clean/images/ZED_LEFT/ZED_LEFT_20260206_124552_480998.jpg,train/episode_37__pi05_annotations_in_yuanqv_clean/images/road_img/ZED_LEFT_20260206_124552_480998.jpg,0.8,0.749896,0.744059,0.742174,0.830798
20260206_124552_480998,37.85625,0.0057250000000000035,0.0011750000000000243,-0.6775000000000003,5.774999999999999,37.870312500000004,37.9125,38.1515625,37.96875,-0.0003714710000000066,-0.001485884,-0.00780089174999998,-0.002971768,train/episode_37__pi05_annotations_in_yuanqv_clean/images/ZED_LEFT/ZED_LEFT_20260206_124552_480998.jpg,train/episode_37__pi05_annotations_in_yuanqv_clean/images/road_img/ZED_LEFT_20260206_124552_480998.jpg,0.8,0.749896,0.738374,0.743735,0.832615
20260206_124552_480998,37.85625,0.0059499999999999996,0.0025499999999999997,-0.6950000000000001,5.65,37.884375000000006,37.9125,38.109375,37.96875,-0.000742942,-0.001485884,-0.006686478500000001,-0.002971768,train/episode_37__pi05_annotations_in_yuanqv_clean/images/ZED_LEFT/ZED_LEFT_20260206_124552_480998.jpg,train/episode_37__pi05_annotations_in_yuanqv_clean/images/road_img/ZED_LEFT_20260206_124552_480998.jpg,0.8,0.749896,0.694682,0.741878,0.830851
20260206_124552_480998,37.85625,0.006175000000000004,0.003925000000000025,-0.7125000000000004,5.524999999999999,37.8984375,37.9125,38.067187499999996,37.96875,-0.0011144130000000066,-0.001485884,-0.00557206524999998,-0.002971768,train/episode_37__pi05_annotations_in_yuanqv_clean/images/ZED_LEFT/ZED_LEFT_20260206_124552_480998.jpg,train/episode_37__pi05_annotations_in_yuanqv_clean/images/road_img/ZED_LEFT_20260206_124552_480998.jpg,0.8,0.749896,0.659437,0.738664,0.828899
20260206_124552_730998,37.85625,0.0064,0.0053,-0.73,5.4,37.9125,37.9125,38.025,37.96875,-0.001485884,-0.001485884,-0.004457652,-0.002971768,train/episode_37__pi05_annotations_in_yuanqv_clean/images/ZED_LEFT/ZED_LEFT_20260206_124552_730998.jpg,train/episode_37__pi05_annotations_in_yuanqv_clean/images/road_img/ZED_LEFT_20260206_124552_730998.jpg,0.8,0.770937,0.659433,0.742755,0.818841
20260206_124552_730998,37.85625,0.0015499999999999143,0.0059750000000000116,-0.6949999999999994,5.124999999999996,37.8984375,37.8984375,38.053125,37.96875,-0.0011144129999999934,-0.0011144129999999934,-0.005200594250000013,-0.002971768,train/episode_37__pi05_annotations_in_yuanqv_clean/images/ZED_LEFT/ZED_LEFT_20260206_124552_730998.jpg,train/episode_37__pi05_annotations_in_yuanqv_clean/images/road_img/ZED_LEFT_20260206_124552_730998.jpg,0.8,0.770937,0.682358,0.746570,0.820966
20260206_124552_730998,37.85625,-0.0033000000000001717,0.006650000000000024,-0.6599999999999987,4.849999999999991,37.884375,37.884375,38.081250000000004,37.96875,-0.0007429419999999868,-0.0007429419999999868,-0.005943536500000027,-0.002971768,train/episode_37__pi05_annotations_in_yuanqv_clean/images/ZED_LEFT/ZED_LEFT_20260206_124552_730998.jpg,train/episode_37__pi05_annotations_in_yuanqv_clean/images/road_img/ZED_LEFT_20260206_124552_730998.jpg,0.8,0.770937,0.716427,0.750865,0.824055
20260206_124552_730998,37.85625,-0.008150000000000088,0.007325000000000012,-0.6249999999999993,4.574999999999995,37.870312500000004,37.870312500000004,38.109375,37.96875,-0.00037147099999999345,-0.00037147099999999345,-0.0066864787500000135,-0.002971768,train/episode_37__pi05_annotations_in_yuanqv_clean/images/ZED_LEFT/ZED_LEFT_20260206_124552_730998.jpg,train/episode_37__pi05_annotations_in_yuanqv_clean/images/road_img/ZED_LEFT_20260206_124552_730998.jpg,0.8,0.770937,0.748131,0.755434,0.826513
20260206_124552_980998,37.85625,-0.012999999999999923,0.007999999999999868,-0.5899999999999993,4.299999999999982,37.85625,37.85625,38.1375,37.96875,6.540341601635157e-17,7.848409921962187e-17,-0.007429420999999934,-0.002971767999999921,train/episode_37__pi05_annotations_in_yuanqv_clean/images/ZED_LEFT/ZED_LEFT_20260206_124552_980998.jpg,train/episode_37__pi05_annotations_in_yuanqv_clean/images/road_img/ZED_LEFT_20260206_124552_980998.jpg,0.8,0.721193,0.769321,0.748370,0.833637
20260206_124552_980998,37.940625000000004,-0.01087499999999998,0.004274999999999966,-0.5724999999999998,3.7999999999999954,37.870312500000004,37.85625,38.151562500000004,37.96875,0.0018409425000000164,0.0022091310000000195,-0.005572065749999983,-0.0007560719999999805,train/episode_37__pi05_annotations_in_yuanqv_clean/images/ZED_LEFT/ZED_LEFT_20260206_124552_980998.jpg,train/episode_37__pi05_annotations_in_yuanqv_clean/images/road_img/ZED_LEFT_20260206_124552_980998.jpg,0.8,0.721193,0.779286,0.744140,0.834228
20260206_124552_980998,38.025000000000006,-0.008749999999999963,0.0005499999999999334,-0.5549999999999997,3.299999999999991,37.884375000000006,37.85625,38.165625000000006,37.96875,0.0036818850000000327,0.004418262000000039,-0.0037147104999999668,0.0014596240000000391,train/episode_37__pi05_annotations_in_yuanqv_clean/images/ZED_LEFT/ZED_LEFT_20260206_124552_980998.jpg,train/episode_37__pi05_annotations_in_yuanqv_clean/images/road_img/ZED_LEFT_20260206_124552_980998.jpg,0.8,0.721193,0.786631,0.741640,0.835173
20260206_124552_980998,38.10937500000001,-0.006624999999999943,-0.0031750000000000996,-0.5374999999999995,2.7999999999999865,37.8984375,37.85625,38.1796875,37.96875,0.005522827500000049,0.006627393000000059,-0.0018573552499999502,0.0036753200000000587,train/episode_37__pi05_annotations_in_yuanqv_clean/images/ZED_LEFT/ZED_LEFT_20260206_124552_980998.jpg,train/episode_37__pi05_annotations_in_yuanqv_clean/images/road_img/ZED_LEFT_20260206_124552_980998.jpg,0.8,0.721193,0.792468,0.740172,0.836448
20260206_124553_230998,38.19375,-0.0045,-0.0069,-0.52,2.3,37.9125,37.85625,38.19375,37.96875,0.00736377,0.008836524,0.0,0.005891016,train/episode_37__pi05_annotations_in_yuanqv_clean/images/ZED_LEFT/ZED_LEFT_20260206_124553_230998.jpg,train/episode_37__pi05_annotations_in_yuanqv_clean/images/road_img/ZED_LEFT_20260206_124553_230998.jpg,0.8,0.738483,0.796358,0.743515,0.850674
20260206_124553_230998,38.2078125,-0.0032999999999999783,-0.004374999999999955,-0.3949999999999978,1.4749999999999852,37.9265625,37.85625,38.2078125,37.940625,0.00736106275,0.009200922500000007,0.0,0.0069917915000000195,train/episode_37__pi05_annotations_in_yuanqv_clean/images/ZED_LEFT/ZED_LEFT_20260206_124553_230998.jpg,train/episode_37__pi05_annotations_in_yuanqv_clean/images/road_img/ZED_LEFT_20260206_124553_230998.jpg,0.8,0.738483,0.805608,0.746420,0.852094
20260206_124553_230998,38.221875,-0.0021,-0.00185,-0.27,0.6499999999999999,37.940625,37.85625,38.221875,37.9125,0.0073583555,0.009565321,0.0,0.008092567,train/episode_37__pi05_annotations_in_yuanqv_clean/images/ZED_LEFT/ZED_LEFT_20260206_124553_230998.jpg,train/episode_37__pi05_annotations_in_yuanqv_clean/images/road_img/ZED_LEFT_20260206_124553_230998.jpg,0.8,0.738483,0.819328,0.749103,0.852522
20260206_124553_230998,38.2359375,-0.0008999999999999785,0.0006750000000000445,-0.1449999999999978,-0.17500000000001448,37.9546875,37.85625,38.2359375,37.884375,0.00735564825,0.009929719500000007,0.0,0.009193342500000019,train/episode_37__pi05_annotations_in_yuanqv_clean/images/ZED_LEFT/ZED_LEFT_20260206_124553_230998.jpg,train/episode_37__pi05_annotations_in_yuanqv_clean/images/road_img/ZED_LEFT_20260206_124553_230998.jpg,0.8,0.738483,0.829089,0.751179,0.852979
20260206_124553_480998,38.25,0.00030000000000001597,0.0031999999999997586,-0.019999999999999647,-1.0000000000000284,37.96875,37.85625,38.25,37.85625,0.007352940999999987,0.010294118000000038,3.912679957807065e-17,0.010294118,train/episode_37__pi05_annotations_in_yuanqv_clean/images/ZED_LEFT/ZED_LEFT_20260206_124553_480998.jpg,train/episode_37__pi05_annotations_in_yuanqv_clean/images/road_img/ZED_LEFT_20260206_124553_480998.jpg,0.8,0.741655,0.829814,0.753117,0.831700
20260206_124553_480998,38.2640625,0.0007500000000000039,-0.003600000000000061,-0.009999999999999912,-1.8000000000000071,37.996875,37.828125,38.221875,37.870312500000004,0.0069831344999999965,0.01139166050000001,0.0011013215000000097,0.01029033875,train/episode_37__pi05_annotations_in_yuanqv_clean/images/ZED_LEFT/ZED_LEFT_20260206_124553_480998.jpg,train/episode_37__pi05_annotations_in_yuanqv_clean/images/road_img/ZED_LEFT_20260206_124553_480998.jpg,0.8,0.741655,0.826555,0.754066,0.831390
20260206_124553_480998,38.278125,0.001200000000000008,-0.010400000000000123,1.7694179454963432e-16,-2.6000000000000143,38.025,37.8,38.19375,37.884375000000006,0.006613327999999993,0.01248920300000002,0.0022026430000000193,0.010286559499999999,train/episode_37__pi05_annotations_in_yuanqv_clean/images/ZED_LEFT/ZED_LEFT_20260206_124553_480998.jpg,train/episode_37__pi05_annotations_in_yuanqv_clean/images/road_img/ZED_LEFT_20260206_124553_480998.jpg,0.8,0.741655,0.823786,0.754426,0.831182
20260206_124553_480998,38.2921875,0.001649999999999996,-0.01719999999999994,0.009999999999999908,-3.3999999999999932,38.053124999999994,37.771875,38.165625000000006,37.8984375,0.006243521500000003,0.01358674549999999,0.00330396449999999,0.01028278025,train/episode_37__pi05_annotations_in_yuanqv_clean/images/ZED_LEFT/ZED_LEFT_20260206_124553_480998.jpg,train/episode_37__pi05_annotations_in_yuanqv_clean/images/road_img/ZED_LEFT_20260206_124553_480998.jpg,0.8,0.741655,0.823089,0.754511,0.831224
20260206_124553_730998,38.30625,0.0021,-0.024,0.02,-4.2,38.08125,37.74375,38.1375,37.9125,0.005873715,0.014684288,0.004405286,0.010279001,train/episode_37__pi05_annotations_in_yuanqv_clean/images/ZED_LEFT/ZED_LEFT_20260206_124553_730998.jpg,train/episode_37__pi05_annotations_in_yuanqv_clean/images/road_img/ZED_LEFT_20260206_124553_730998.jpg,0.8,0.718118,0.825000,0.747922,0.833776
