id,speed_kmh,ax_g,ay_g,yaw_rate_dps,steering_angle_deg,wheel_fl_kmh,wheel_fr_kmh,wheel_rl_kmh,wheel_rr_kmh,slip_fl,slip_fr,slip_rl,slip_rr,image_path,road_image_path,rac
20251122_112610_234344,41.7375,-0.0654,-0.0001,0.02,3,41.9625,41.625,42.24375,41.625,-0.005390836,0.002695418,-0.01212938,0.002695418,train/episode_158/images/ZED_LEFT/ZED_LEFT_20251122_112610_234344.jpg,train/episode_158/images/road_img/ZED_LEFT_20251122_112610_234344.jpg,0.6
20251122_112610_484344,41.79375,0.0069,0.1024,-0.95,4.2,41.9625,42.075,42.35625,42.35625,-0.004037685,-0.006729475,-0.01345895,-0.01345895,train/episode_158/images/ZED_LEFT/ZED_LEFT_20251122_112610_484344.jpg,train/episode_158/images/road_img/ZED_LEFT_20251122_112610_484344.jpg,0.6
20251122_112610_734344,42.13125,0.0452,0.0326,-0.4,4.6,42.58125,42.525,42.58125,42.58125,-0.010680908,-0.009345794,-0.010680908,-0.010680908,train/episode_158/images/ZED_LEFT/ZED_LEFT_20251122_112610_734344.jpg,train/episode_158/images/road_img/ZED_LEFT_20251122_112610_734344.jpg,0.6
20251122_112610_984344,42.525,0.0195,0.0478,-0.36,5.8,42.1875,42.4125,42.8625,42.69375,0.007936508,0.002645503,-0.007936508,-0.003968254,train/episode_158/images/ZED_LEFT/ZED_LEFT_20251122_112610_984344.jpg,train/episode_158/images/road_img/ZED_LEFT_20251122_112610_984344.jpg,0.6
20251122_112611_234344,42.525,0.043,0.0358,0.53,7.9,42.6375,42.4125,42.80625,42.80625,-0.002645503,0.002645503,-0.006613757,-0.006613757,train/episode_158/images/ZED_LEFT/ZED_LEFT_20251122_112611_234344.jpg,train/episode_158/images/road_img/ZED_LEFT_20251122_112611_234344.jpg,0.6
20251122_112611_484344,42.46875,-0.026,-0.0009,0.67,5.4,42.35625,42.46875,42.80625,42.525,0.002649007,0,-0.00794702,-0.001324503,train/episode_158/images/ZED_LEFT/ZED_LEFT_20251122_112611_484344.jpg,train/episode_158/images/road_img/ZED_LEFT_20251122_112611_484344.jpg,0.6
20251122_112611_734344,42.4125,0.0257,-0.035,-0.26,5.5,42.01875,42.075,42.46875,42.24375,0.00928382,0.00795756,-0.00132626,0.00397878,train/episode_158/images/ZED_LEFT/ZED_LEFT_20251122_112611_734344.jpg,train/episode_158/images/road_img/ZED_LEFT_20251122_112611_734344.jpg,0.6
20251122_112611_984344,42.24375,-0.0166,0.0052,0.27,6.2,41.9625,41.90625,42.24375,42.01875,0.00665779,0.007989348,0,0.005326232,train/episode_158/images/ZED_LEFT/ZED_LEFT_20251122_112611_984344.jpg,train/episode_158/images/road_img/ZED_LEFT_20251122_112611_984344.jpg,0.6
20251122_112612_234344,42.01875,0.0015,-0.0065,-0.08,7.1,42.1875,42.1875,42.46875,42.46875,-0.004016064,-0.004016064,-0.010709505,-0.010709505,train/episode_158/images/ZED_LEFT/ZED_LEFT_20251122_112612_234344.jpg,train/episode_158/images/road_img/ZED_LEFT_20251122_112612_234344.jpg,0.6
20251122_112612_484344,41.9625,0.0421,0.008,-0.06,8.8,42.3,42.3,42.6375,42.69375,-0.008042895,-0.008042895,-0.016085791,-0.017426273,train/episode_158/images/ZED_LEFT/ZED_LEFT_20251122_112612_484344.jpg,train/episode_158/images/road_img/ZED_LEFT_20251122_112612_484344.jpg,0.6
20251122_112612_734344,42.13125,0.0485,0.0457,0.18,9.1,42.46875,42.58125,42.75,42.69375,-0.008010681,-0.010680908,-0.014686248,-0.013351135,train/episode_158/images/ZED_LEFT/ZED_LEFT_20251122_112612_734344.jpg,train/episode_158/images/road_img/ZED_LEFT_20251122_112612_734344.jpg,0.6
20251122_112612_984344,42.1875,0.0396,0.0253,0.44,9.5,42.6375,42.75,43.03125,42.91875,-0.010666667,-0.013333333,-0.02,-0.017333333,train/episode_158/images/ZED_LEFT/ZED_LEFT_20251122_112612_984344.jpg,train/episode_158/images/road_img/ZED_LEFT_20251122_112612_984344.jpg,0.6
20251122_112613_234344,42.46875,0.04,-0.0006,0.71,10.2,42.75,42.975,43.2,43.2,-0.006622517,-0.01192053,-0.017218543,-0.017218543,train/episode_158/images/ZED_LEFT/ZED_LEFT_20251122_112613_234344.jpg,train/episode_158/images/road_img/ZED_LEFT_20251122_112613_234344.jpg,0.6
20251122_112613_484344,42.46875,0.0292,0.0532,0.96,10.3,43.0875,43.03125,43.3125,43.425,-0.014569536,-0.013245033,-0.01986755,-0.022516556,train/episode_158/images/ZED_LEFT/ZED_LEFT_20251122_112613_484344.jpg,train/episode_158/images/road_img/ZED_LEFT_20251122_112613_484344.jpg,0.6
20251122_112613_734344,42.75,-0.0571,0.0319,1.38,10.7,43.14375,43.425,43.5375,42.58125,-0.009210526,-0.015789474,-0.018421053,0.003947368,train/episode_158/images/ZED_LEFT/ZED_LEFT_20251122_112613_734344.jpg,train/episode_158/images/road_img/ZED_LEFT_20251122_112613_734344.jpg,0.6
20251122_112613_984344,42.8625,-0.0633,0.0255,0.89,10.7,42.975,43.25625,43.3125,43.5375,-0.002624672,-0.009186352,-0.010498688,-0.015748031,train/episode_158/images/ZED_LEFT/ZED_LEFT_20251122_112613_984344.jpg,train/episode_158/images/road_img/ZED_LEFT_20251122_112613_984344.jpg,0.6
20251122_112614_234344,42.975,0.0136,0.0361,1.15,9,43.875,43.59375,43.7625,43.59375,-0.020942408,-0.014397906,-0.018324607,-0.014397906,train/episode_158/images/ZED_LEFT/ZED_LEFT_20251122_112614_234344.jpg,train/episode_158/images/road_img/ZED_LEFT_20251122_112614_234344.jpg,0.6
20251122_112614_484344,43.03125,-0.1422,0.0495,1.93,8.8,43.65,43.425,43.48125,43.81875,-0.014379085,-0.009150327,-0.010457516,-0.018300654,train/episode_158/images/ZED_LEFT/ZED_LEFT_20251122_112614_484344.jpg,train/episode_158/images/road_img/ZED_LEFT_20251122_112614_484344.jpg,0.6
20251122_112614_734344,43.0875,-0.0801,0.0613,0.57,8.9,43.875,43.875,44.04375,43.93125,-0.018276762,-0.018276762,-0.022193211,-0.019582245,train/episode_158/images/ZED_LEFT/ZED_LEFT_20251122_112614_734344.jpg,train/episode_158/images/road_img/ZED_LEFT_20251122_112614_734344.jpg,0.6
20251122_112614_984344,43.14375,-0.0524,0.0403,1.47,7.7,43.7625,43.70625,43.93125,43.9875,-0.014341591,-0.01303781,-0.018252934,-0.019556714,train/episode_158/images/ZED_LEFT/ZED_LEFT_20251122_112614_984344.jpg,train/episode_158/images/road_img/ZED_LEFT_20251122_112614_984344.jpg,0.6
20251122_112615_234344,43.65,-0.0262,0.0002,1.22,6.5,43.9875,44.15625,44.15625,45.3375,-0.007731959,-0.011597938,-0.011597938,-0.038659794,train/episode_158/images/ZED_LEFT/ZED_LEFT_20251122_112615_234344.jpg,train/episode_158/images/road_img/ZED_LEFT_20251122_112615_234344.jpg,0.6
20251122_112615_484344,43.5375,0.0028,0.0345,-0.03,5.4,44.1,44.04375,44.4375,44.325,-0.012919897,-0.011627907,-0.020671835,-0.018087855,train/episode_158/images/ZED_LEFT/ZED_LEFT_20251122_112615_484344.jpg,train/episode_158/images/road_img/ZED_LEFT_20251122_112615_484344.jpg,0.6
20251122_112615_734344,43.70625,0.0472,-0.0002,1.02,5.1,44.26875,44.325,44.60625,44.4375,-0.012870013,-0.014157014,-0.020592021,-0.016731017,train/episode_158/images/ZED_LEFT/ZED_LEFT_20251122_112615_734344.jpg,train/episode_158/images/road_img/ZED_LEFT_20251122_112615_734344.jpg,0.6
20251122_112615_984344,43.93125,0.0063,0.0818,0.03,5.6,44.26875,44.26875,44.60625,44.325,-0.007682458,-0.007682458,-0.015364917,-0.008962868,train/episode_158/images/ZED_LEFT/ZED_LEFT_20251122_112615_984344.jpg,train/episode_158/images/road_img/ZED_LEFT_20251122_112615_984344.jpg,0.6
20251122_112616_234344,43.48125,-0.0819,0.0725,1.38,5,44.38125,44.325,44.6625,44.55,-0.020698577,-0.019404916,-0.027166882,-0.02457956,train/episode_158/images/ZED_LEFT/ZED_LEFT_20251122_112616_234344.jpg,train/episode_158/images/road_img/ZED_LEFT_20251122_112616_234344.jpg,0.6
20251122_112616_484344,44.1,-0.2117,0.0967,0,4.5,44.15625,44.15625,44.325,44.2125,-0.00127551,-0.00127551,-0.005102041,-0.00255102,train/episode_158/images/ZED_LEFT/ZED_LEFT_20251122_112616_484344.jpg,train/episode_158/images/road_img/ZED_LEFT_20251122_112616_484344.jpg,0.6
20251122_112616_734344,44.04375,0.0237,0.0595,-0.5,3.8,43.425,43.3125,43.70625,43.48125,0.014048531,0.01660281,0.007662835,0.012771392,train/episode_158/images/ZED_LEFT/ZED_LEFT_20251122_112616_734344.jpg,train/episode_158/images/road_img/ZED_LEFT_20251122_112616_734344.jpg,0.6
20251122_112616_984344,44.15625,0.0257,0.003,0.29,3.8,43.03125,42.80625,43.2,43.0875,0.025477707,0.030573248,0.021656051,0.024203822,train/episode_158/images/ZED_LEFT/ZED_LEFT_20251122_112616_984344.jpg,train/episode_158/images/road_img/ZED_LEFT_20251122_112616_984344.jpg,0.6
20251122_112617_234344,44.26875,0.0389,0.0169,-0.27,3.3,42.80625,42.69375,42.80625,42.6375,0.033036849,0.035578145,0.033036849,0.036848793,train/episode_158/images/ZED_LEFT/ZED_LEFT_20251122_112617_234344.jpg,train/episode_158/images/road_img/ZED_LEFT_20251122_112617_234344.jpg,0.6
20251122_112617_484344,44.325,0.013,0.0227,-0.32,-2.7,42.24375,42.13125,42.69375,42.24375,0.046954315,0.049492386,0.03680203,0.046954315,train/episode_158/images/ZED_LEFT/ZED_LEFT_20251122_112617_484344.jpg,train/episode_158/images/road_img/ZED_LEFT_20251122_112617_484344.jpg,0.6
20251122_112617_734344,44.325,0.0334,-0.0148,0.02,-6.3,42.13125,41.7375,42.1875,41.79375,0.049492386,0.058375635,0.04822335,0.057106599,train/episode_158/images/ZED_LEFT/ZED_LEFT_20251122_112617_734344.jpg,train/episode_158/images/road_img/ZED_LEFT_20251122_112617_734344.jpg,0.6
20251122_112617_984344,44.15625,0.0204,-0.048,-0.3,-6.8,41.7375,41.34375,41.90625,41.4,0.05477707,0.063694268,0.050955414,0.062420382,train/episode_158/images/ZED_LEFT/ZED_LEFT_20251122_112617_984344.jpg,train/episode_158/images/road_img/ZED_LEFT_20251122_112617_984344.jpg,0.6
20251122_112618_234344,43.65,0.0516,-0.0443,-0.24,-9.1,41.23125,40.89375,41.5125,40.95,0.055412371,0.06314433,0.048969072,0.06185567,train/episode_158/images/ZED_LEFT/ZED_LEFT_20251122_112618_234344.jpg,train/episode_158/images/road_img/ZED_LEFT_20251122_112618_234344.jpg,0.6
20251122_112618_484344,43.14375,0.0219,-0.0226,-0.54,-9.1,40.8375,40.5,41.0625,40.55625,0.05345502,0.061277705,0.048239896,0.059973924,train/episode_158/images/ZED_LEFT/ZED_LEFT_20251122_112618_484344.jpg,train/episode_158/images/road_img/ZED_LEFT_20251122_112618_484344.jpg,0.6
20251122_112618_734344,42.8625,0.0048,-0.0581,-0.39,-8.8,40.05,39.76875,40.21875,39.825,0.065616798,0.072178478,0.06167979,0.070866142,train/episode_158/images/ZED_LEFT/ZED_LEFT_20251122_112618_734344.jpg,train/episode_158/images/road_img/ZED_LEFT_20251122_112618_734344.jpg,0.6
20251122_112618_984344,42.75,0.0468,-0.0501,-0.56,-8.3,39.65625,39.15,39.76875,39.2625,0.072368421,0.084210526,0.069736842,0.081578947,train/episode_158/images/ZED_LEFT/ZED_LEFT_20251122_112618_984344.jpg,train/episode_158/images/road_img/ZED_LEFT_20251122_112618_984344.jpg,0.6
20251122_112619_234344,42.1875,0.0265,-0.0207,-1.5,-7.5,38.7,38.64375,39.15,37.96875,0.082666667,0.084,0.072,0.1,train/episode_158/images/ZED_LEFT/ZED_LEFT_20251122_112619_234344.jpg,train/episode_158/images/road_img/ZED_LEFT_20251122_112619_234344.jpg,0.6
20251122_112619_484344,42.01875,0.0401,-0.0487,-2.25,-7,38.3625,38.08125,38.7,38.3625,0.087014726,0.093708166,0.078982597,0.087014726,train/episode_158/images/ZED_LEFT/ZED_LEFT_20251122_112619_484344.jpg,train/episode_158/images/road_img/ZED_LEFT_20251122_112619_484344.jpg,0.6
20251122_112619_734344,41.68125,0.0888,-0.0183,-3.29,-5.6,38.1375,37.8,38.41875,38.25,0.085020243,0.093117409,0.078272605,0.082321188,train/episode_158/images/ZED_LEFT/ZED_LEFT_20251122_112619_734344.jpg,train/episode_158/images/road_img/ZED_LEFT_20251122_112619_734344.jpg,0.6
20251122_112619_984344,41.4,0.097,-0.0338,-3.3,-10.5,38.475,38.08125,38.86875,38.025,0.070652174,0.080163043,0.061141304,0.081521739,train/episode_158/images/ZED_LEFT/ZED_LEFT_20251122_112619_984344.jpg,train/episode_158/images/road_img/ZED_LEFT_20251122_112619_984344.jpg,0.6
20251122_112620_234344,41.11875,0.0932,-0.0617,-3.16,-10,38.30625,38.025,38.53125,38.08125,0.068399453,0.075239398,0.062927497,0.073871409,train/episode_158/images/ZED_LEFT/ZED_LEFT_20251122_112620_234344.jpg,train/episode_158/images/road_img/ZED_LEFT_20251122_112620_234344.jpg,0.6
20251122_112620_484344,40.725,0.1294,-0.0586,-3.3,-9.9,38.25,37.85625,38.475,37.6875,0.060773481,0.070441989,0.055248619,0.074585635,train/episode_158/images/ZED_LEFT/ZED_LEFT_20251122_112620_484344.jpg,train/episode_158/images/road_img/ZED_LEFT_20251122_112620_484344.jpg,0.6
20251122_112620_734344,40.10625,0.1853,-0.0713,-3.65,-6.4,37.8,37.575,38.19375,37.6875,0.057503506,0.063113604,0.047685835,0.060308555,train/episode_158/images/ZED_LEFT/ZED_LEFT_20251122_112620_734344.jpg,train/episode_158/images/road_img/ZED_LEFT_20251122_112620_734344.jpg,0.6
20251122_112620_984344,39.54375,0.1172,-0.0375,-3.38,-7,37.6875,37.4625,37.96875,37.575,0.046941679,0.052631579,0.039829303,0.049786629,train/episode_158/images/ZED_LEFT/ZED_LEFT_20251122_112620_984344.jpg,train/episode_158/images/road_img/ZED_LEFT_20251122_112620_984344.jpg,0.6
20251122_112621_234344,39.20625,0.035,-0.031,-2.89,-10.8,37.575,37.18125,38.08125,37.51875,0.041606887,0.051649928,0.028694405,0.043041607,train/episode_158/images/ZED_LEFT/ZED_LEFT_20251122_112621_234344.jpg,train/episode_158/images/road_img/ZED_LEFT_20251122_112621_234344.jpg,0.6
20251122_112621_484344,38.7,0.1596,-0.0346,-2.66,-11.9,37.96875,37.4625,38.25,37.8,0.018895349,0.031976744,0.011627907,0.023255814,train/episode_158/images/ZED_LEFT/ZED_LEFT_20251122_112621_484344.jpg,train/episode_158/images/road_img/ZED_LEFT_20251122_112621_484344.jpg,0.6
20251122_112621_734344,38.25,0.1104,-0.0863,-3.17,-8.1,38.08125,37.74375,38.41875,37.96875,0.004411765,0.013235294,-0.004411765,0.007352941,train/episode_158/images/ZED_LEFT/ZED_LEFT_20251122_112621_734344.jpg,train/episode_158/images/road_img/ZED_LEFT_20251122_112621_734344.jpg,0.6
20251122_112621_984344,37.96875,0.0919,-0.0155,-2.47,-2.8,38.475,38.19375,38.5875,38.41875,-0.013333333,-0.005925926,-0.016296296,-0.011851852,train/episode_158/images/ZED_LEFT/ZED_LEFT_20251122_112621_984344.jpg,train/episode_158/images/road_img/ZED_LEFT_20251122_112621_984344.jpg,0.6
20251122_112622_234344,38.08125,0.1385,0.0562,-2.16,-2.7,38.64375,38.475,39.0375,38.86875,-0.014771049,-0.010339734,-0.025110783,-0.020679468,train/episode_158/images/ZED_LEFT/ZED_LEFT_20251122_112622_234344.jpg,train/episode_158/images/road_img/ZED_LEFT_20251122_112622_234344.jpg,0.6
20251122_112622_484344,38.19375,0.1425,-0.0126,-3.34,-2.1,38.7,38.475,39.0375,38.86875,-0.013254786,-0.00736377,-0.022091311,-0.017673049,train/episode_158/images/ZED_LEFT/ZED_LEFT_20251122_112622_484344.jpg,train/episode_158/images/road_img/ZED_LEFT_20251122_112622_484344.jpg,0.6
20251122_112622_734344,38.1375,0.0694,-0.0009,-3.58,-0.6,38.98125,38.925,39.09375,39.0375,-0.022123894,-0.020648968,-0.025073746,-0.02359882,train/episode_158/images/ZED_LEFT/ZED_LEFT_20251122_112622_734344.jpg,train/episode_158/images/road_img/ZED_LEFT_20251122_112622_734344.jpg,0.6
20251122_112622_984344,38.025,0.0953,-0.0303,-3.82,0.5,39.09375,38.925,39.43125,39.15,-0.028106509,-0.023668639,-0.036982249,-0.029585799,train/episode_158/images/ZED_LEFT/ZED_LEFT_20251122_112622_984344.jpg,train/episode_158/images/road_img/ZED_LEFT_20251122_112622_984344.jpg,0.6
20251122_112623_234344,37.8,0.0904,-0.0024,-3.65,2.9,39.54375,39.43125,39.825,39.825,-0.046130952,-0.043154762,-0.053571429,-0.053571429,train/episode_158/images/ZED_LEFT/ZED_LEFT_20251122_112623_234344.jpg,train/episode_158/images/road_img/ZED_LEFT_20251122_112623_234344.jpg,0.6
20251122_112623_484344,37.63125,0.0655,-0.0138,-2.74,2.6,39.825,39.65625,40.1625,40.05,-0.058295964,-0.053811659,-0.067264574,-0.064275037,train/episode_158/images/ZED_LEFT/ZED_LEFT_20251122_112623_484344.jpg,train/episode_158/images/road_img/ZED_LEFT_20251122_112623_484344.jpg,0.6
20251122_112623_734344,37.40625,-0.0033,0.0105,-2.71,0.6,40.44375,40.33125,40.78125,40.55625,-0.081203008,-0.078195489,-0.090225564,-0.084210526,train/episode_158/images/ZED_LEFT/ZED_LEFT_20251122_112623_734344.jpg,train/episode_158/images/road_img/ZED_LEFT_20251122_112623_734344.jpg,0.6
20251122_112623_984344,37.35,0.0574,0.0076,-3.18,0.6,40.89375,40.725,41.175,40.95,-0.094879518,-0.090361446,-0.102409639,-0.096385542,train/episode_158/images/ZED_LEFT/ZED_LEFT_20251122_112623_984344.jpg,train/episode_158/images/road_img/ZED_LEFT_20251122_112623_984344.jpg,0.6
20251122_112624_234344,37.6875,0.0841,0.0534,-4.21,3.4,41.11875,41.00625,41.56875,41.34375,-0.091044776,-0.088059701,-0.102985075,-0.097014925,train/episode_158/images/ZED_LEFT/ZED_LEFT_20251122_112624_234344.jpg,train/episode_158/images/road_img/ZED_LEFT_20251122_112624_234344.jpg,0.6
20251122_112624_484344,37.74375,0.0813,0.0475,-3.63,4.3,41.85,41.90625,42.075,41.9625,-0.108792846,-0.110283159,-0.114754098,-0.111773472,train/episode_158/images/ZED_LEFT/ZED_LEFT_20251122_112624_484344.jpg,train/episode_158/images/road_img/ZED_LEFT_20251122_112624_484344.jpg,0.6
20251122_112624_734344,38.025,0.0705,0.0247,-3.4,7.4,42.1875,41.90625,42.525,42.3,-0.109467456,-0.102071006,-0.118343195,-0.112426036,train/episode_158/images/ZED_LEFT/ZED_LEFT_20251122_112624_734344.jpg,train/episode_158/images/road_img/ZED_LEFT_20251122_112624_734344.jpg,0.6
20251122_112624_984344,38.475,0.0648,0.0343,-1.92,6.9,42.35625,42.35625,42.75,42.80625,-0.100877193,-0.100877193,-0.111111111,-0.112573099,train/episode_158/images/ZED_LEFT/ZED_LEFT_20251122_112624_984344.jpg,train/episode_158/images/road_img/ZED_LEFT_20251122_112624_984344.jpg,0.6
20251122_112625_234344,38.5875,0.0746,0.0184,-2.24,5.7,42.4125,42.4125,42.91875,42.69375,-0.099125364,-0.099125364,-0.112244898,-0.106413994,train/episode_158/images/ZED_LEFT/ZED_LEFT_20251122_112625_234344.jpg,train/episode_158/images/road_img/ZED_LEFT_20251122_112625_234344.jpg,0.6
20251122_112625_484344,38.5875,0.0621,0.0402,-1.95,5,42.6375,42.6375,42.8625,42.75,-0.104956268,-0.104956268,-0.110787172,-0.10787172,train/episode_158/images/ZED_LEFT/ZED_LEFT_20251122_112625_484344.jpg,train/episode_158/images/road_img/ZED_LEFT_20251122_112625_484344.jpg,0.6
20251122_112625_734344,38.7,0.0422,0.0251,-1.78,5,42.91875,42.8625,43.14375,43.0875,-0.109011628,-0.10755814,-0.114825581,-0.113372093,train/episode_158/images/ZED_LEFT/ZED_LEFT_20251122_112625_734344.jpg,train/episode_158/images/road_img/ZED_LEFT_20251122_112625_734344.jpg,0.6
20251122_112625_984344,38.86875,0.0328,0.0626,-1.19,5,43.0875,43.14375,43.48125,43.14375,-0.10853835,-0.109985528,-0.118668596,-0.109985528,train/episode_158/images/ZED_LEFT/ZED_LEFT_20251122_112625_984344.jpg,train/episode_158/images/road_img/ZED_LEFT_20251122_112625_984344.jpg,0.6
20251122_112626_234344,39.0375,-0.0163,0.0411,-1.3,6.4,43.25625,43.2,43.48125,43.48125,-0.108069164,-0.106628242,-0.113832853,-0.113832853,train/episode_158/images/ZED_LEFT/ZED_LEFT_20251122_112626_234344.jpg,train/episode_158/images/road_img/ZED_LEFT_20251122_112626_234344.jpg,0.6
20251122_112626_484344,39.43125,0.0112,0.0665,-0.52,7.5,43.425,43.425,43.70625,43.65,-0.10128388,-0.10128388,-0.108416548,-0.106990014,train/episode_158/images/ZED_LEFT/ZED_LEFT_20251122_112626_484344.jpg,train/episode_158/images/road_img/ZED_LEFT_20251122_112626_484344.jpg,0.6
20251122_112626_734344,39.65625,-0.0073,0.0691,-0.59,7.4,43.5375,43.59375,43.875,43.81875,-0.09787234,-0.09929078,-0.106382979,-0.104964539,train/episode_158/images/ZED_LEFT/ZED_LEFT_20251122_112626_734344.jpg,train/episode_158/images/road_img/ZED_LEFT_20251122_112626_734344.jpg,0.6
20251122_112626_984344,39.99375,0.0019,0.0595,-0.79,7,43.70625,43.59375,43.9875,43.9875,-0.092827004,-0.090014065,-0.099859353,-0.099859353,train/episode_158/images/ZED_LEFT/ZED_LEFT_20251122_112626_984344.jpg,train/episode_158/images/road_img/ZED_LEFT_20251122_112626_984344.jpg,0.6
20251122_112627_234344,40.5,0.0198,0.0652,-1.18,6.9,43.59375,43.93125,44.15625,43.81875,-0.076388889,-0.084722222,-0.090277778,-0.081944444,train/episode_158/images/ZED_LEFT/ZED_LEFT_20251122_112627_234344.jpg,train/episode_158/images/road_img/ZED_LEFT_20251122_112627_234344.jpg,0.6
20251122_112627_484344,40.89375,0.0211,0.0855,-1.04,5.8,43.93125,43.93125,44.15625,44.83125,-0.074277854,-0.074277854,-0.079779917,-0.096286107,train/episode_158/images/ZED_LEFT/ZED_LEFT_20251122_112627_484344.jpg,train/episode_158/images/road_img/ZED_LEFT_20251122_112627_484344.jpg,0.6
20251122_112627_734344,41.175,0.0275,0.0624,-0.61,7.1,44.04375,44.04375,44.49375,44.26875,-0.069672131,-0.069672131,-0.080601093,-0.075136612,train/episode_158/images/ZED_LEFT/ZED_LEFT_20251122_112627_734344.jpg,train/episode_158/images/road_img/ZED_LEFT_20251122_112627_734344.jpg,0.6
20251122_112627_984344,41.79375,0.0018,0.0525,-0.51,7.4,44.2125,44.26875,44.55,44.4375,-0.057873486,-0.059219381,-0.065948856,-0.063257066,train/episode_158/images/ZED_LEFT/ZED_LEFT_20251122_112627_984344.jpg,train/episode_158/images/road_img/ZED_LEFT_20251122_112627_984344.jpg,0.6
20251122_112628_234344,42.13125,0.0477,0.0666,-0.19,7.3,44.325,44.38125,44.71875,44.6625,-0.052069426,-0.053404539,-0.06141522,-0.060080107,train/episode_158/images/ZED_LEFT/ZED_LEFT_20251122_112628_234344.jpg,train/episode_158/images/road_img/ZED_LEFT_20251122_112628_234344.jpg,0.6
20251122_112628_484344,42.3,-0.028,0.0116,0.13,7.3,44.55,44.60625,44.83125,44.83125,-0.053191489,-0.054521277,-0.059840426,-0.059840426,train/episode_158/images/ZED_LEFT/ZED_LEFT_20251122_112628_484344.jpg,train/episode_158/images/road_img/ZED_LEFT_20251122_112628_484344.jpg,0.6
20251122_112628_734344,42.46875,0.0253,0.0699,1.02,5,44.6625,44.6625,45.1125,44.94375,-0.051655629,-0.051655629,-0.062251656,-0.058278146,train/episode_158/images/ZED_LEFT/ZED_LEFT_20251122_112628_734344.jpg,train/episode_158/images/road_img/ZED_LEFT_20251122_112628_734344.jpg,0.6
20251122_112628_984344,42.46875,0.0046,0.0268,0.02,6,44.775,44.775,45.1125,44.94375,-0.054304636,-0.054304636,-0.062251656,-0.058278146,train/episode_158/images/ZED_LEFT/ZED_LEFT_20251122_112628_984344.jpg,train/episode_158/images/road_img/ZED_LEFT_20251122_112628_984344.jpg,0.6
20251122_112629_234344,42.58125,-0.0138,0.0445,-0.26,8.3,44.775,44.83125,45.16875,45.05625,-0.051519155,-0.052840159,-0.060766182,-0.058124174,train/episode_158/images/ZED_LEFT/ZED_LEFT_20251122_112629_234344.jpg,train/episode_158/images/road_img/ZED_LEFT_20251122_112629_234344.jpg,0.6
20251122_112629_484344,42.69375,0.0167,0.0313,-0.29,8.4,44.83125,44.94375,45.28125,45.16875,-0.050065876,-0.052700922,-0.060606061,-0.057971014,train/episode_158/images/ZED_LEFT/ZED_LEFT_20251122_112629_484344.jpg,train/episode_158/images/road_img/ZED_LEFT_20251122_112629_484344.jpg,0.6
20251122_112629_734344,42.91875,0.02,0.0247,-0.1,8.2,45.16875,45.28125,45.50625,45.39375,-0.05242464,-0.055045872,-0.060288336,-0.057667104,train/episode_158/images/ZED_LEFT/ZED_LEFT_20251122_112629_734344.jpg,train/episode_158/images/road_img/ZED_LEFT_20251122_112629_734344.jpg,0.6
20251122_112629_984344,43.0875,0.0152,0.0472,-0.31,7.6,45.225,45.28125,45.5625,45.39375,-0.049608355,-0.050913838,-0.057441253,-0.053524804,train/episode_158/images/ZED_LEFT/ZED_LEFT_20251122_112629_984344.jpg,train/episode_158/images/road_img/ZED_LEFT_20251122_112629_984344.jpg,0.6
20251122_112630_234344,43.14375,-0.0086,0.0396,0.07,7.6,45.225,45.225,45.5625,45.5625,-0.048239896,-0.048239896,-0.056062581,-0.056062581,train/episode_158/images/ZED_LEFT/ZED_LEFT_20251122_112630_234344.jpg,train/episode_158/images/road_img/ZED_LEFT_20251122_112630_234344.jpg,0.6
20251122_112630_484344,43.36875,0.0073,0.0284,0.4,6.9,45.39375,45.3375,45.675,45.5625,-0.046692607,-0.04539559,-0.053177691,-0.050583658,train/episode_158/images/ZED_LEFT/ZED_LEFT_20251122_112630_484344.jpg,train/episode_158/images/road_img/ZED_LEFT_20251122_112630_484344.jpg,0.6
20251122_112630_734344,43.48125,-0.0072,0.0439,0.48,6.4,45.50625,45.50625,45.7875,45.7875,-0.046571798,-0.046571798,-0.053040103,-0.053040103,train/episode_158/images/ZED_LEFT/ZED_LEFT_20251122_112630_734344.jpg,train/episode_158/images/road_img/ZED_LEFT_20251122_112630_734344.jpg,0.6
20251122_112630_984344,43.59375,-0.0073,0.0299,0.49,6.3,45.61875,45.5625,46.06875,45.95625,-0.046451613,-0.04516129,-0.056774194,-0.054193548,train/episode_158/images/ZED_LEFT/ZED_LEFT_20251122_112630_984344.jpg,train/episode_158/images/road_img/ZED_LEFT_20251122_112630_984344.jpg,0.6
20251122_112631_234344,43.70625,0.0045,0.0285,0.16,6.8,45.84375,45.84375,46.125,46.0125,-0.048906049,-0.048906049,-0.055341055,-0.052767053,train/episode_158/images/ZED_LEFT/ZED_LEFT_20251122_112631_234344.jpg,train/episode_158/images/road_img/ZED_LEFT_20251122_112631_234344.jpg,0.6
20251122_112631_484344,43.81875,-0.0381,0.053,0.31,6.8,45.84375,45.7875,46.2375,46.125,-0.046213094,-0.044929397,-0.055198973,-0.052631579,train/episode_158/images/ZED_LEFT/ZED_LEFT_20251122_112631_484344.jpg,train/episode_158/images/road_img/ZED_LEFT_20251122_112631_484344.jpg,0.6
20251122_112631_734344,43.9875,-0.1381,0.0337,0.86,6.5,45.9,45.9,46.29375,46.18125,-0.043478261,-0.043478261,-0.052429668,-0.049872123,train/episode_158/images/ZED_LEFT/ZED_LEFT_20251122_112631_734344.jpg,train/episode_158/images/road_img/ZED_LEFT_20251122_112631_734344.jpg,0.6
20251122_112631_984344,43.9875,0.0247,0.048,0.04,6.3,45.95625,46.0125,46.35,46.2375,-0.044757033,-0.046035806,-0.05370844,-0.051150895,train/episode_158/images/ZED_LEFT/ZED_LEFT_20251122_112631_984344.jpg,train/episode_158/images/road_img/ZED_LEFT_20251122_112631_984344.jpg,0.6
20251122_112632_234344,44.1,-0.0023,0.0291,0.39,6.4,46.125,46.06875,46.35,46.29375,-0.045918367,-0.044642857,-0.051020408,-0.049744898,train/episode_158/images/ZED_LEFT/ZED_LEFT_20251122_112632_234344.jpg,train/episode_158/images/road_img/ZED_LEFT_20251122_112632_234344.jpg,0.6
20251122_112632_484344,44.15625,-0.0221,0.0441,0.38,7.1,46.18125,46.2375,46.51875,46.35,-0.045859873,-0.047133758,-0.053503185,-0.049681529,train/episode_158/images/ZED_LEFT/ZED_LEFT_20251122_112632_484344.jpg,train/episode_158/images/road_img/ZED_LEFT_20251122_112632_484344.jpg,0.6
20251122_112632_734344,44.26875,-0.019,0.0265,0.39,7.2,46.2375,46.2375,46.575,46.51875,-0.044472681,-0.044472681,-0.052096569,-0.050825921,train/episode_158/images/ZED_LEFT/ZED_LEFT_20251122_112632_734344.jpg,train/episode_158/images/road_img/ZED_LEFT_20251122_112632_734344.jpg,0.6
20251122_112632_984344,44.55,-0.0131,0.0264,0.46,7.3,46.29375,46.35,46.6875,46.63125,-0.039141414,-0.04040404,-0.047979798,-0.046717172,train/episode_158/images/ZED_LEFT/ZED_LEFT_20251122_112632_984344.jpg,train/episode_158/images/road_img/ZED_LEFT_20251122_112632_984344.jpg,0.6
20251122_112633_234344,44.6625,0.0124,0.0462,-0.13,7.3,46.40625,46.4625,46.74375,46.63125,-0.039042821,-0.040302267,-0.046599496,-0.044080605,train/episode_158/images/ZED_LEFT/ZED_LEFT_20251122_112633_234344.jpg,train/episode_158/images/road_img/ZED_LEFT_20251122_112633_234344.jpg,0.6
20251122_112633_484344,44.6625,0.0285,0.0332,-0.21,6.9,46.575,46.575,46.96875,46.8,-0.042821159,-0.042821159,-0.05163728,-0.047858942,train/episode_158/images/ZED_LEFT/ZED_LEFT_20251122_112633_484344.jpg,train/episode_158/images/road_img/ZED_LEFT_20251122_112633_484344.jpg,0.6
20251122_112633_734344,44.71875,0.0084,0.0202,0.21,6.5,46.8,46.85625,47.25,47.08125,-0.046540881,-0.047798742,-0.056603774,-0.052830189,train/episode_158/images/ZED_LEFT/ZED_LEFT_20251122_112633_734344.jpg,train/episode_158/images/road_img/ZED_LEFT_20251122_112633_734344.jpg,0.6
20251122_112633_984344,44.775,-0.0245,0.0378,0.7,6.4,46.9125,46.9125,47.30625,47.19375,-0.047738693,-0.047738693,-0.056532663,-0.054020101,train/episode_158/images/ZED_LEFT/ZED_LEFT_20251122_112633_984344.jpg,train/episode_158/images/road_img/ZED_LEFT_20251122_112633_984344.jpg,0.6
20251122_112634_234344,44.8875,0.0139,0.0161,0.6,6.3,47.08125,47.08125,47.41875,47.41875,-0.04887218,-0.04887218,-0.056390977,-0.056390977,train/episode_158/images/ZED_LEFT/ZED_LEFT_20251122_112634_234344.jpg,train/episode_158/images/road_img/ZED_LEFT_20251122_112634_234344.jpg,0.6
20251122_112634_484344,45.05625,-0.0161,0.0277,0.55,6.2,47.25,47.19375,47.7,47.475,-0.048689139,-0.047440699,-0.058676654,-0.053682896,train/episode_158/images/ZED_LEFT/ZED_LEFT_20251122_112634_484344.jpg,train/episode_158/images/road_img/ZED_LEFT_20251122_112634_484344.jpg,0.6
20251122_112634_734344,45.16875,-0.0237,0.0194,0.85,6.1,47.53125,47.53125,47.86875,47.75625,-0.052303861,-0.052303861,-0.059775841,-0.057285181,train/episode_158/images/ZED_LEFT/ZED_LEFT_20251122_112634_734344.jpg,train/episode_158/images/road_img/ZED_LEFT_20251122_112634_734344.jpg,0.6
20251122_112634_984344,45.16875,-0.0139,0.0368,0.42,6,47.64375,47.75625,48.0375,47.86875,-0.054794521,-0.057285181,-0.063511831,-0.059775841,train/episode_158/images/ZED_LEFT/ZED_LEFT_20251122_112634_984344.jpg,train/episode_158/images/road_img/ZED_LEFT_20251122_112634_984344.jpg,0.6
20251122_112635_234344,45.28125,0.0172,0.0084,0.36,5.7,47.86875,47.8125,48.31875,48.09375,-0.057142857,-0.055900621,-0.067080745,-0.062111801,train/episode_158/images/ZED_LEFT/ZED_LEFT_20251122_112635_234344.jpg,train/episode_158/images/road_img/ZED_LEFT_20251122_112635_234344.jpg,0.6
20251122_112635_484344,45.28125,-0.0099,0.0105,0.34,5.7,47.98125,47.98125,48.2625,48.20625,-0.059627329,-0.059627329,-0.065838509,-0.064596273,train/episode_158/images/ZED_LEFT/ZED_LEFT_20251122_112635_484344.jpg,train/episode_158/images/road_img/ZED_LEFT_20251122_112635_484344.jpg,0.6
20251122_112635_734344,45.45,-0.0102,0.0247,0.15,5.8,48.09375,48.09375,48.4875,48.2625,-0.058168317,-0.058168317,-0.066831683,-0.061881188,train/episode_158/images/ZED_LEFT/ZED_LEFT_20251122_112635_734344.jpg,train/episode_158/images/road_img/ZED_LEFT_20251122_112635_734344.jpg,0.6
20251122_112635_984344,45.50625,0.0083,0.0321,-0.25,7,48.15,48.15,48.43125,48.375,-0.058096415,-0.058096415,-0.064276885,-0.063040791,train/episode_158/images/ZED_LEFT/ZED_LEFT_20251122_112635_984344.jpg,train/episode_158/images/road_img/ZED_LEFT_20251122_112635_984344.jpg,0.6
20251122_112636_234344,45.73125,0.0082,0.0298,0.18,8.6,48.15,48.31875,48.54375,48.54375,-0.052890529,-0.056580566,-0.061500615,-0.061500615,train/episode_158/images/ZED_LEFT/ZED_LEFT_20251122_112636_234344.jpg,train/episode_158/images/road_img/ZED_LEFT_20251122_112636_234344.jpg,0.6
20251122_112636_484344,45.7875,-0.0194,0.0256,0.22,8.2,48.2625,48.31875,48.54375,48.54375,-0.054054054,-0.055282555,-0.06019656,-0.06019656,train/episode_158/images/ZED_LEFT/ZED_LEFT_20251122_112636_484344.jpg,train/episode_158/images/road_img/ZED_LEFT_20251122_112636_484344.jpg,0.6
20251122_112636_734344,45.7875,0.0006,0.0256,0.14,7.7,48.43125,48.375,48.7125,48.65625,-0.057739558,-0.056511057,-0.063882064,-0.062653563,train/episode_158/images/ZED_LEFT/ZED_LEFT_20251122_112636_734344.jpg,train/episode_158/images/road_img/ZED_LEFT_20251122_112636_734344.jpg,0.6
20251122_112636_984344,45.84375,-0.0064,0.0219,0.19,5.5,48.4875,48.7125,49.05,47.1375,-0.057668712,-0.062576687,-0.06993865,-0.028220859,train/episode_158/images/ZED_LEFT/ZED_LEFT_20251122_112636_984344.jpg,train/episode_158/images/road_img/ZED_LEFT_20251122_112636_984344.jpg,0.6
20251122_112637_234344,46.0125,0.0103,0.0276,0.04,5.4,48.6,48.54375,49.1625,48.9375,-0.056234719,-0.055012225,-0.068459658,-0.063569682,train/episode_158/images/ZED_LEFT/ZED_LEFT_20251122_112637_234344.jpg,train/episode_158/images/road_img/ZED_LEFT_20251122_112637_234344.jpg,0.6
20251122_112637_484344,46.0125,0.0131,0.0318,0.09,5.2,48.7125,48.65625,48.9375,48.76875,-0.058679707,-0.057457213,-0.063569682,-0.0599022,train/episode_158/images/ZED_LEFT/ZED_LEFT_20251122_112637_484344.jpg,train/episode_158/images/road_img/ZED_LEFT_20251122_112637_484344.jpg,0.6
20251122_112637_734344,46.18125,-0.0007,0.0107,0.2,3.2,48.4875,48.31875,48.65625,48.375,-0.049939099,-0.046285018,-0.053593179,-0.047503045,train/episode_158/images/ZED_LEFT/ZED_LEFT_20251122_112637_734344.jpg,train/episode_158/images/road_img/ZED_LEFT_20251122_112637_734344.jpg,0.6
20251122_112637_984344,46.18125,0.0052,0.0306,0.4,0.1,47.86875,47.64375,47.86875,47.5875,-0.036540804,-0.031668697,-0.036540804,-0.03045067,train/episode_158/images/ZED_LEFT/ZED_LEFT_20251122_112637_984344.jpg,train/episode_158/images/road_img/ZED_LEFT_20251122_112637_984344.jpg,0.6
20251122_112638_234344,46.29375,-0.0081,0.0227,0.31,-0.8,47.30625,47.025,47.30625,47.08125,-0.021871203,-0.015795869,-0.021871203,-0.017010936,train/episode_158/images/ZED_LEFT/ZED_LEFT_20251122_112638_234344.jpg,train/episode_158/images/road_img/ZED_LEFT_20251122_112638_234344.jpg,0.6
20251122_112638_484344,46.4625,-0.011,0.0305,0.39,-2,46.40625,46.18125,46.74375,46.51875,0.001210654,0.006053269,-0.006053269,-0.001210654,train/episode_158/images/ZED_LEFT/ZED_LEFT_20251122_112638_484344.jpg,train/episode_158/images/road_img/ZED_LEFT_20251122_112638_484344.jpg,0.6
20251122_112638_734344,46.6875,0.0011,0.0185,0.18,-2.7,45.95625,45.84375,46.18125,45.84375,0.015662651,0.018072289,0.010843373,0.018072289,train/episode_158/images/ZED_LEFT/ZED_LEFT_20251122_112638_734344.jpg,train/episode_158/images/road_img/ZED_LEFT_20251122_112638_734344.jpg,0.6
20251122_112638_984344,46.85625,-0.0023,0.0571,0.19,-4.3,45.3375,45.05625,45.50625,45.1125,0.032412965,0.038415366,0.028811525,0.037214886,train/episode_158/images/ZED_LEFT/ZED_LEFT_20251122_112638_984344.jpg,train/episode_158/images/road_img/ZED_LEFT_20251122_112638_984344.jpg,0.6
20251122_112639_234344,46.9125,-0.0041,0.0294,0.18,-5.6,45.05625,44.775,45.39375,44.94375,0.039568345,0.045563549,0.032374101,0.041966427,train/episode_158/images/ZED_LEFT/ZED_LEFT_20251122_112639_234344.jpg,train/episode_158/images/road_img/ZED_LEFT_20251122_112639_234344.jpg,0.6
20251122_112639_484344,47.025,0.0037,0.0347,0.03,-5.8,44.83125,44.38125,45.16875,44.71875,0.046650718,0.056220096,0.039473684,0.049043062,train/episode_158/images/ZED_LEFT/ZED_LEFT_20251122_112639_484344.jpg,train/episode_158/images/road_img/ZED_LEFT_20251122_112639_484344.jpg,0.6
20251122_112639_734344,47.19375,0.0058,0.0441,0.1,-3.9,44.6625,44.38125,45,44.55,0.05363528,0.059594756,0.046483909,0.05601907,train/episode_158/images/ZED_LEFT/ZED_LEFT_20251122_112639_734344.jpg,train/episode_158/images/road_img/ZED_LEFT_20251122_112639_734344.jpg,0.6
20251122_112639_984344,47.3625,-0.0108,0.0375,0.03,-1.7,44.325,43.9875,44.60625,44.1,0.064133017,0.071258907,0.058194774,0.06888361,train/episode_158/images/ZED_LEFT/ZED_LEFT_20251122_112639_984344.jpg,train/episode_158/images/road_img/ZED_LEFT_20251122_112639_984344.jpg,0.6
20251122_112640_234344,47.53125,0.0062,0.0402,0.11,-0.2,43.9875,43.875,44.26875,43.93125,0.074556213,0.076923077,0.068639053,0.075739645,train/episode_158/images/ZED_LEFT/ZED_LEFT_20251122_112640_234344.jpg,train/episode_158/images/road_img/ZED_LEFT_20251122_112640_234344.jpg,0.6
20251122_112640_484344,47.64375,0.0083,0.0501,-0.01,2,43.81875,43.65,44.15625,43.81875,0.080283353,0.083825266,0.073199528,0.080283353,train/episode_158/images/ZED_LEFT/ZED_LEFT_20251122_112640_484344.jpg,train/episode_158/images/road_img/ZED_LEFT_20251122_112640_484344.jpg,0.6
20251122_112640_734344,47.75625,0.0036,0.0379,-0.02,3.6,43.5375,43.425,43.81875,43.65,0.088339223,0.090694935,0.082449941,0.08598351,train/episode_158/images/ZED_LEFT/ZED_LEFT_20251122_112640_734344.jpg,train/episode_158/images/road_img/ZED_LEFT_20251122_112640_734344.jpg,0.6
20251122_112640_984344,47.925,0.0006,0.025,-0.17,3.6,43.425,43.36875,43.65,43.48125,0.093896714,0.095070423,0.089201878,0.092723005,train/episode_158/images/ZED_LEFT/ZED_LEFT_20251122_112640_984344.jpg,train/episode_158/images/road_img/ZED_LEFT_20251122_112640_984344.jpg,0.6
20251122_112641_234344,48.0375,0.0111,0.0189,-0.01,3.7,43.3125,43.14375,43.5375,43.36875,0.098360656,0.101873536,0.093676815,0.097189696,train/episode_158/images/ZED_LEFT/ZED_LEFT_20251122_112641_234344.jpg,train/episode_158/images/road_img/ZED_LEFT_20251122_112641_234344.jpg,0.6
20251122_112641_484344,48.09375,0.0043,0.0232,0,3.8,43.14375,43.03125,43.425,43.14375,0.102923977,0.105263158,0.097076023,0.102923977,train/episode_158/images/ZED_LEFT/ZED_LEFT_20251122_112641_484344.jpg,train/episode_158/images/road_img/ZED_LEFT_20251122_112641_484344.jpg,0.6
20251122_112641_734344,48.15,0.0096,0.0299,0.33,3.8,43.0875,43.2,43.25625,43.5375,0.105140187,0.102803738,0.101635514,0.095794393,train/episode_158/images/ZED_LEFT/ZED_LEFT_20251122_112641_734344.jpg,train/episode_158/images/road_img/ZED_LEFT_20251122_112641_734344.jpg,0.6
20251122_112641_984344,48.20625,-0.0246,0.0165,0.9,3.9,42.80625,42.80625,43.36875,42.75,0.11201867,0.11201867,0.100350058,0.113185531,train/episode_158/images/ZED_LEFT/ZED_LEFT_20251122_112641_984344.jpg,train/episode_158/images/road_img/ZED_LEFT_20251122_112641_984344.jpg,0.6
20251122_112642_234344,48.20625,-0.0307,0.0243,0.63,4.7,42.91875,42.80625,43.2,43.03125,0.109684947,0.11201867,0.103850642,0.107351225,train/episode_158/images/ZED_LEFT/ZED_LEFT_20251122_112642_234344.jpg,train/episode_158/images/road_img/ZED_LEFT_20251122_112642_234344.jpg,0.6
20251122_112642_484344,48.375,0.0177,0.0385,0.56,5.4,42.525,42.58125,42.975,42.58125,0.120930233,0.119767442,0.111627907,0.119767442,train/episode_158/images/ZED_LEFT/ZED_LEFT_20251122_112642_484344.jpg,train/episode_158/images/road_img/ZED_LEFT_20251122_112642_484344.jpg,0.6
20251122_112642_734344,48.375,-0.0599,-0.0175,-0.21,7.8,42.525,42.58125,42.8625,42.6375,0.120930233,0.119767442,0.113953488,0.118604651,train/episode_158/images/ZED_LEFT/ZED_LEFT_20251122_112642_734344.jpg,train/episode_158/images/road_img/ZED_LEFT_20251122_112642_734344.jpg,0.6
20251122_112642_984344,48.54375,0.0565,-0.0367,1.78,8.4,42.525,42.525,42.91875,42.69375,0.123986095,0.123986095,0.115874855,0.120509849,train/episode_158/images/ZED_LEFT/ZED_LEFT_20251122_112642_984344.jpg,train/episode_158/images/road_img/ZED_LEFT_20251122_112642_984344.jpg,0.6
20251122_112643_234344,48.6,0.0151,-0.0018,-0.33,8.4,42.46875,42.6375,42.75,42.8625,0.126157407,0.122685185,0.12037037,0.118055556,train/episode_158/images/ZED_LEFT/ZED_LEFT_20251122_112643_234344.jpg,train/episode_158/images/road_img/ZED_LEFT_20251122_112643_234344.jpg,0.6
20251122_112643_484344,48.65625,0.0036,0.0156,-0.11,8.5,42.525,42.75,42.8625,42.91875,0.126011561,0.121387283,0.119075145,0.117919075,train/episode_158/images/ZED_LEFT/ZED_LEFT_20251122_112643_484344.jpg,train/episode_158/images/road_img/ZED_LEFT_20251122_112643_484344.jpg,0.6
20251122_112643_734344,48.54375,0.0072,-0.0112,-0.24,8.3,42.58125,42.58125,42.80625,42.80625,0.122827346,0.122827346,0.118192352,0.118192352,train/episode_158/images/ZED_LEFT/ZED_LEFT_20251122_112643_734344.jpg,train/episode_158/images/road_img/ZED_LEFT_20251122_112643_734344.jpg,0.6
20251122_112643_984344,48.09375,0.0222,-0.0677,-0.88,8.2,42.6375,42.6375,42.975,42.91875,0.113450292,0.113450292,0.106432749,0.107602339,train/episode_158/images/ZED_LEFT/ZED_LEFT_20251122_112643_984344.jpg,train/episode_158/images/road_img/ZED_LEFT_20251122_112643_984344.jpg,0.6
20251122_112644_234344,47.475,0.0256,-0.0999,-1.54,7.4,42.525,42.75,43.03125,42.8625,0.104265403,0.099526066,0.093601896,0.097156398,train/episode_158/images/ZED_LEFT/ZED_LEFT_20251122_112644_234344.jpg,train/episode_158/images/road_img/ZED_LEFT_20251122_112644_234344.jpg,0.6
20251122_112644_484344,46.6875,0.0418,-0.0199,-2.14,7.2,42.69375,42.69375,43.0875,42.975,0.085542169,0.085542169,0.077108434,0.079518072,train/episode_158/images/ZED_LEFT/ZED_LEFT_20251122_112644_484344.jpg,train/episode_158/images/road_img/ZED_LEFT_20251122_112644_484344.jpg,0.6
20251122_112644_734344,46.29375,0.0638,-0.0342,-1.98,6.6,42.3,42.525,42.80625,42.6375,0.086269745,0.081409478,0.075334143,0.078979344,train/episode_158/images/ZED_LEFT/ZED_LEFT_20251122_112644_734344.jpg,train/episode_158/images/road_img/ZED_LEFT_20251122_112644_734344.jpg,0.6
20251122_112644_984344,45.95625,0.0589,-0.0608,-2.48,6.5,42.46875,42.525,42.69375,42.525,0.075887393,0.074663403,0.070991432,0.074663403,train/episode_158/images/ZED_LEFT/ZED_LEFT_20251122_112644_984344.jpg,train/episode_158/images/road_img/ZED_LEFT_20251122_112644_984344.jpg,0.6
20251122_112645_234344,45.39375,0.0875,-0.0372,-2.66,6.4,41.90625,41.90625,41.9625,41.90625,0.076827757,0.076827757,0.0755886,0.076827757,train/episode_158/images/ZED_LEFT/ZED_LEFT_20251122_112645_234344.jpg,train/episode_158/images/road_img/ZED_LEFT_20251122_112645_234344.jpg,0.6
20251122_112645_484344,45.05625,0.0851,-0.0331,-2.81,6.4,41.175,41.11875,41.23125,41.11875,0.086142322,0.087390762,0.084893883,0.087390762,train/episode_158/images/ZED_LEFT/ZED_LEFT_20251122_112645_484344.jpg,train/episode_158/images/road_img/ZED_LEFT_20251122_112645_484344.jpg,0.6
20251122_112645_734344,44.94375,0.0652,-0.022,-3,6.4,40.05,40.05,40.275,40.05,0.108886108,0.108886108,0.10387985,0.108886108,train/episode_158/images/ZED_LEFT/ZED_LEFT_20251122_112645_734344.jpg,train/episode_158/images/road_img/ZED_LEFT_20251122_112645_734344.jpg,0.6
20251122_112645_984344,44.6625,0.0625,-0.0048,-3.06,6.3,39.43125,39.43125,39.54375,39.375,0.117128463,0.117128463,0.114609572,0.118387909,train/episode_158/images/ZED_LEFT/ZED_LEFT_20251122_112645_984344.jpg,train/episode_158/images/road_img/ZED_LEFT_20251122_112645_984344.jpg,0.6
20251122_112646_234344,44.49375,0.0799,-0.0243,-3.01,6.7,38.475,38.53125,38.7,38.53125,0.135271808,0.134007585,0.130214918,0.134007585,train/episode_158/images/ZED_LEFT/ZED_LEFT_20251122_112646_234344.jpg,train/episode_158/images/road_img/ZED_LEFT_20251122_112646_234344.jpg,0.6
20251122_112646_484344,44.38125,0.0388,-0.0036,-2.45,7,37.9125,37.96875,38.025,37.96875,0.145754119,0.144486692,0.143219265,0.144486692,train/episode_158/images/ZED_LEFT/ZED_LEFT_20251122_112646_484344.jpg,train/episode_158/images/road_img/ZED_LEFT_20251122_112646_484344.jpg,0.6
20251122_112646_734344,44.15625,0.066,-0.0106,-2.45,8.4,37.4625,37.40625,37.51875,37.51875,0.151592357,0.152866242,0.150318471,0.150318471,train/episode_158/images/ZED_LEFT/ZED_LEFT_20251122_112646_734344.jpg,train/episode_158/images/road_img/ZED_LEFT_20251122_112646_734344.jpg,0.6
20251122_112646_984344,43.93125,0.0428,-0.0277,-1.86,7.8,36.5625,36.73125,36.84375,36.73125,0.167733675,0.163892446,0.161331626,0.163892446,train/episode_158/images/ZED_LEFT/ZED_LEFT_20251122_112646_984344.jpg,train/episode_158/images/road_img/ZED_LEFT_20251122_112646_984344.jpg,0.6
20251122_112647_234344,43.7625,0.0705,0.0037,-1.67,6.1,35.83125,35.94375,35.94375,35.83125,0.181233933,0.178663239,0.178663239,0.181233933,train/episode_158/images/ZED_LEFT/ZED_LEFT_20251122_112647_234344.jpg,train/episode_158/images/road_img/ZED_LEFT_20251122_112647_234344.jpg,0.6
20251122_112647_484344,43.5375,0.0301,-0.0166,-0.69,5.1,35.4375,35.38125,35.4375,35.38125,0.186046512,0.187338501,0.186046512,0.187338501,train/episode_158/images/ZED_LEFT/ZED_LEFT_20251122_112647_484344.jpg,train/episode_158/images/road_img/ZED_LEFT_20251122_112647_484344.jpg,0.6
20251122_112647_734344,43.48125,0.0105,-0.0247,-0.74,3.8,34.0875,34.0875,34.14375,34.0875,0.216041397,0.216041397,0.214747736,0.216041397,train/episode_158/images/ZED_LEFT/ZED_LEFT_20251122_112647_734344.jpg,train/episode_158/images/road_img/ZED_LEFT_20251122_112647_734344.jpg,0.6
20251122_112647_984344,43.25625,0.0087,0.0095,-0.46,2.7,33.35625,33.3,33.35625,33.24375,0.228868661,0.230169051,0.228868661,0.231469441,train/episode_158/images/ZED_LEFT/ZED_LEFT_20251122_112647_984344.jpg,train/episode_158/images/road_img/ZED_LEFT_20251122_112647_984344.jpg,0.6
20251122_112648_234344,43.2,-0.001,0.0034,-0.59,-1.6,32.56875,32.45625,32.5125,32.34375,0.24609375,0.248697917,0.247395833,0.251302083,train/episode_158/images/ZED_LEFT/ZED_LEFT_20251122_112648_234344.jpg,train/episode_158/images/road_img/ZED_LEFT_20251122_112648_234344.jpg,0.6
20251122_112648_484344,43.0875,0.0438,-0.0009,-1.15,-2.8,31.33125,31.10625,31.44375,31.10625,0.272845953,0.278067885,0.270234987,0.278067885,train/episode_158/images/ZED_LEFT/ZED_LEFT_20251122_112648_484344.jpg,train/episode_158/images/road_img/ZED_LEFT_20251122_112648_484344.jpg,0.6
20251122_112648_734344,43.2,0.0083,-0.0422,-0.75,-6.4,30.20625,29.98125,30.20625,29.98125,0.30078125,0.305989583,0.30078125,0.305989583,train/episode_158/images/ZED_LEFT/ZED_LEFT_20251122_112648_734344.jpg,train/episode_158/images/road_img/ZED_LEFT_20251122_112648_734344.jpg,0.6
20251122_112648_984344,43.0875,-0.054,0.0304,-0.19,-7.2,29.53125,29.30625,29.5875,29.30625,0.31462141,0.319843342,0.313315927,0.319843342,train/episode_158/images/ZED_LEFT/ZED_LEFT_20251122_112648_984344.jpg,train/episode_158/images/road_img/ZED_LEFT_20251122_112648_984344.jpg,0.6
20251122_112649_234344,42.75,-0.0033,-0.0046,-0.61,-9.4,29.08125,28.74375,29.30625,28.85625,0.319736842,0.327631579,0.314473684,0.325,train/episode_158/images/ZED_LEFT/ZED_LEFT_20251122_112649_234344.jpg,train/episode_158/images/road_img/ZED_LEFT_20251122_112649_234344.jpg,0.6
20251122_112649_484344,42.91875,0.0699,-0.0314,-0.75,-10.8,29.08125,28.6875,29.19375,28.6875,0.322411533,0.331585845,0.319790301,0.331585845,train/episode_158/images/ZED_LEFT/ZED_LEFT_20251122_112649_484344.jpg,train/episode_158/images/road_img/ZED_LEFT_20251122_112649_484344.jpg,0.6
20251122_112649_734344,42.58125,0.0502,0.0104,-0.15,-10.8,28.6875,28.4625,28.9125,28.51875,0.326287979,0.331571995,0.321003963,0.330250991,train/episode_158/images/ZED_LEFT/ZED_LEFT_20251122_112649_734344.jpg,train/episode_158/images/road_img/ZED_LEFT_20251122_112649_734344.jpg,0.6
20251122_112649_984344,42.4125,0.0407,0.0056,0.29,-10.7,28.63125,28.29375,28.8,28.35,0.324933687,0.332891247,0.320954907,0.331564987,train/episode_158/images/ZED_LEFT/ZED_LEFT_20251122_112649_984344.jpg,train/episode_158/images/road_img/ZED_LEFT_20251122_112649_984344.jpg,0.6
20251122_112650_234344,42.525,0.0433,0.0003,0.27,-11.5,28.74375,28.35,28.8,28.4625,0.324074074,0.333333333,0.322751323,0.330687831,train/episode_158/images/ZED_LEFT/ZED_LEFT_20251122_112650_234344.jpg,train/episode_158/images/road_img/ZED_LEFT_20251122_112650_234344.jpg,0.6
20251122_112650_484344,42.525,0.0514,0.0091,0.68,-13,28.51875,28.2375,28.63125,28.35,0.329365079,0.335978836,0.326719577,0.333333333,train/episode_158/images/ZED_LEFT/ZED_LEFT_20251122_112650_484344.jpg,train/episode_158/images/road_img/ZED_LEFT_20251122_112650_484344.jpg,0.6
20251122_112650_734344,42.525,-0.0071,0.0363,1.01,-16,28.74375,28.2375,28.85625,28.125,0.324074074,0.335978836,0.321428571,0.338624339,train/episode_158/images/ZED_LEFT/ZED_LEFT_20251122_112650_734344.jpg,train/episode_158/images/road_img/ZED_LEFT_20251122_112650_734344.jpg,0.6
20251122_112650_984344,42.58125,-0.0099,0.0262,1.07,-23.5,28.74375,28.125,28.74375,28.18125,0.324966975,0.339498018,0.324966975,0.338177015,train/episode_158/images/ZED_LEFT/ZED_LEFT_20251122_112650_984344.jpg,train/episode_158/images/road_img/ZED_LEFT_20251122_112650_984344.jpg,0.6
20251122_112651_234344,42.69375,0.0245,0.0227,0.44,-25.6,28.6875,28.0125,28.9125,28.35,0.328063241,0.343873518,0.322793149,0.335968379,train/episode_158/images/ZED_LEFT/ZED_LEFT_20251122_112651_234344.jpg,train/episode_158/images/road_img/ZED_LEFT_20251122_112651_234344.jpg,0.6
20251122_112651_484344,42.525,0.0421,0.0298,0.98,-32.5,28.74375,28.06875,28.96875,28.2375,0.324074074,0.33994709,0.318783069,0.335978836,train/episode_158/images/ZED_LEFT/ZED_LEFT_20251122_112651_484344.jpg,train/episode_158/images/road_img/ZED_LEFT_20251122_112651_484344.jpg,0.6
20251122_112651_734344,42.69375,0.0304,0.0012,0.5,-34.7,28.8,28.0125,29.025,28.125,0.325428195,0.343873518,0.320158103,0.341238472,train/episode_158/images/ZED_LEFT/ZED_LEFT_20251122_112651_734344.jpg,train/episode_158/images/road_img/ZED_LEFT_20251122_112651_734344.jpg,0.6
20251122_112651_984344,42.69375,0.0549,0.038,0.95,-33.2,28.9125,28.18125,29.1375,28.40625,0.322793149,0.339920949,0.317523057,0.334650856,train/episode_158/images/ZED_LEFT/ZED_LEFT_20251122_112651_984344.jpg,train/episode_158/images/road_img/ZED_LEFT_20251122_112651_984344.jpg,0.6
20251122_112652_234344,42.6375,0.0176,-0.0035,0.28,-29.4,28.9125,28.2375,29.08125,28.2375,0.321899736,0.337730871,0.317941953,0.337730871,train/episode_158/images/ZED_LEFT/ZED_LEFT_20251122_112652_234344.jpg,train/episode_158/images/road_img/ZED_LEFT_20251122_112652_234344.jpg,0.6
20251122_112652_484344,42.6375,0.0348,0.0198,0.15,-26.1,28.9125,28.29375,29.025,28.40625,0.321899736,0.336411609,0.319261214,0.333773087,train/episode_158/images/ZED_LEFT/ZED_LEFT_20251122_112652_484344.jpg,train/episode_158/images/road_img/ZED_LEFT_20251122_112652_484344.jpg,0.6
20251122_112652_734344,42.4125,-0.0007,-0.0142,0.15,-26.1,28.8,28.125,28.96875,28.18125,0.320954907,0.336870027,0.316976127,0.335543767,train/episode_158/images/ZED_LEFT/ZED_LEFT_20251122_112652_734344.jpg,train/episode_158/images/road_img/ZED_LEFT_20251122_112652_734344.jpg,0.6
20251122_112652_984344,42.4125,-0.0047,-0.0094,-0.05,-24.3,28.4625,27.84375,28.51875,28.0125,0.328912467,0.343501326,0.327586207,0.339522546,train/episode_158/images/ZED_LEFT/ZED_LEFT_20251122_112652_984344.jpg,train/episode_158/images/road_img/ZED_LEFT_20251122_112652_984344.jpg,0.6
20251122_112653_234344,41.9625,0.0058,-0.0546,0.19,-18.6,28.40625,27.9,28.51875,27.95625,0.3230563,0.335120643,0.320375335,0.333780161,train/episode_158/images/ZED_LEFT/ZED_LEFT_20251122_112653_234344.jpg,train/episode_158/images/road_img/ZED_LEFT_20251122_112653_234344.jpg,0.6
20251122_112653_484344,41.175,0.004,-0.1137,0.01,-17.9,28.2375,27.7875,28.4625,27.84375,0.31420765,0.325136612,0.308743169,0.323770492,train/episode_158/images/ZED_LEFT/ZED_LEFT_20251122_112653_484344.jpg,train/episode_158/images/road_img/ZED_LEFT_20251122_112653_484344.jpg,0.6
20251122_112653_734344,40.3875,0.0378,-0.1114,0.22,-15.3,28.125,27.7875,28.40625,27.95625,0.30362117,0.311977716,0.296657382,0.307799443,train/episode_158/images/ZED_LEFT/ZED_LEFT_20251122_112653_734344.jpg,train/episode_158/images/road_img/ZED_LEFT_20251122_112653_734344.jpg,0.6
20251122_112653_984344,39.65625,0.0237,-0.0577,0.17,-15.4,28.35,28.0125,28.4625,28.06875,0.285106383,0.293617021,0.282269504,0.292198582,train/episode_158/images/ZED_LEFT/ZED_LEFT_20251122_112653_984344.jpg,train/episode_158/images/road_img/ZED_LEFT_20251122_112653_984344.jpg,0.6
20251122_112654_234344,39.15,0.0332,-0.0547,0.35,-17.2,28.4625,27.95625,28.51875,28.0125,0.272988506,0.28591954,0.271551724,0.284482759,train/episode_158/images/ZED_LEFT/ZED_LEFT_20251122_112654_234344.jpg,train/episode_158/images/road_img/ZED_LEFT_20251122_112654_234344.jpg,0.6
20251122_112654_484344,38.53125,0.0239,-0.0982,0.23,-19.9,28.51875,28.06875,28.74375,28.29375,0.259854015,0.271532847,0.254014599,0.265693431,train/episode_158/images/ZED_LEFT/ZED_LEFT_20251122_112654_484344.jpg,train/episode_158/images/road_img/ZED_LEFT_20251122_112654_484344.jpg,0.6
20251122_112654_734344,37.96875,0.0443,-0.1113,0,-20.5,28.8,28.35,28.9125,28.35,0.241481481,0.253333333,0.238518519,0.253333333,train/episode_158/images/ZED_LEFT/ZED_LEFT_20251122_112654_734344.jpg,train/episode_158/images/road_img/ZED_LEFT_20251122_112654_734344.jpg,0.6
20251122_112654_984344,37.4625,0.0069,-0.0701,0.46,-20.2,29.025,28.4625,29.25,28.575,0.225225225,0.24024024,0.219219219,0.237237237,train/episode_158/images/ZED_LEFT/ZED_LEFT_20251122_112654_984344.jpg,train/episode_158/images/road_img/ZED_LEFT_20251122_112654_984344.jpg,0.6
20251122_112655_234344,37.0125,-0.001,-0.0587,0.7,-17.8,29.08125,28.63125,29.19375,28.74375,0.214285714,0.226443769,0.211246201,0.223404255,train/episode_158/images/ZED_LEFT/ZED_LEFT_20251122_112655_234344.jpg,train/episode_158/images/road_img/ZED_LEFT_20251122_112655_234344.jpg,0.6
20251122_112655_484344,36.39375,-0.005,-0.0456,0.46,-17.4,28.9125,28.4625,29.1375,28.575,0.205564142,0.217928903,0.199381762,0.214837713,train/episode_158/images/ZED_LEFT/ZED_LEFT_20251122_112655_484344.jpg,train/episode_158/images/road_img/ZED_LEFT_20251122_112655_484344.jpg,0.6
20251122_112655_734344,35.94375,-0.0139,-0.0642,0.32,-11.8,28.63125,28.2375,28.6875,28.29375,0.203442879,0.214397496,0.201877934,0.212832551,train/episode_158/images/ZED_LEFT/ZED_LEFT_20251122_112655_734344.jpg,train/episode_158/images/road_img/ZED_LEFT_20251122_112655_734344.jpg,0.6
20251122_112655_984344,35.4375,0.0205,-0.1037,0.14,-6.8,28.40625,28.0125,28.51875,28.06875,0.198412698,0.20952381,0.195238095,0.207936508,train/episode_158/images/ZED_LEFT/ZED_LEFT_20251122_112655_984344.jpg,train/episode_158/images/road_img/ZED_LEFT_20251122_112655_984344.jpg,0.6
20251122_112656_234344,34.59375,0.0009,-0.1056,-0.2,-3.4,27.39375,27.5625,28.125,27.73125,0.208130081,0.203252033,0.18699187,0.198373984,train/episode_158/images/ZED_LEFT/ZED_LEFT_20251122_112656_234344.jpg,train/episode_158/images/road_img/ZED_LEFT_20251122_112656_234344.jpg,0.6
20251122_112656_484344,33.69375,0.0129,-0.125,-0.23,3.9,27.73125,27.84375,28.9125,27.9,0.176961603,0.173622705,0.141903172,0.171953255,train/episode_158/images/ZED_LEFT/ZED_LEFT_20251122_112656_484344.jpg,train/episode_158/images/road_img/ZED_LEFT_20251122_112656_484344.jpg,0.6
20251122_112656_734344,32.90625,0.0396,-0.1173,-0.93,4.1,27.84375,27.73125,28.0125,27.675,0.153846154,0.157264957,0.148717949,0.158974359,train/episode_158/images/ZED_LEFT/ZED_LEFT_20251122_112656_734344.jpg,train/episode_158/images/road_img/ZED_LEFT_20251122_112656_734344.jpg,0.6
20251122_112656_984344,32.175,0.0417,-0.1056,-1.7,4.9,27.3375,27.5625,27.675,27.61875,0.15034965,0.143356643,0.13986014,0.141608392,train/episode_158/images/ZED_LEFT/ZED_LEFT_20251122_112656_984344.jpg,train/episode_158/images/road_img/ZED_LEFT_20251122_112656_984344.jpg,0.6
20251122_112657_234344,31.275,0.0542,-0.1167,-1.43,5.1,27.7875,27.61875,27.73125,27.50625,0.111510791,0.116906475,0.113309353,0.120503597,train/episode_158/images/ZED_LEFT/ZED_LEFT_20251122_112657_234344.jpg,train/episode_158/images/road_img/ZED_LEFT_20251122_112657_234344.jpg,0.6
20251122_112657_484344,30.6,0.0554,-0.1233,-1.91,9.7,27.5625,27.50625,27.45,27.84375,0.099264706,0.101102941,0.102941176,0.090073529,train/episode_158/images/ZED_LEFT/ZED_LEFT_20251122_112657_484344.jpg,train/episode_158/images/road_img/ZED_LEFT_20251122_112657_484344.jpg,0.6
20251122_112657_734344,29.75625,0.0467,-0.1183,-2.15,15.2,27.16875,27.28125,27.50625,27.61875,0.086956522,0.083175803,0.075614367,0.071833648,train/episode_158/images/ZED_LEFT/ZED_LEFT_20251122_112657_734344.jpg,train/episode_158/images/road_img/ZED_LEFT_20251122_112657_734344.jpg,0.6
20251122_112657_984344,29.08125,0.0704,-0.0489,-2.11,21.8,27.45,27.61875,27.675,27.73125,0.056092843,0.050290135,0.048355899,0.046421663,train/episode_158/images/ZED_LEFT/ZED_LEFT_20251122_112657_984344.jpg,train/episode_158/images/road_img/ZED_LEFT_20251122_112657_984344.jpg,0.6
20251122_112658_234344,28.96875,0.0721,-0.0229,-2.71,32,27.675,28.18125,27.95625,28.125,0.044660194,0.027184466,0.034951456,0.029126214,train/episode_158/images/ZED_LEFT/ZED_LEFT_20251122_112658_234344.jpg,train/episode_158/images/road_img/ZED_LEFT_20251122_112658_234344.jpg,0.6
20251122_112658_484344,28.85625,0.0737,-0.0301,-3.12,34.9,27.84375,28.40625,28.125,28.51875,0.035087719,0.015594542,0.025341131,0.011695906,train/episode_158/images/ZED_LEFT/ZED_LEFT_20251122_112658_484344.jpg,train/episode_158/images/road_img/ZED_LEFT_20251122_112658_484344.jpg,0.6
20251122_112658_734344,28.63125,0.0699,-0.0248,-2.72,33.3,28.35,28.74375,28.51875,28.9125,0.009823183,-0.003929273,0.003929273,-0.009823183,train/episode_158/images/ZED_LEFT/ZED_LEFT_20251122_112658_734344.jpg,train/episode_158/images/road_img/ZED_LEFT_20251122_112658_734344.jpg,0.6
20251122_112658_984344,28.51875,0.059,-0.006,-2.82,34.9,28.4625,28.96875,28.63125,29.1375,0.001972387,-0.015779093,-0.003944773,-0.021696252,train/episode_158/images/ZED_LEFT/ZED_LEFT_20251122_112658_984344.jpg,train/episode_158/images/road_img/ZED_LEFT_20251122_112658_984344.jpg,0.6
20251122_112659_234344,28.4625,0.1022,-0.0226,-3,42.1,28.74375,29.41875,28.9125,29.53125,-0.009881423,-0.033596838,-0.015810277,-0.037549407,train/episode_158/images/ZED_LEFT/ZED_LEFT_20251122_112659_234344.jpg,train/episode_158/images/road_img/ZED_LEFT_20251122_112659_234344.jpg,0.6
20251122_112659_484344,28.4625,0.0298,-0.0204,-3.13,42.1,28.96875,29.7,29.19375,29.925,-0.017786561,-0.043478261,-0.0256917,-0.051383399,train/episode_158/images/ZED_LEFT/ZED_LEFT_20251122_112659_484344.jpg,train/episode_158/images/road_img/ZED_LEFT_20251122_112659_484344.jpg,0.6
20251122_112659_734344,28.40625,0.0471,0.0166,-2.89,43.8,29.30625,29.98125,29.5875,30.0375,-0.031683168,-0.055445545,-0.041584158,-0.057425743,train/episode_158/images/ZED_LEFT/ZED_LEFT_20251122_112659_734344.jpg,train/episode_158/images/road_img/ZED_LEFT_20251122_112659_734344.jpg,0.6
20251122_112659_984344,28.18125,0.0348,-0.0281,-2.91,46.8,29.3625,30.2625,29.53125,30.31875,-0.041916168,-0.073852295,-0.047904192,-0.075848303,train/episode_158/images/ZED_LEFT/ZED_LEFT_20251122_112659_984344.jpg,train/episode_158/images/road_img/ZED_LEFT_20251122_112659_984344.jpg,0.6
20251122_112700_234344,28.4625,0.0229,0.0265,-4.35,47.6,29.7,30.43125,29.86875,30.43125,-0.043478261,-0.06916996,-0.049407115,-0.06916996,train/episode_158/images/ZED_LEFT/ZED_LEFT_20251122_112700_234344.jpg,train/episode_158/images/road_img/ZED_LEFT_20251122_112700_234344.jpg,0.6
20251122_112700_484344,28.4625,0.1492,0.0305,-5.62,46.9,29.925,30.825,29.925,30.88125,-0.051383399,-0.083003953,-0.051383399,-0.084980237,train/episode_158/images/ZED_LEFT/ZED_LEFT_20251122_112700_484344.jpg,train/episode_158/images/road_img/ZED_LEFT_20251122_112700_484344.jpg,0.6
20251122_112700_734344,28.35,0.1132,0.0006,-5.25,46.1,30.15,30.99375,30.6,31.10625,-0.063492063,-0.093253968,-0.079365079,-0.097222222,train/episode_158/images/ZED_LEFT/ZED_LEFT_20251122_112700_734344.jpg,train/episode_158/images/road_img/ZED_LEFT_20251122_112700_734344.jpg,0.6
20251122_112700_984344,28.4625,0.129,0.0142,-5.78,47.8,30.65625,31.44375,30.76875,31.5,-0.077075099,-0.104743083,-0.081027668,-0.106719368,train/episode_158/images/ZED_LEFT/ZED_LEFT_20251122_112700_984344.jpg,train/episode_158/images/road_img/ZED_LEFT_20251122_112700_984344.jpg,0.6
20251122_112701_234344,28.40625,0.1298,0.0281,-7.28,50.9,30.99375,31.95,31.33125,31.8375,-0.091089109,-0.124752475,-0.102970297,-0.120792079,train/episode_158/images/ZED_LEFT/ZED_LEFT_20251122_112701_234344.jpg,train/episode_158/images/road_img/ZED_LEFT_20251122_112701_234344.jpg,0.6
20251122_112701_484344,28.40625,0.1511,-0.0011,-6.75,55.7,31.33125,32.45625,31.66875,32.56875,-0.102970297,-0.142574257,-0.114851485,-0.146534653,train/episode_158/images/ZED_LEFT/ZED_LEFT_20251122_112701_484344.jpg,train/episode_158/images/road_img/ZED_LEFT_20251122_112701_484344.jpg,0.6
20251122_112701_734344,28.575,0.1763,0.0299,-6.95,58,31.6125,32.68125,31.89375,32.7375,-0.106299213,-0.143700787,-0.116141732,-0.145669291,train/episode_158/images/ZED_LEFT/ZED_LEFT_20251122_112701_734344.jpg,train/episode_158/images/road_img/ZED_LEFT_20251122_112701_734344.jpg,0.6
20251122_112701_984344,28.575,0.1679,0.0157,-6.34,58.7,32.00625,33.13125,32.175,33.24375,-0.12007874,-0.159448819,-0.125984252,-0.163385827,train/episode_158/images/ZED_LEFT/ZED_LEFT_20251122_112701_984344.jpg,train/episode_158/images/road_img/ZED_LEFT_20251122_112701_984344.jpg,0.6
20251122_112702_234344,28.575,0.1396,-0.0086,-5.74,56.8,32.2875,33.46875,32.68125,33.6375,-0.12992126,-0.171259843,-0.143700787,-0.177165354,train/episode_158/images/ZED_LEFT/ZED_LEFT_20251122_112702_234344.jpg,train/episode_158/images/road_img/ZED_LEFT_20251122_112702_234344.jpg,0.6
20251122_112702_484344,28.4625,0.1792,-0.0183,-5.72,52.9,33.01875,33.975,33.35625,34.0875,-0.160079051,-0.193675889,-0.171936759,-0.197628458,train/episode_158/images/ZED_LEFT/ZED_LEFT_20251122_112702_484344.jpg,train/episode_158/images/road_img/ZED_LEFT_20251122_112702_484344.jpg,0.6
20251122_112702_734344,28.29375,0.0875,-0.0195,-5.89,52.7,33.35625,34.3125,33.6375,34.5375,-0.178926441,-0.212723658,-0.188866799,-0.220675944,train/episode_158/images/ZED_LEFT/ZED_LEFT_20251122_112702_734344.jpg,train/episode_158/images/road_img/ZED_LEFT_20251122_112702_734344.jpg,0.6
20251122_112702_984344,28.18125,0.1573,-0.0199,-5.15,46.6,34.14375,35.2125,34.5375,35.325,-0.211576846,-0.249500998,-0.225548902,-0.253493014,train/episode_158/images/ZED_LEFT/ZED_LEFT_20251122_112702_984344.jpg,train/episode_158/images/road_img/ZED_LEFT_20251122_112702_984344.jpg,0.6
20251122_112703_234344,28.125,0.083,-0.0174,-4.54,35.5,35.04375,35.6625,35.325,35.8875,-0.246,-0.268,-0.256,-0.276,train/episode_158/images/ZED_LEFT/ZED_LEFT_20251122_112703_234344.jpg,train/episode_158/images/road_img/ZED_LEFT_20251122_112703_234344.jpg,0.6
20251122_112703_484344,28.06875,0.0799,-0.0139,-4.1,24.6,35.49375,36.05625,35.8875,36.225,-0.264529058,-0.284569138,-0.278557114,-0.290581162,train/episode_158/images/ZED_LEFT/ZED_LEFT_20251122_112703_484344.jpg,train/episode_158/images/road_img/ZED_LEFT_20251122_112703_484344.jpg,0.6
20251122_112703_734344,28.0125,0.1075,0.0053,-4.04,15.1,36.5625,36.73125,36.84375,36.9,-0.305220884,-0.31124498,-0.315261044,-0.317269076,train/episode_158/images/ZED_LEFT/ZED_LEFT_20251122_112703_734344.jpg,train/episode_158/images/road_img/ZED_LEFT_20251122_112703_734344.jpg,0.6
20251122_112703_984344,28.0125,0.0893,0.012,-3.66,15.8,37.06875,37.29375,37.40625,37.51875,-0.323293173,-0.331325301,-0.335341365,-0.33935743,train/episode_158/images/ZED_LEFT/ZED_LEFT_20251122_112703_984344.jpg,train/episode_158/images/road_img/ZED_LEFT_20251122_112703_984344.jpg,0.6
20251122_112704_234344,28.18125,0.0767,0.0024,-3.56,16.1,37.96875,38.30625,38.3625,38.5875,-0.347305389,-0.359281437,-0.361277445,-0.369261477,train/episode_158/images/ZED_LEFT/ZED_LEFT_20251122_112704_234344.jpg,train/episode_158/images/road_img/ZED_LEFT_20251122_112704_234344.jpg,0.6
20251122_112704_484344,28.18125,0.1168,0.0032,-4.06,16.6,38.64375,38.98125,39.15,39.20625,-0.371257485,-0.383233533,-0.389221557,-0.391217565,train/episode_158/images/ZED_LEFT/ZED_LEFT_20251122_112704_484344.jpg,train/episode_158/images/road_img/ZED_LEFT_20251122_112704_484344.jpg,0.6
20251122_112704_734344,28.2375,0.0992,0.0103,-4.06,10.9,39.65625,39.825,39.88125,40.05,-0.40438247,-0.410358566,-0.412350598,-0.418326693,train/episode_158/images/ZED_LEFT/ZED_LEFT_20251122_112704_734344.jpg,train/episode_158/images/road_img/ZED_LEFT_20251122_112704_734344.jpg,0.6
20251122_112704_984344,28.40625,0.0913,0.0082,-4.55,10.2,40.3875,40.55625,40.725,40.78125,-0.421782178,-0.427722772,-0.433663366,-0.435643564,train/episode_158/images/ZED_LEFT/ZED_LEFT_20251122_112704_984344.jpg,train/episode_158/images/road_img/ZED_LEFT_20251122_112704_984344.jpg,0.6
20251122_112705_234344,28.575,0.1093,-0.0102,-4.59,7,41.175,41.2875,41.7375,41.56875,-0.440944882,-0.44488189,-0.460629921,-0.454724409,train/episode_158/images/ZED_LEFT/ZED_LEFT_20251122_112705_234344.jpg,train/episode_158/images/road_img/ZED_LEFT_20251122_112705_234344.jpg,0.6
20251122_112705_484344,28.8,0.0919,0.0059,-4.9,4.3,42.01875,41.9625,42.3,42.13125,-0.458984375,-0.45703125,-0.46875,-0.462890625,train/episode_158/images/ZED_LEFT/ZED_LEFT_20251122_112705_484344.jpg,train/episode_158/images/road_img/ZED_LEFT_20251122_112705_484344.jpg,0.6
20251122_112705_734344,28.85625,0.115,0.0053,-4.38,4.7,42.8625,42.91875,43.36875,43.2,-0.485380117,-0.487329435,-0.502923977,-0.497076023,train/episode_158/images/ZED_LEFT/ZED_LEFT_20251122_112705_734344.jpg,train/episode_158/images/road_img/ZED_LEFT_20251122_112705_734344.jpg,0.6
20251122_112705_984344,28.74375,0.0762,-0.0391,-3.96,6.4,43.65,43.70625,43.9875,43.7625,-0.518590998,-0.520547945,-0.530332681,-0.522504892,train/episode_158/images/ZED_LEFT/ZED_LEFT_20251122_112705_984344.jpg,train/episode_158/images/road_img/ZED_LEFT_20251122_112705_984344.jpg,0.6
20251122_112706_234344,28.51875,0.094,-0.0698,-4.05,7,44.2125,44.325,44.6625,44.83125,-0.550295858,-0.554240631,-0.566074951,-0.57199211,train/episode_158/images/ZED_LEFT/ZED_LEFT_20251122_112706_234344.jpg,train/episode_158/images/road_img/ZED_LEFT_20251122_112706_234344.jpg,0.6
20251122_112706_484344,28.29375,0.1067,-0.0756,-2.83,6.5,44.94375,45.05625,45.45,45.45,-0.588469185,-0.592445328,-0.606361829,-0.606361829,train/episode_158/images/ZED_LEFT/ZED_LEFT_20251122_112706_484344.jpg,train/episode_158/images/road_img/ZED_LEFT_20251122_112706_484344.jpg,0.6
20251122_112706_734344,28.125,0.0471,-0.0536,-2.47,6.3,45.73125,45.73125,46.06875,46.0125,-0.626,-0.626,-0.638,-0.636,train/episode_158/images/ZED_LEFT/ZED_LEFT_20251122_112706_734344.jpg,train/episode_158/images/road_img/ZED_LEFT_20251122_112706_734344.jpg,0.6
20251122_112706_984344,27.50625,0.08,-0.0929,-1.52,6.1,46.51875,46.4625,46.96875,46.9125,-0.691206544,-0.689161554,-0.707566462,-0.705521472,train/episode_158/images/ZED_LEFT/ZED_LEFT_20251122_112706_984344.jpg,train/episode_158/images/road_img/ZED_LEFT_20251122_112706_984344.jpg,0.6
20251122_112707_234344,27.7875,0.0076,-0.0323,0.25,6.3,47.08125,47.025,47.3625,47.19375,-0.694331984,-0.692307692,-0.704453441,-0.698380567,train/episode_158/images/ZED_LEFT/ZED_LEFT_20251122_112707_234344.jpg,train/episode_158/images/road_img/ZED_LEFT_20251122_112707_234344.jpg,0.6
20251122_112707_484344,27.73125,0.0767,-0.0354,1.08,8.8,47.19375,47.30625,47.53125,47.41875,-0.701825558,-0.705882353,-0.713995943,-0.709939148,train/episode_158/images/ZED_LEFT/ZED_LEFT_20251122_112707_484344.jpg,train/episode_158/images/road_img/ZED_LEFT_20251122_112707_484344.jpg,0.6
20251122_112707_734344,27.5625,-0.0224,-0.0255,-0.05,8.9,47.41875,47.475,47.86875,47.7,-0.720408163,-0.72244898,-0.736734694,-0.730612245,train/episode_158/images/ZED_LEFT/ZED_LEFT_20251122_112707_734344.jpg,train/episode_158/images/road_img/ZED_LEFT_20251122_112707_734344.jpg,0.6
20251122_112707_984344,27.50625,-0.0013,-0.0587,0.02,8,47.5875,47.64375,47.925,47.8125,-0.73006135,-0.732106339,-0.742331288,-0.738241309,train/episode_158/images/ZED_LEFT/ZED_LEFT_20251122_112707_984344.jpg,train/episode_158/images/road_img/ZED_LEFT_20251122_112707_984344.jpg,0.6
20251122_112708_234344,27.61875,0.1037,-0.0358,-0.81,7.3,47.64375,47.5875,48.0375,47.925,-0.725050916,-0.723014257,-0.739307536,-0.735234216,train/episode_158/images/ZED_LEFT/ZED_LEFT_20251122_112708_234344.jpg,train/episode_158/images/road_img/ZED_LEFT_20251122_112708_234344.jpg,0.6
20251122_112708_484344,27.5625,-0.0509,-0.0147,-0.02,7.3,47.75625,47.75625,48.09375,47.98125,-0.732653061,-0.732653061,-0.744897959,-0.740816327,train/episode_158/images/ZED_LEFT/ZED_LEFT_20251122_112708_484344.jpg,train/episode_158/images/road_img/ZED_LEFT_20251122_112708_484344.jpg,0.6
20251122_112708_734344,27.3375,-0.0063,-0.0026,2.06,6.9,47.86875,47.86875,48.20625,48.15,-0.751028807,-0.751028807,-0.763374486,-0.761316872,train/episode_158/images/ZED_LEFT/ZED_LEFT_20251122_112708_734344.jpg,train/episode_158/images/road_img/ZED_LEFT_20251122_112708_734344.jpg,0.6
20251122_112708_984344,27.28125,-0.0018,0.0225,1.48,7,47.98125,48.15,48.31875,48.2625,-0.758762887,-0.764948454,-0.771134021,-0.769072165,train/episode_158/images/ZED_LEFT/ZED_LEFT_20251122_112708_984344.jpg,train/episode_158/images/road_img/ZED_LEFT_20251122_112708_984344.jpg,0.6
20251122_112709_234344,27.61875,0.0023,0.042,2.98,6.7,48.2625,48.20625,48.375,48.43125,-0.747454175,-0.745417515,-0.751527495,-0.753564155,train/episode_158/images/ZED_LEFT/ZED_LEFT_20251122_112709_234344.jpg,train/episode_158/images/road_img/ZED_LEFT_20251122_112709_234344.jpg,0.6
20251122_112709_484344,27.84375,-0.043,0.0533,4.28,7.3,48.20625,48.15,48.54375,48.43125,-0.731313131,-0.729292929,-0.743434343,-0.739393939,train/episode_158/images/ZED_LEFT/ZED_LEFT_20251122_112709_484344.jpg,train/episode_158/images/road_img/ZED_LEFT_20251122_112709_484344.jpg,0.6
20251122_112709_734344,28.06875,-0.044,0.0354,5.13,7.7,48.375,48.4875,48.76875,48.6,-0.723446894,-0.72745491,-0.73747495,-0.731462926,train/episode_158/images/ZED_LEFT/ZED_LEFT_20251122_112709_734344.jpg,train/episode_158/images/road_img/ZED_LEFT_20251122_112709_734344.jpg,0.6
20251122_112709_984344,28.40625,-0.0784,0.0003,5.1,7.6,48.54375,48.65625,48.88125,48.76875,-0.708910891,-0.712871287,-0.720792079,-0.716831683,train/episode_158/images/ZED_LEFT/ZED_LEFT_20251122_112709_984344.jpg,train/episode_158/images/road_img/ZED_LEFT_20251122_112709_984344.jpg,0.6
20251122_112710_234344,28.575,-0.0403,0.0426,4.97,7.3,48.76875,48.88125,49.10625,49.05,-0.706692913,-0.710629921,-0.718503937,-0.716535433,train/episode_158/images/ZED_LEFT/ZED_LEFT_20251122_112710_234344.jpg,train/episode_158/images/road_img/ZED_LEFT_20251122_112710_234344.jpg,0.6
20251122_112710_484344,28.74375,-0.0115,0.0243,5.33,6.9,48.99375,48.99375,49.33125,49.1625,-0.704500978,-0.704500978,-0.716242661,-0.71037182,train/episode_158/images/ZED_LEFT/ZED_LEFT_20251122_112710_484344.jpg,train/episode_158/images/road_img/ZED_LEFT_20251122_112710_484344.jpg,0.6
20251122_112710_734344,29.025,-0.1667,0.0122,6.79,6.5,49.275,49.1625,49.6125,49.5,-0.697674419,-0.69379845,-0.709302326,-0.705426357,train/episode_158/images/ZED_LEFT/ZED_LEFT_20251122_112710_734344.jpg,train/episode_158/images/road_img/ZED_LEFT_20251122_112710_734344.jpg,0.6
20251122_112710_984344,29.30625,-0.0856,0.0107,6.85,6.5,49.3875,49.33125,49.78125,49.44375,-0.685220729,-0.683301344,-0.69865643,-0.687140115,train/episode_158/images/ZED_LEFT/ZED_LEFT_20251122_112710_984344.jpg,train/episode_158/images/road_img/ZED_LEFT_20251122_112710_984344.jpg,0.6
20251122_112711_234344,29.5875,-0.0626,0.0232,6.85,6.5,49.55625,49.6125,50.00625,49.89375,-0.674904943,-0.676806084,-0.690114068,-0.686311787,train/episode_158/images/ZED_LEFT/ZED_LEFT_20251122_112711_234344.jpg,train/episode_158/images/road_img/ZED_LEFT_20251122_112711_234344.jpg,0.6
20251122_112711_484344,29.7,-0.139,0.0124,6.82,6.5,49.725,49.725,50.2875,50.0625,-0.674242424,-0.674242424,-0.693181818,-0.685606061,train/episode_158/images/ZED_LEFT/ZED_LEFT_20251122_112711_484344.jpg,train/episode_158/images/road_img/ZED_LEFT_20251122_112711_484344.jpg,0.6
20251122_112711_734344,29.8125,-0.0861,-0.0153,7.98,6.5,49.95,49.89375,50.4,50.11875,-0.675471698,-0.673584906,-0.690566038,-0.681132075,train/episode_158/images/ZED_LEFT/ZED_LEFT_20251122_112711_734344.jpg,train/episode_158/images/road_img/ZED_LEFT_20251122_112711_734344.jpg,0.6
20251122_112711_984344,29.98125,-0.1317,-0.0115,7.67,6.5,50.0625,50.0625,50.45625,50.2875,-0.669793621,-0.669793621,-0.682926829,-0.677298311,train/episode_158/images/ZED_LEFT/ZED_LEFT_20251122_112711_984344.jpg,train/episode_158/images/road_img/ZED_LEFT_20251122_112711_984344.jpg,0.6
20251122_112712_234344,30.31875,-0.12,-0.0053,8.15,6.3,50.2875,50.2875,50.5125,50.175,-0.658627087,-0.658627087,-0.666048237,-0.654916512,train/episode_158/images/ZED_LEFT/ZED_LEFT_20251122_112712_234344.jpg,train/episode_158/images/road_img/ZED_LEFT_20251122_112712_234344.jpg,0.6
20251122_112712_484344,30.54375,-0.1125,0.0299,7.63,5.8,50.00625,50.00625,50.11875,50.175,-0.637200737,-0.637200737,-0.640883978,-0.642725599,train/episode_158/images/ZED_LEFT/ZED_LEFT_20251122_112712_484344.jpg,train/episode_158/images/road_img/ZED_LEFT_20251122_112712_484344.jpg,0.6
20251122_112712_734344,30.7125,-0.1249,0.0035,7.67,5.6,50.11875,50.00625,50.4,50.23125,-0.631868132,-0.628205128,-0.641025641,-0.635531136,train/episode_158/images/ZED_LEFT/ZED_LEFT_20251122_112712_734344.jpg,train/episode_158/images/road_img/ZED_LEFT_20251122_112712_734344.jpg,0.6
20251122_112712_984344,31.1625,-0.0726,-0.0053,8.08,5.2,50.175,50.175,50.56875,50.4,-0.610108303,-0.610108303,-0.622743682,-0.61732852,train/episode_158/images/ZED_LEFT/ZED_LEFT_20251122_112712_984344.jpg,train/episode_158/images/road_img/ZED_LEFT_20251122_112712_984344.jpg,0.6
20251122_112713_234344,31.55625,-0.1756,0.0327,8.81,4.9,50.4,50.34375,50.7375,50.5125,-0.59714795,-0.595365419,-0.607843137,-0.600713012,train/episode_158/images/ZED_LEFT/ZED_LEFT_20251122_112713_234344.jpg,train/episode_158/images/road_img/ZED_LEFT_20251122_112713_234344.jpg,0.6
20251122_112713_484344,31.8375,-0.1443,0.0296,10.58,4.9,50.34375,50.2875,50.85,50.625,-0.581272085,-0.5795053,-0.597173145,-0.590106007,train/episode_158/images/ZED_LEFT/ZED_LEFT_20251122_112713_484344.jpg,train/episode_158/images/road_img/ZED_LEFT_20251122_112713_484344.jpg,0.6
20251122_112713_734344,32.11875,-0.1588,0.0192,9.98,4.5,50.5125,50.34375,50.90625,50.7375,-0.57267951,-0.567425569,-0.584938704,-0.579684764,train/episode_158/images/ZED_LEFT/ZED_LEFT_20251122_112713_734344.jpg,train/episode_158/images/road_img/ZED_LEFT_20251122_112713_734344.jpg,0.6
20251122_112713_984344,32.4,-0.1748,0.0238,10.72,5,51.075,50.90625,51.13125,51.13125,-0.576388889,-0.571180556,-0.578125,-0.578125,train/episode_158/images/ZED_LEFT/ZED_LEFT_20251122_112713_984344.jpg,train/episode_158/images/road_img/ZED_LEFT_20251122_112713_984344.jpg,0.6
20251122_112714_234344,32.625,-0.1656,0.0077,10.82,5.8,50.85,50.85,51.35625,51.13125,-0.55862069,-0.55862069,-0.574137931,-0.567241379,train/episode_158/images/ZED_LEFT/ZED_LEFT_20251122_112714_234344.jpg,train/episode_158/images/road_img/ZED_LEFT_20251122_112714_234344.jpg,0.6
20251122_112714_484344,33.075,-0.1755,0.0396,10.25,8.4,51.1875,51.3,51.69375,51.4125,-0.547619048,-0.551020408,-0.56292517,-0.554421769,train/episode_158/images/ZED_LEFT/ZED_LEFT_20251122_112714_484344.jpg,train/episode_158/images/road_img/ZED_LEFT_20251122_112714_484344.jpg,0.6
20251122_112714_734344,33.4125,-0.1502,0.0391,9.68,8.6,51.3,51.35625,51.75,51.91875,-0.535353535,-0.537037037,-0.548821549,-0.553872054,train/episode_158/images/ZED_LEFT/ZED_LEFT_20251122_112714_734344.jpg,train/episode_158/images/road_img/ZED_LEFT_20251122_112714_734344.jpg,0.6
20251122_112714_984344,33.75,-0.1654,0.0578,9.84,8.1,51.4125,51.35625,51.91875,51.80625,-0.523333333,-0.521666667,-0.538333333,-0.535,train/episode_158/images/ZED_LEFT/ZED_LEFT_20251122_112714_984344.jpg,train/episode_158/images/road_img/ZED_LEFT_20251122_112714_984344.jpg,0.6
20251122_112715_234344,34.36875,-0.1883,0.0677,9.43,7,51.75,51.75,51.8625,51.91875,-0.505728314,-0.505728314,-0.509001637,-0.510638298,train/episode_158/images/ZED_LEFT/ZED_LEFT_20251122_112715_234344.jpg,train/episode_158/images/road_img/ZED_LEFT_20251122_112715_234344.jpg,0.6
20251122_112715_484344,34.81875,-0.1761,0.0492,8.16,7,51.91875,51.91875,52.2,51.91875,-0.491114701,-0.491114701,-0.499192246,-0.491114701,train/episode_158/images/ZED_LEFT/ZED_LEFT_20251122_112715_484344.jpg,train/episode_158/images/road_img/ZED_LEFT_20251122_112715_484344.jpg,0.6
20251122_112715_734344,35.26875,-0.098,0.0622,6.8,6.9,51.975,51.975,51.91875,51.75,-0.473684211,-0.473684211,-0.472089314,-0.467304625,train/episode_158/images/ZED_LEFT/ZED_LEFT_20251122_112715_734344.jpg,train/episode_158/images/road_img/ZED_LEFT_20251122_112715_734344.jpg,0.6
20251122_112715_984344,35.71875,-0.1097,0.0784,4.5,6.3,52.03125,52.0875,52.48125,52.3125,-0.456692913,-0.458267717,-0.469291339,-0.464566929,train/episode_158/images/ZED_LEFT/ZED_LEFT_20251122_112715_984344.jpg,train/episode_158/images/road_img/ZED_LEFT_20251122_112715_984344.jpg,0.6
20251122_112716_234344,36.28125,-0.0574,0.0543,2.41,5.6,52.3125,52.25625,52.65,52.425,-0.441860465,-0.440310078,-0.451162791,-0.44496124,train/episode_158/images/ZED_LEFT/ZED_LEFT_20251122_112716_234344.jpg,train/episode_158/images/road_img/ZED_LEFT_20251122_112716_234344.jpg,0.6
20251122_112716_484344,36.7875,-0.0301,0.0883,1.77,5.6,52.36875,52.3125,52.7625,52.59375,-0.423547401,-0.422018349,-0.434250765,-0.429663609,train/episode_158/images/ZED_LEFT/ZED_LEFT_20251122_112716_484344.jpg,train/episode_158/images/road_img/ZED_LEFT_20251122_112716_484344.jpg,0.6
20251122_112716_734344,37.4625,-0.0458,0.0791,2.21,5.4,52.3125,52.36875,52.875,52.70625,-0.396396396,-0.397897898,-0.411411411,-0.406906907,train/episode_158/images/ZED_LEFT/ZED_LEFT_20251122_112716_734344.jpg,train/episode_158/images/road_img/ZED_LEFT_20251122_112716_734344.jpg,0.6
20251122_112716_984344,38.08125,-0.0698,0.0795,2.21,5.4,52.70625,52.70625,53.2125,52.81875,-0.384047267,-0.384047267,-0.397341211,-0.387001477,train/episode_158/images/ZED_LEFT/ZED_LEFT_20251122_112716_984344.jpg,train/episode_158/images/road_img/ZED_LEFT_20251122_112716_984344.jpg,0.6
20251122_112717_234344,38.75625,-0.0442,0.0845,2.33,5.8,52.875,52.875,53.325,53.1,-0.364296081,-0.364296081,-0.375907112,-0.370101597,train/episode_158/images/ZED_LEFT/ZED_LEFT_20251122_112717_234344.jpg,train/episode_158/images/road_img/ZED_LEFT_20251122_112717_234344.jpg,0.6
20251122_112717_484344,39.31875,-0.0583,0.0915,2.14,7.4,52.93125,52.93125,53.325,53.15625,-0.34620887,-0.34620887,-0.356223176,-0.35193133,train/episode_158/images/ZED_LEFT/ZED_LEFT_20251122_112717_484344.jpg,train/episode_158/images/road_img/ZED_LEFT_20251122_112717_484344.jpg,0.6
20251122_112717_734344,39.99375,-0.0016,0.0858,1.19,7.6,52.875,53.1,53.2125,53.26875,-0.322081575,-0.327707454,-0.330520394,-0.331926864,train/episode_158/images/ZED_LEFT/ZED_LEFT_20251122_112717_734344.jpg,train/episode_158/images/road_img/ZED_LEFT_20251122_112717_734344.jpg,0.6
20251122_112717_984344,40.66875,-0.0477,0.0927,1.07,7.3,53.1,53.15625,53.60625,53.4375,-0.305670816,-0.307053942,-0.318118949,-0.313969571,train/episode_158/images/ZED_LEFT/ZED_LEFT_20251122_112717_984344.jpg,train/episode_158/images/road_img/ZED_LEFT_20251122_112717_984344.jpg,0.6
20251122_112718_234344,41.23125,-0.0345,0.0861,0.93,5.9,53.04375,53.1,53.38125,53.26875,-0.286493861,-0.287858117,-0.2946794,-0.291950887,train/episode_158/images/ZED_LEFT/ZED_LEFT_20251122_112718_234344.jpg,train/episode_158/images/road_img/ZED_LEFT_20251122_112718_234344.jpg,0.6
20251122_112718_484344,41.9625,0.0026,0.0566,-0.15,6,52.81875,52.875,52.93125,52.7625,-0.258713137,-0.260053619,-0.261394102,-0.257372654,train/episode_158/images/ZED_LEFT/ZED_LEFT_20251122_112718_484344.jpg,train/episode_158/images/road_img/ZED_LEFT_20251122_112718_484344.jpg,0.6
20251122_112718_734344,42.525,0.0107,0.0818,-0.35,5.9,52.0875,52.14375,52.36875,52.2,-0.224867725,-0.226190476,-0.231481481,-0.227513228,train/episode_158/images/ZED_LEFT/ZED_LEFT_20251122_112718_734344.jpg,train/episode_158/images/road_img/ZED_LEFT_20251122_112718_734344.jpg,0.6
20251122_112718_984344,43.03125,-0.0089,0.0715,-0.09,5.9,51.80625,51.75,51.975,51.80625,-0.203921569,-0.202614379,-0.207843137,-0.203921569,train/episode_158/images/ZED_LEFT/ZED_LEFT_20251122_112718_984344.jpg,train/episode_158/images/road_img/ZED_LEFT_20251122_112718_984344.jpg,0.6
20251122_112719_234344,43.875,-0.026,0.0731,-0.03,5.9,51.075,51.01875,51.35625,51.3,-0.164102564,-0.162820513,-0.170512821,-0.169230769,train/episode_158/images/ZED_LEFT/ZED_LEFT_20251122_112719_234344.jpg,train/episode_158/images/road_img/ZED_LEFT_20251122_112719_234344.jpg,0.6
20251122_112719_484344,44.38125,0.0012,0.1211,0.79,5.9,50.90625,50.90625,51.075,50.90625,-0.147021546,-0.147021546,-0.150823828,-0.147021546,train/episode_158/images/ZED_LEFT/ZED_LEFT_20251122_112719_484344.jpg,train/episode_158/images/road_img/ZED_LEFT_20251122_112719_484344.jpg,0.6
20251122_112719_734344,44.94375,-0.0292,0.0847,0.25,6,50.2875,50.34375,50.56875,50.2875,-0.118898623,-0.120150188,-0.125156446,-0.118898623,train/episode_158/images/ZED_LEFT/ZED_LEFT_20251122_112719_734344.jpg,train/episode_158/images/road_img/ZED_LEFT_20251122_112719_734344.jpg,0.6
20251122_112719_984344,45.675,-0.0213,0.0495,0.12,6,49.89375,49.95,50.11875,50.11875,-0.092364532,-0.093596059,-0.09729064,-0.09729064,train/episode_158/images/ZED_LEFT/ZED_LEFT_20251122_112719_984344.jpg,train/episode_158/images/road_img/ZED_LEFT_20251122_112719_984344.jpg,0.6
20251122_112720_234344,46.29375,0.0042,0.08,-0.07,6.1,49.5,49.5,49.78125,49.55625,-0.069258809,-0.069258809,-0.075334143,-0.070473876,train/episode_158/images/ZED_LEFT/ZED_LEFT_20251122_112720_234344.jpg,train/episode_158/images/road_img/ZED_LEFT_20251122_112720_234344.jpg,0.6
20251122_112720_484344,46.6875,-0.0143,0.087,0.13,7.4,49.1625,48.99375,49.3875,49.275,-0.053012048,-0.04939759,-0.057831325,-0.055421687,train/episode_158/images/ZED_LEFT/ZED_LEFT_20251122_112720_484344.jpg,train/episode_158/images/road_img/ZED_LEFT_20251122_112720_484344.jpg,0.6
20251122_112720_734344,46.96875,-0.004,0.0134,-0.15,10.8,48.825,48.9375,48.88125,48.65625,-0.039520958,-0.041916168,-0.040718563,-0.035928144,train/episode_158/images/ZED_LEFT/ZED_LEFT_20251122_112720_734344.jpg,train/episode_158/images/road_img/ZED_LEFT_20251122_112720_734344.jpg,0.6
20251122_112720_984344,47.19375,0.0126,-0.0032,0.17,11,48.375,48.54375,48.99375,48.88125,-0.025029797,-0.028605483,-0.038140644,-0.035756853,train/episode_158/images/ZED_LEFT/ZED_LEFT_20251122_112720_984344.jpg,train/episode_158/images/road_img/ZED_LEFT_20251122_112720_984344.jpg,0.6
20251122_112721_234344,47.3625,-0.0248,0.0279,0.84,9.6,48.54375,48.54375,48.7125,48.54375,-0.024940618,-0.024940618,-0.028503563,-0.024940618,train/episode_158/images/ZED_LEFT/ZED_LEFT_20251122_112721_234344.jpg,train/episode_158/images/road_img/ZED_LEFT_20251122_112721_234344.jpg,0.6
20251122_112721_484344,47.475,-0.0331,-0.005,0.67,6.6,48.375,48.43125,48.65625,48.7125,-0.018957346,-0.02014218,-0.024881517,-0.026066351,train/episode_158/images/ZED_LEFT/ZED_LEFT_20251122_112721_484344.jpg,train/episode_158/images/road_img/ZED_LEFT_20251122_112721_484344.jpg,0.6
20251122_112721_734344,47.5875,-0.0382,-0.0109,0.56,6.5,48.43125,48.31875,48.6,48.4875,-0.017730496,-0.01536643,-0.021276596,-0.01891253,train/episode_158/images/ZED_LEFT/ZED_LEFT_20251122_112721_734344.jpg,train/episode_158/images/road_img/ZED_LEFT_20251122_112721_734344.jpg,0.6
20251122_112721_984344,47.64375,-0.003,0.0122,0.27,6.5,48.2625,48.31875,48.6,48.54375,-0.012987013,-0.014167651,-0.020070838,-0.018890201,train/episode_158/images/ZED_LEFT/ZED_LEFT_20251122_112721_984344.jpg,train/episode_158/images/road_img/ZED_LEFT_20251122_112721_984344.jpg,0.6
20251122_112722_234344,47.7,-0.0123,-0.0067,0.27,7.1,48.65625,48.7125,48.825,48.76875,-0.02004717,-0.021226415,-0.023584906,-0.02240566,train/episode_158/images/ZED_LEFT/ZED_LEFT_20251122_112722_234344.jpg,train/episode_158/images/road_img/ZED_LEFT_20251122_112722_234344.jpg,0.6
20251122_112722_484344,47.8125,-0.0238,0.0077,0.31,5.9,48.7125,48.76875,49.05,48.99375,-0.018823529,-0.02,-0.025882353,-0.024705882,train/episode_158/images/ZED_LEFT/ZED_LEFT_20251122_112722_484344.jpg,train/episode_158/images/road_img/ZED_LEFT_20251122_112722_484344.jpg,0.6
20251122_112722_734344,47.925,-0.0178,0.0051,-0.06,4.7,48.9375,48.88125,49.33125,49.05,-0.021126761,-0.019953052,-0.029342723,-0.023474178,train/episode_158/images/ZED_LEFT/ZED_LEFT_20251122_112722_734344.jpg,train/episode_158/images/road_img/ZED_LEFT_20251122_112722_734344.jpg,0.6
20251122_112722_984344,47.98125,-0.0026,0.0268,0.13,4.7,49.05,48.88125,49.275,49.05,-0.022274326,-0.018757327,-0.026963658,-0.022274326,train/episode_158/images/ZED_LEFT/ZED_LEFT_20251122_112722_984344.jpg,train/episode_158/images/road_img/ZED_LEFT_20251122_112722_984344.jpg,0.6
20251122_112723_234344,48.15,-0.035,-0.0074,0.32,4.4,48.76875,48.6,49.05,48.9375,-0.012850467,-0.009345794,-0.018691589,-0.01635514,train/episode_158/images/ZED_LEFT/ZED_LEFT_20251122_112723_234344.jpg,train/episode_158/images/road_img/ZED_LEFT_20251122_112723_234344.jpg,0.6
20251122_112723_484344,48.20625,-0.0807,0.0357,-0.05,4.4,48.31875,48.20625,48.65625,48.6,-0.002333722,0,-0.009334889,-0.008168028,train/episode_158/images/ZED_LEFT/ZED_LEFT_20251122_112723_484344.jpg,train/episode_158/images/road_img/ZED_LEFT_20251122_112723_484344.jpg,0.6
20251122_112723_734344,48.2625,-0.019,0.0195,0.26,4.4,48.2625,48.15,48.375,48.15,0,0.002331002,-0.002331002,0.002331002,train/episode_158/images/ZED_LEFT/ZED_LEFT_20251122_112723_734344.jpg,train/episode_158/images/road_img/ZED_LEFT_20251122_112723_734344.jpg,0.6
20251122_112723_984344,48.43125,-0.0054,0.0255,0.39,5,47.98125,47.86875,48.15,47.98125,0.009291521,0.011614402,0.005807201,0.009291521,train/episode_158/images/ZED_LEFT/ZED_LEFT_20251122_112723_984344.jpg,train/episode_158/images/road_img/ZED_LEFT_20251122_112723_984344.jpg,0.6
20251122_112724_234344,48.6,-0.0142,0.0113,0.35,7.7,47.8125,47.86875,48.09375,47.98125,0.016203704,0.015046296,0.010416667,0.012731481,train/episode_158/images/ZED_LEFT/ZED_LEFT_20251122_112724_234344.jpg,train/episode_158/images/road_img/ZED_LEFT_20251122_112724_234344.jpg,0.6
20251122_112724_484344,48.76875,-0.003,0.0255,0.14,7,47.75625,47.7,47.98125,47.86875,0.020761246,0.021914648,0.016147636,0.018454441,train/episode_158/images/ZED_LEFT/ZED_LEFT_20251122_112724_484344.jpg,train/episode_158/images/road_img/ZED_LEFT_20251122_112724_484344.jpg,0.6
20251122_112724_734344,48.9375,-0.0065,0.0241,0.32,7,47.475,47.53125,47.75625,47.7,0.029885057,0.028735632,0.024137931,0.025287356,train/episode_158/images/ZED_LEFT/ZED_LEFT_20251122_112724_734344.jpg,train/episode_158/images/road_img/ZED_LEFT_20251122_112724_734344.jpg,0.6
20251122_112724_984344,49.1625,-0.0006,0.0261,0.19,7,47.64375,47.475,47.86875,47.98125,0.030892449,0.034324943,0.026315789,0.02402746,train/episode_158/images/ZED_LEFT/ZED_LEFT_20251122_112724_984344.jpg,train/episode_158/images/road_img/ZED_LEFT_20251122_112724_984344.jpg,0.6
20251122_112725_234344,49.33125,-0.0055,0.0097,0.18,6.5,48.09375,48.15,48.2625,48.2625,0.025085519,0.023945268,0.021664766,0.021664766,train/episode_158/images/ZED_LEFT/ZED_LEFT_20251122_112725_234344.jpg,train/episode_158/images/road_img/ZED_LEFT_20251122_112725_234344.jpg,0.6
20251122_112725_484344,49.44375,0.0004,0.0508,0.02,6.4,48.0375,48.09375,48.54375,48.0375,0.028441411,0.027303754,0.018202503,0.028441411,train/episode_158/images/ZED_LEFT/ZED_LEFT_20251122_112725_484344.jpg,train/episode_158/images/road_img/ZED_LEFT_20251122_112725_484344.jpg,0.6
20251122_112725_734344,49.55625,0.0085,0.0144,-0.11,6.3,48.54375,48.4875,48.76875,48.7125,0.020431328,0.021566402,0.015891033,0.017026107,train/episode_158/images/ZED_LEFT/ZED_LEFT_20251122_112725_734344.jpg,train/episode_158/images/road_img/ZED_LEFT_20251122_112725_734344.jpg,0.6
20251122_112725_984344,49.725,0.0044,0.0185,-0.03,6.4,48.6,48.65625,48.9375,48.76875,0.022624434,0.021493213,0.015837104,0.019230769,train/episode_158/images/ZED_LEFT/ZED_LEFT_20251122_112725_984344.jpg,train/episode_158/images/road_img/ZED_LEFT_20251122_112725_984344.jpg,0.6
20251122_112726_234344,49.89375,0.022,0.0267,0.16,6.4,48.76875,48.65625,49.05,48.88125,0.022547914,0.024802706,0.016910936,0.020293123,train/episode_158/images/ZED_LEFT/ZED_LEFT_20251122_112726_234344.jpg,train/episode_158/images/road_img/ZED_LEFT_20251122_112726_234344.jpg,0.6
20251122_112726_484344,50.00625,-0.0132,0.0403,0.04,6.4,48.65625,48.65625,48.9375,48.825,0.026996625,0.026996625,0.021372328,0.023622047,train/episode_158/images/ZED_LEFT/ZED_LEFT_20251122_112726_484344.jpg,train/episode_158/images/road_img/ZED_LEFT_20251122_112726_484344.jpg,0.6
20251122_112726_734344,50.11875,-0.0154,-0.011,-0.02,6.4,48.54375,48.4875,48.825,48.54375,0.031425365,0.032547699,0.025813692,0.031425365,train/episode_158/images/ZED_LEFT/ZED_LEFT_20251122_112726_734344.jpg,train/episode_158/images/road_img/ZED_LEFT_20251122_112726_734344.jpg,0.6
20251122_112726_984344,50.23125,0.0083,-0.0007,0.14,6.2,48.375,48.43125,48.65625,48.4875,0.036954087,0.035834267,0.031354983,0.034714446,train/episode_158/images/ZED_LEFT/ZED_LEFT_20251122_112726_984344.jpg,train/episode_158/images/road_img/ZED_LEFT_20251122_112726_984344.jpg,0.6
20251122_112727_234344,49.95,-0.0192,-0.0283,-0.42,5.8,48.09375,48.09375,48.375,48.20625,0.037162162,0.037162162,0.031531532,0.03490991,train/episode_158/images/ZED_LEFT/ZED_LEFT_20251122_112727_234344.jpg,train/episode_158/images/road_img/ZED_LEFT_20251122_112727_234344.jpg,0.6
20251122_112727_484344,50.00625,-0.0157,-0.0255,-0.22,5.7,47.86875,47.98125,48.31875,48.15,0.042744657,0.040494938,0.033745782,0.03712036,train/episode_158/images/ZED_LEFT/ZED_LEFT_20251122_112727_484344.jpg,train/episode_158/images/road_img/ZED_LEFT_20251122_112727_484344.jpg,0.6
20251122_112727_734344,50.0625,-0.0271,0.0182,-0.12,10.6,47.75625,47.7,47.86875,47.8125,0.046067416,0.047191011,0.043820225,0.04494382,train/episode_158/images/ZED_LEFT/ZED_LEFT_20251122_112727_734344.jpg,train/episode_158/images/road_img/ZED_LEFT_20251122_112727_734344.jpg,0.6
20251122_112727_984344,50.175,-0.0062,0.0193,-0.38,11.4,47.5875,47.64375,47.3625,47.7,0.051569507,0.05044843,0.056053812,0.049327354,train/episode_158/images/ZED_LEFT/ZED_LEFT_20251122_112727_984344.jpg,train/episode_158/images/road_img/ZED_LEFT_20251122_112727_984344.jpg,0.6
20251122_112728_234344,50.34375,0.0243,0.0055,-0.51,10.3,47.1375,47.30625,47.7,47.64375,0.063687151,0.060335196,0.052513966,0.053631285,train/episode_158/images/ZED_LEFT/ZED_LEFT_20251122_112728_234344.jpg,train/episode_158/images/road_img/ZED_LEFT_20251122_112728_234344.jpg,0.6
20251122_112728_484344,50.34375,-0.015,0.013,-0.51,9.5,47.30625,47.30625,47.64375,47.53125,0.060335196,0.060335196,0.053631285,0.055865922,train/episode_158/images/ZED_LEFT/ZED_LEFT_20251122_112728_484344.jpg,train/episode_158/images/road_img/ZED_LEFT_20251122_112728_484344.jpg,0.6
20251122_112728_734344,50.45625,-0.0313,0.0327,-0.17,7.9,47.08125,47.19375,47.475,47.41875,0.066889632,0.064659978,0.059085842,0.060200669,train/episode_158/images/ZED_LEFT/ZED_LEFT_20251122_112728_734344.jpg,train/episode_158/images/road_img/ZED_LEFT_20251122_112728_734344.jpg,0.6
20251122_112728_984344,50.7375,0.0002,0.0013,-0.5,7.3,47.1375,47.1375,47.3625,47.3625,0.070953437,0.070953437,0.066518847,0.066518847,train/episode_158/images/ZED_LEFT/ZED_LEFT_20251122_112728_984344.jpg,train/episode_158/images/road_img/ZED_LEFT_20251122_112728_984344.jpg,0.6
20251122_112729_234344,50.9625,-0.0067,0.0339,-0.59,6.4,46.9125,46.96875,47.19375,47.1375,0.079470199,0.078366446,0.073951435,0.075055188,train/episode_158/images/ZED_LEFT/ZED_LEFT_20251122_112729_234344.jpg,train/episode_158/images/road_img/ZED_LEFT_20251122_112729_234344.jpg,0.6
20251122_112729_484344,50.90625,0.0265,0.0254,0.01,6.3,46.8,46.8,47.1375,47.08125,0.080662983,0.080662983,0.074033149,0.075138122,train/episode_158/images/ZED_LEFT/ZED_LEFT_20251122_112729_484344.jpg,train/episode_158/images/road_img/ZED_LEFT_20251122_112729_484344.jpg,0.6
20251122_112729_734344,51.1875,-0.008,-0.011,0.42,6,46.6875,46.8,47.08125,46.9125,0.087912088,0.085714286,0.08021978,0.083516484,train/episode_158/images/ZED_LEFT/ZED_LEFT_20251122_112729_734344.jpg,train/episode_158/images/road_img/ZED_LEFT_20251122_112729_734344.jpg,0.6
20251122_112729_984344,51.46875,-0.0478,0.027,0.61,5.9,46.8,46.74375,46.9125,46.9125,0.090710383,0.091803279,0.08852459,0.08852459,train/episode_158/images/ZED_LEFT/ZED_LEFT_20251122_112729_984344.jpg,train/episode_158/images/road_img/ZED_LEFT_20251122_112729_984344.jpg,0.6
20251122_112730_234344,51.3,-0.0038,0.0169,0.71,5.7,46.63125,46.575,46.9125,46.74375,0.091008772,0.092105263,0.085526316,0.088815789,train/episode_158/images/ZED_LEFT/ZED_LEFT_20251122_112730_234344.jpg,train/episode_158/images/road_img/ZED_LEFT_20251122_112730_234344.jpg,0.6
20251122_112730_484344,51.46875,-0.0213,-0.0125,0.62,5.5,46.51875,46.4625,46.74375,46.63125,0.096174863,0.09726776,0.091803279,0.093989071,train/episode_158/images/ZED_LEFT/ZED_LEFT_20251122_112730_484344.jpg,train/episode_158/images/road_img/ZED_LEFT_20251122_112730_484344.jpg,0.6
20251122_112730_734344,51.75,-0.0142,0.0021,0.06,5.6,46.29375,46.40625,46.51875,46.40625,0.105434783,0.10326087,0.101086957,0.10326087,train/episode_158/images/ZED_LEFT/ZED_LEFT_20251122_112730_734344.jpg,train/episode_158/images/road_img/ZED_LEFT_20251122_112730_734344.jpg,0.6
20251122_112730_984344,51.8625,0.047,0.0015,-0.19,5.9,46.2375,46.125,46.2375,46.125,0.10845987,0.110629067,0.10845987,0.110629067,train/episode_158/images/ZED_LEFT/ZED_LEFT_20251122_112730_984344.jpg,train/episode_158/images/road_img/ZED_LEFT_20251122_112730_984344.jpg,0.6
20251122_112731_234344,51.975,0.044,-0.0097,0.42,6.1,45.5625,45.61875,45.95625,45.95625,0.123376623,0.122294372,0.115800866,0.115800866,train/episode_158/images/ZED_LEFT/ZED_LEFT_20251122_112731_234344.jpg,train/episode_158/images/road_img/ZED_LEFT_20251122_112731_234344.jpg,0.6
20251122_112731_484344,51.8625,-0.0356,0.0151,0.1,6.1,45.45,45.39375,45.50625,45.39375,0.123644252,0.12472885,0.122559653,0.12472885,train/episode_158/images/ZED_LEFT/ZED_LEFT_20251122_112731_484344.jpg,train/episode_158/images/road_img/ZED_LEFT_20251122_112731_484344.jpg,0.6
20251122_112731_734344,52.14375,0.0172,0.0159,-0.14,6,44.6625,44.60625,44.6625,44.83125,0.143473571,0.144552319,0.143473571,0.140237325,train/episode_158/images/ZED_LEFT/ZED_LEFT_20251122_112731_734344.jpg,train/episode_158/images/road_img/ZED_LEFT_20251122_112731_734344.jpg,0.6
20251122_112731_984344,52.25625,0.0041,0.0217,-0.24,5.9,44.04375,44.26875,44.26875,44.1,0.157158235,0.15285253,0.15285253,0.156081808,train/episode_158/images/ZED_LEFT/ZED_LEFT_20251122_112731_984344.jpg,train/episode_158/images/road_img/ZED_LEFT_20251122_112731_984344.jpg,0.6
20251122_112732_234344,52.3125,-0.0125,0.0088,-0.18,5.8,43.425,43.3125,43.59375,43.36875,0.169892473,0.172043011,0.166666667,0.170967742,train/episode_158/images/ZED_LEFT/ZED_LEFT_20251122_112732_234344.jpg,train/episode_158/images/road_img/ZED_LEFT_20251122_112732_234344.jpg,0.6
20251122_112732_484344,52.48125,0.0228,0.0178,-0.44,6.2,42.91875,42.91875,42.80625,42.91875,0.182207931,0.182207931,0.184351554,0.182207931,train/episode_158/images/ZED_LEFT/ZED_LEFT_20251122_112732_484344.jpg,train/episode_158/images/road_img/ZED_LEFT_20251122_112732_484344.jpg,0.6
20251122_112732_734344,52.425,0.0057,0.0065,-0.18,8.1,41.79375,41.90625,42.13125,42.24375,0.2027897,0.200643777,0.196351931,0.194206009,train/episode_158/images/ZED_LEFT/ZED_LEFT_20251122_112732_734344.jpg,train/episode_158/images/road_img/ZED_LEFT_20251122_112732_734344.jpg,0.6
20251122_112732_984344,52.81875,-0.0161,-0.002,-0.47,8.1,41.4,41.79375,41.90625,41.56875,0.216187433,0.208732694,0.206602769,0.212992545,train/episode_158/images/ZED_LEFT/ZED_LEFT_20251122_112732_984344.jpg,train/episode_158/images/road_img/ZED_LEFT_20251122_112732_984344.jpg,0.6
20251122_112733_234344,52.875,0.009,-0.0013,-0.12,7.5,41.85,41.11875,41.0625,41.34375,0.208510638,0.222340426,0.223404255,0.218085106,train/episode_158/images/ZED_LEFT/ZED_LEFT_20251122_112733_234344.jpg,train/episode_158/images/road_img/ZED_LEFT_20251122_112733_234344.jpg,0.6
20251122_112733_484344,52.875,-0.017,0.0025,0.23,7.9,40.33125,40.78125,41.625,40.89375,0.237234043,0.228723404,0.212765957,0.226595745,train/episode_158/images/ZED_LEFT/ZED_LEFT_20251122_112733_484344.jpg,train/episode_158/images/road_img/ZED_LEFT_20251122_112733_484344.jpg,0.6
20251122_112733_734344,52.9875,-0.0348,0.0009,0.31,7.4,39.88125,39.9375,39.99375,39.6,0.247346072,0.246284501,0.24522293,0.252653928,train/episode_158/images/ZED_LEFT/ZED_LEFT_20251122_112733_734344.jpg,train/episode_158/images/road_img/ZED_LEFT_20251122_112733_734344.jpg,0.6
20251122_112733_984344,53.04375,0.0063,-0.0058,0.05,5.9,39.4875,39.4875,39.4875,39.6,0.255567338,0.255567338,0.255567338,0.253446448,train/episode_158/images/ZED_LEFT/ZED_LEFT_20251122_112733_984344.jpg,train/episode_158/images/road_img/ZED_LEFT_20251122_112733_984344.jpg,0.6
20251122_112734_234344,53.15625,-0.0299,0.0208,0.38,6.9,38.98125,38.86875,39.43125,39.31875,0.266666667,0.268783069,0.258201058,0.26031746,train/episode_158/images/ZED_LEFT/ZED_LEFT_20251122_112734_234344.jpg,train/episode_158/images/road_img/ZED_LEFT_20251122_112734_234344.jpg,0.6
20251122_112734_484344,53.04375,-0.013,-0.0134,-0.18,7.3,39.09375,39.09375,39.43125,39.20625,0.262990456,0.262990456,0.256627784,0.260869565,train/episode_158/images/ZED_LEFT/ZED_LEFT_20251122_112734_484344.jpg,train/episode_158/images/road_img/ZED_LEFT_20251122_112734_484344.jpg,0.6
20251122_112734_734344,52.875,0.018,-0.0807,-0.26,9.1,38.86875,39.0375,39.31875,39.20625,0.264893617,0.261702128,0.256382979,0.258510638,train/episode_158/images/ZED_LEFT/ZED_LEFT_20251122_112734_734344.jpg,train/episode_158/images/road_img/ZED_LEFT_20251122_112734_734344.jpg,0.6
20251122_112734_984344,52.25625,0.0039,-0.0527,-0.14,9.2,38.925,39.15,39.15,39.20625,0.255113025,0.25080732,0.25080732,0.249730893,train/episode_158/images/ZED_LEFT/ZED_LEFT_20251122_112734_984344.jpg,train/episode_158/images/road_img/ZED_LEFT_20251122_112734_984344.jpg,0.6
20251122_112735_234344,51.975,-0.0221,-0.0726,-0.14,7.6,38.8125,38.8125,39.15,39.0375,0.253246753,0.253246753,0.246753247,0.248917749,train/episode_158/images/ZED_LEFT/ZED_LEFT_20251122_112735_234344.jpg,train/episode_158/images/road_img/ZED_LEFT_20251122_112735_234344.jpg,0.6
20251122_112735_484344,51.525,0.0087,-0.0621,-0.24,4.8,39.0375,38.7,38.98125,38.86875,0.242358079,0.248908297,0.243449782,0.245633188,train/episode_158/images/ZED_LEFT/ZED_LEFT_20251122_112735_484344.jpg,train/episode_158/images/road_img/ZED_LEFT_20251122_112735_484344.jpg,0.6
20251122_112735_734344,51.075,-0.0085,-0.0373,-0.09,4.6,38.8125,38.75625,39.31875,38.86875,0.240088106,0.241189427,0.230176211,0.238986784,train/episode_158/images/ZED_LEFT/ZED_LEFT_20251122_112735_734344.jpg,train/episode_158/images/road_img/ZED_LEFT_20251122_112735_734344.jpg,0.6
20251122_112735_984344,50.9625,0.0052,-0.059,-0.19,7.9,38.75625,38.7,38.925,38.8125,0.239514349,0.240618102,0.236203091,0.238410596,train/episode_158/images/ZED_LEFT/ZED_LEFT_20251122_112735_984344.jpg,train/episode_158/images/road_img/ZED_LEFT_20251122_112735_984344.jpg,0.6
20251122_112736_234344,50.45625,-0.0064,-0.0486,-0.05,8.9,38.5875,38.7,38.86875,38.7,0.23522854,0.232998885,0.229654404,0.232998885,train/episode_158/images/ZED_LEFT/ZED_LEFT_20251122_112736_234344.jpg,train/episode_158/images/road_img/ZED_LEFT_20251122_112736_234344.jpg,0.6
20251122_112736_484344,50.0625,0.0202,-0.0502,-0.26,8.8,38.64375,38.64375,38.86875,38.7,0.228089888,0.228089888,0.223595506,0.226966292,train/episode_158/images/ZED_LEFT/ZED_LEFT_20251122_112736_484344.jpg,train/episode_158/images/road_img/ZED_LEFT_20251122_112736_484344.jpg,0.6
20251122_112736_734344,49.89375,0.0372,-0.0632,0,9,38.3625,38.41875,38.5875,38.5875,0.231116122,0.229988726,0.226606539,0.226606539,train/episode_158/images/ZED_LEFT/ZED_LEFT_20251122_112736_734344.jpg,train/episode_158/images/road_img/ZED_LEFT_20251122_112736_734344.jpg,0.6
20251122_112736_984344,49.55625,-0.009,-0.0584,-0.21,7.4,38.41875,38.41875,38.64375,38.5875,0.224744608,0.224744608,0.220204313,0.221339387,train/episode_158/images/ZED_LEFT/ZED_LEFT_20251122_112736_984344.jpg,train/episode_158/images/road_img/ZED_LEFT_20251122_112736_984344.jpg,0.6
20251122_112737_234344,49.05,0.0183,-0.0434,0.06,6.3,38.41875,38.3625,38.7,38.475,0.216743119,0.217889908,0.211009174,0.21559633,train/episode_158/images/ZED_LEFT/ZED_LEFT_20251122_112737_234344.jpg,train/episode_158/images/road_img/ZED_LEFT_20251122_112737_234344.jpg,0.6
20251122_112737_484344,49.05,-0.033,-0.0555,0.45,5.6,38.3625,38.30625,38.5875,38.3625,0.217889908,0.219036697,0.213302752,0.217889908,train/episode_158/images/ZED_LEFT/ZED_LEFT_20251122_112737_484344.jpg,train/episode_158/images/road_img/ZED_LEFT_20251122_112737_484344.jpg,0.6
20251122_112737_734344,48.65625,-0.0403,-0.0023,1.28,5.3,38.3625,38.30625,38.64375,38.5875,0.211560694,0.212716763,0.205780347,0.206936416,train/episode_158/images/ZED_LEFT/ZED_LEFT_20251122_112737_734344.jpg,train/episode_158/images/road_img/ZED_LEFT_20251122_112737_734344.jpg,0.6
20251122_112737_984344,48.54375,-0.0194,-0.014,1.2,5.3,38.41875,38.25,38.5875,38.3625,0.208574739,0.212050985,0.205098494,0.209733488,train/episode_158/images/ZED_LEFT/ZED_LEFT_20251122_112737_984344.jpg,train/episode_158/images/road_img/ZED_LEFT_20251122_112737_984344.jpg,0.6
20251122_112738_234344,48.54375,-0.0146,-0.0176,1.08,5.5,38.25,38.25,38.64375,38.3625,0.212050985,0.212050985,0.203939745,0.209733488,train/episode_158/images/ZED_LEFT/ZED_LEFT_20251122_112738_234344.jpg,train/episode_158/images/road_img/ZED_LEFT_20251122_112738_234344.jpg,0.6
20251122_112738_484344,48.375,-0.0272,-0.0191,0.61,5.5,38.1375,38.08125,38.475,38.30625,0.211627907,0.212790698,0.204651163,0.208139535,train/episode_158/images/ZED_LEFT/ZED_LEFT_20251122_112738_484344.jpg,train/episode_158/images/road_img/ZED_LEFT_20251122_112738_484344.jpg,0.6
20251122_112738_734344,48.375,-0.0176,-0.0263,-0.07,5.5,38.08125,38.025,38.3625,38.30625,0.212790698,0.213953488,0.206976744,0.208139535,train/episode_158/images/ZED_LEFT/ZED_LEFT_20251122_112738_734344.jpg,train/episode_158/images/road_img/ZED_LEFT_20251122_112738_734344.jpg,0.6
20251122_112738_984344,48.31875,0.0011,-0.0345,-0.06,5.6,38.08125,38.08125,38.30625,38.1375,0.211874272,0.211874272,0.207217695,0.210710128,train/episode_158/images/ZED_LEFT/ZED_LEFT_20251122_112738_984344.jpg,train/episode_158/images/road_img/ZED_LEFT_20251122_112738_984344.jpg,0.6
20251122_112739_234344,48.31875,-0.0142,0.0127,0.28,5.7,37.9125,37.96875,38.19375,38.19375,0.215366705,0.214202561,0.209545984,0.209545984,train/episode_158/images/ZED_LEFT/ZED_LEFT_20251122_112739_234344.jpg,train/episode_158/images/road_img/ZED_LEFT_20251122_112739_234344.jpg,0.6
20251122_112739_484344,48.6,-0.0255,-0.0012,0.09,5.7,37.96875,37.85625,38.08125,37.96875,0.21875,0.221064815,0.216435185,0.21875,train/episode_158/images/ZED_LEFT/ZED_LEFT_20251122_112739_484344.jpg,train/episode_158/images/road_img/ZED_LEFT_20251122_112739_484344.jpg,0.6
20251122_112739_734344,48.76875,0.014,0.0229,0.06,6.3,37.6875,37.9125,38.1375,37.96875,0.2272203,0.22260669,0.21799308,0.221453287,train/episode_158/images/ZED_LEFT/ZED_LEFT_20251122_112739_734344.jpg,train/episode_158/images/road_img/ZED_LEFT_20251122_112739_734344.jpg,0.6
20251122_112739_984344,48.825,0.0109,0.0064,-0.35,6.6,37.6875,37.8,38.08125,37.8,0.228110599,0.225806452,0.220046083,0.225806452,train/episode_158/images/ZED_LEFT/ZED_LEFT_20251122_112739_984344.jpg,train/episode_158/images/road_img/ZED_LEFT_20251122_112739_984344.jpg,0.6
20251122_112740_234344,48.9375,0.0074,0.0003,-0.32,9.7,37.63125,37.85625,37.96875,37.74375,0.231034483,0.226436782,0.224137931,0.228735632,train/episode_158/images/ZED_LEFT/ZED_LEFT_20251122_112740_234344.jpg,train/episode_158/images/road_img/ZED_LEFT_20251122_112740_234344.jpg,0.6
20251122_112740_484344,48.825,0.0368,-0.013,-0.7,12.5,37.63125,37.8,37.6875,37.85625,0.229262673,0.225806452,0.228110599,0.224654378,train/episode_158/images/ZED_LEFT/ZED_LEFT_20251122_112740_484344.jpg,train/episode_158/images/road_img/ZED_LEFT_20251122_112740_484344.jpg,0.6
20251122_112740_734344,48.65625,0.0195,-0.0573,-0.53,16.4,37.575,37.74375,37.85625,38.08125,0.227745665,0.224277457,0.221965318,0.21734104,train/episode_158/images/ZED_LEFT/ZED_LEFT_20251122_112740_734344.jpg,train/episode_158/images/road_img/ZED_LEFT_20251122_112740_734344.jpg,0.6
20251122_112740_984344,48.2625,-0.0213,-0.0113,-0.56,18.6,37.40625,37.6875,37.575,37.6875,0.224941725,0.219114219,0.221445221,0.219114219,train/episode_158/images/ZED_LEFT/ZED_LEFT_20251122_112740_984344.jpg,train/episode_158/images/road_img/ZED_LEFT_20251122_112740_984344.jpg,0.6
20251122_112741_234344,48.20625,0.0304,-0.0497,-0.7,23.4,37.29375,37.8,37.51875,37.6875,0.226371062,0.215869312,0.221703617,0.218203034,train/episode_158/images/ZED_LEFT/ZED_LEFT_20251122_112741_234344.jpg,train/episode_158/images/road_img/ZED_LEFT_20251122_112741_234344.jpg,0.6
20251122_112741_484344,48.09375,0.0226,-0.0331,-0.6,28.2,36.95625,37.40625,37.0125,37.40625,0.231578947,0.222222222,0.230409357,0.222222222,train/episode_158/images/ZED_LEFT/ZED_LEFT_20251122_112741_484344.jpg,train/episode_158/images/road_img/ZED_LEFT_20251122_112741_484344.jpg,0.6
20251122_112741_734344,47.86875,0.0377,-0.0365,-0.34,30.3,36.28125,36.95625,36.50625,36.9,0.242068155,0.227967098,0.237367803,0.229142186,train/episode_158/images/ZED_LEFT/ZED_LEFT_20251122_112741_734344.jpg,train/episode_158/images/road_img/ZED_LEFT_20251122_112741_734344.jpg,0.6
20251122_112741_984344,47.86875,-0.0057,-0.0371,0.26,33,36.16875,36.675,36.28125,36.7875,0.244418331,0.233842538,0.242068155,0.231492362,train/episode_158/images/ZED_LEFT/ZED_LEFT_20251122_112741_984344.jpg,train/episode_158/images/road_img/ZED_LEFT_20251122_112741_984344.jpg,0.6
20251122_112742_234344,47.75625,-0.0073,-0.0076,0.21,37.8,35.55,36.225,35.60625,36.28125,0.255594817,0.241460542,0.254416961,0.240282686,train/episode_158/images/ZED_LEFT/ZED_LEFT_20251122_112742_234344.jpg,train/episode_158/images/road_img/ZED_LEFT_20251122_112742_234344.jpg,0.6
20251122_112742_484344,47.475,-0.009,-0.0041,0.19,41.4,35.26875,36.05625,35.55,36.28125,0.257109005,0.240521327,0.251184834,0.235781991,train/episode_158/images/ZED_LEFT/ZED_LEFT_20251122_112742_484344.jpg,train/episode_158/images/road_img/ZED_LEFT_20251122_112742_484344.jpg,0.6
20251122_112742_734344,47.475,-0.0466,-0.0238,0.2,41.6,35.325,36.16875,35.6625,36.225,0.255924171,0.238151659,0.248815166,0.236966825,train/episode_158/images/ZED_LEFT/ZED_LEFT_20251122_112742_734344.jpg,train/episode_158/images/road_img/ZED_LEFT_20251122_112742_734344.jpg,0.6
20251122_112742_984344,47.75625,-0.0105,0.0493,0.17,41.8,35.38125,36.225,35.71875,36.45,0.259128386,0.241460542,0.252061249,0.236749117,train/episode_158/images/ZED_LEFT/ZED_LEFT_20251122_112742_984344.jpg,train/episode_158/images/road_img/ZED_LEFT_20251122_112742_984344.jpg,0.6
20251122_112743_234344,48.15,-0.0044,0.0167,-0.31,41.9,35.55,36.39375,35.8875,36.5625,0.261682243,0.244158879,0.254672897,0.240654206,train/episode_158/images/ZED_LEFT/ZED_LEFT_20251122_112743_234344.jpg,train/episode_158/images/road_img/ZED_LEFT_20251122_112743_234344.jpg,0.6
20251122_112743_484344,48.09375,-0.015,0.0359,0.5,41.3,35.55,36.39375,35.8875,36.50625,0.260818713,0.243274854,0.25380117,0.240935673,train/episode_158/images/ZED_LEFT/ZED_LEFT_20251122_112743_484344.jpg,train/episode_158/images/road_img/ZED_LEFT_20251122_112743_484344.jpg,0.6
20251122_112743_734344,48.31875,0.0253,0.0081,-0.05,40.5,35.55,36.3375,35.83125,36.45,0.264260768,0.247962747,0.258440047,0.245634459,train/episode_158/images/ZED_LEFT/ZED_LEFT_20251122_112743_734344.jpg,train/episode_158/images/road_img/ZED_LEFT_20251122_112743_734344.jpg,0.6
20251122_112743_984344,48.54375,-0.0089,0.0348,0.04,39,35.55,36.39375,35.8875,36.45,0.267670915,0.250289687,0.260718424,0.249130939,train/episode_158/images/ZED_LEFT/ZED_LEFT_20251122_112743_984344.jpg,train/episode_158/images/road_img/ZED_LEFT_20251122_112743_984344.jpg,0.6
20251122_112744_234344,48.6,-0.0103,0.005,-0.05,33.3,35.4375,36.3375,35.83125,36.3375,0.270833333,0.252314815,0.262731481,0.252314815,train/episode_158/images/ZED_LEFT/ZED_LEFT_20251122_112744_234344.jpg,train/episode_158/images/road_img/ZED_LEFT_20251122_112744_234344.jpg,0.6
20251122_112744_484344,48.65625,-0.01,0.042,0.04,27.1,35.6625,36.1125,35.83125,36.225,0.267052023,0.257803468,0.263583815,0.255491329,train/episode_158/images/ZED_LEFT/ZED_LEFT_20251122_112744_484344.jpg,train/episode_158/images/road_img/ZED_LEFT_20251122_112744_484344.jpg,0.6
20251122_112744_734344,48.65625,-0.0118,-0.0175,-0.04,16.1,35.60625,35.8875,35.775,35.94375,0.268208092,0.262427746,0.264739884,0.261271676,train/episode_158/images/ZED_LEFT/ZED_LEFT_20251122_112744_734344.jpg,train/episode_158/images/road_img/ZED_LEFT_20251122_112744_734344.jpg,0.6
20251122_112744_984344,48.54375,0.0113,-0.0403,0.01,9.7,35.55,35.60625,35.6625,35.775,0.267670915,0.266512167,0.265353418,0.263035921,train/episode_158/images/ZED_LEFT/ZED_LEFT_20251122_112744_984344.jpg,train/episode_158/images/road_img/ZED_LEFT_20251122_112744_984344.jpg,0.6
20251122_112745_234344,48.375,0.0017,0.0052,0.02,8.1,35.26875,35.325,35.4375,35.4375,0.270930233,0.269767442,0.26744186,0.26744186,train/episode_158/images/ZED_LEFT/ZED_LEFT_20251122_112745_234344.jpg,train/episode_158/images/road_img/ZED_LEFT_20251122_112745_234344.jpg,0.6
20251122_112745_484344,48.31875,-0.0326,-0.0311,-0.07,6.5,35.38125,35.38125,35.38125,35.38125,0.267753201,0.267753201,0.267753201,0.267753201,train/episode_158/images/ZED_LEFT/ZED_LEFT_20251122_112745_484344.jpg,train/episode_158/images/road_img/ZED_LEFT_20251122_112745_484344.jpg,0.6
20251122_112745_734344,48.09375,-0.0162,-0.0112,-0.18,6.7,35.1,35.15625,35.325,35.6625,0.270175439,0.269005848,0.265497076,0.258479532,train/episode_158/images/ZED_LEFT/ZED_LEFT_20251122_112745_734344.jpg,train/episode_158/images/road_img/ZED_LEFT_20251122_112745_734344.jpg,0.6
20251122_112745_984344,47.98125,0.0029,-0.0637,-0.47,9.3,35.1,35.26875,35.4375,35.2125,0.268464244,0.264947245,0.261430246,0.266119578,train/episode_158/images/ZED_LEFT/ZED_LEFT_20251122_112745_984344.jpg,train/episode_158/images/road_img/ZED_LEFT_20251122_112745_984344.jpg,0.6
20251122_112746_234344,47.75625,0.0076,-0.0257,0.36,10.1,35.1,35.15625,35.26875,35.26875,0.265017668,0.263839812,0.261484099,0.261484099,train/episode_158/images/ZED_LEFT/ZED_LEFT_20251122_112746_234344.jpg,train/episode_158/images/road_img/ZED_LEFT_20251122_112746_234344.jpg,0.6
20251122_112746_484344,47.5875,-0.047,-0.055,1.42,9.2,34.93125,35.1,35.26875,35.325,0.265957447,0.262411348,0.258865248,0.257683215,train/episode_158/images/ZED_LEFT/ZED_LEFT_20251122_112746_484344.jpg,train/episode_158/images/road_img/ZED_LEFT_20251122_112746_484344.jpg,0.6
20251122_112746_734344,47.475,-0.0551,-0.0083,1.19,8.6,34.93125,35.2125,35.2125,35.49375,0.264218009,0.258293839,0.258293839,0.252369668,train/episode_158/images/ZED_LEFT/ZED_LEFT_20251122_112746_734344.jpg,train/episode_158/images/road_img/ZED_LEFT_20251122_112746_734344.jpg,0.6
20251122_112746_984344,47.25,-0.0716,-0.0257,1.08,9.8,34.875,34.59375,35.15625,34.875,0.261904762,0.267857143,0.255952381,0.261904762,train/episode_158/images/ZED_LEFT/ZED_LEFT_20251122_112746_984344.jpg,train/episode_158/images/road_img/ZED_LEFT_20251122_112746_984344.jpg,0.6
20251122_112747_234344,47.3625,-0.0658,-0.0263,0.92,10.1,35.26875,35.4375,35.04375,35.26875,0.255344418,0.251781473,0.260095012,0.255344418,train/episode_158/images/ZED_LEFT/ZED_LEFT_20251122_112747_234344.jpg,train/episode_158/images/road_img/ZED_LEFT_20251122_112747_234344.jpg,0.6
20251122_112747_484344,47.25,-0.0463,-0.0083,0.52,10.1,34.93125,35.15625,35.26875,35.04375,0.260714286,0.255952381,0.253571429,0.258333333,train/episode_158/images/ZED_LEFT/ZED_LEFT_20251122_112747_484344.jpg,train/episode_158/images/road_img/ZED_LEFT_20251122_112747_484344.jpg,0.6
20251122_112747_734344,47.08125,0.0169,-0.0305,0.61,4.8,35.04375,34.9875,35.38125,35.2125,0.25567503,0.256869773,0.248506571,0.2520908,train/episode_158/images/ZED_LEFT/ZED_LEFT_20251122_112747_734344.jpg,train/episode_158/images/road_img/ZED_LEFT_20251122_112747_734344.jpg,0.6
20251122_112747_984344,47.08125,0.0165,0.0001,0.11,4.2,35.2125,35.15625,35.26875,35.1,0.2520908,0.253285544,0.250896057,0.254480287,train/episode_158/images/ZED_LEFT/ZED_LEFT_20251122_112747_984344.jpg,train/episode_158/images/road_img/ZED_LEFT_20251122_112747_984344.jpg,0.6
20251122_112748_234344,46.9125,0.0182,-0.0261,-0.03,4.2,35.04375,35.04375,35.49375,35.325,0.252997602,0.252997602,0.243405276,0.247002398,train/episode_158/images/ZED_LEFT/ZED_LEFT_20251122_112748_234344.jpg,train/episode_158/images/road_img/ZED_LEFT_20251122_112748_234344.jpg,0.6
20251122_112748_484344,46.85625,0.0068,-0.0212,-0.11,4.2,35.2125,35.15625,35.55,35.4375,0.2484994,0.24969988,0.241296519,0.243697479,train/episode_158/images/ZED_LEFT/ZED_LEFT_20251122_112748_484344.jpg,train/episode_158/images/road_img/ZED_LEFT_20251122_112748_484344.jpg,0.6
20251122_112748_734344,46.74375,-0.0167,-0.019,0.03,4.1,35.60625,35.60625,35.8875,35.55,0.238267148,0.238267148,0.232250301,0.239470517,train/episode_158/images/ZED_LEFT/ZED_LEFT_20251122_112748_734344.jpg,train/episode_158/images/road_img/ZED_LEFT_20251122_112748_734344.jpg,0.6
20251122_112748_984344,46.6875,-0.0183,-0.011,-0.12,3.2,36,35.94375,36.225,36.61875,0.228915663,0.230120482,0.224096386,0.215662651,train/episode_158/images/ZED_LEFT/ZED_LEFT_20251122_112748_984344.jpg,train/episode_158/images/road_img/ZED_LEFT_20251122_112748_984344.jpg,0.6
20251122_112749_234344,46.575,0.0027,0.0028,-0.37,2.8,36.225,36.1125,36.73125,36.5625,0.222222222,0.224637681,0.211352657,0.214975845,train/episode_158/images/ZED_LEFT/ZED_LEFT_20251122_112749_234344.jpg,train/episode_158/images/road_img/ZED_LEFT_20251122_112749_234344.jpg,0.6
20251122_112749_484344,46.575,-0.0084,-0.0272,-0.27,3,36.675,36.61875,37.0125,36.9,0.212560386,0.213768116,0.20531401,0.207729469,train/episode_158/images/ZED_LEFT/ZED_LEFT_20251122_112749_484344.jpg,train/episode_158/images/road_img/ZED_LEFT_20251122_112749_484344.jpg,0.6
20251122_112749_734344,46.51875,0.0031,-0.0082,-0.3,-0.6,37.2375,36.95625,37.6875,37.18125,0.199516324,0.205562273,0.189842805,0.200725514,train/episode_158/images/ZED_LEFT/ZED_LEFT_20251122_112749_734344.jpg,train/episode_158/images/road_img/ZED_LEFT_20251122_112749_734344.jpg,0.6
20251122_112749_984344,46.29375,0.0148,-0.0337,-0.41,-6.2,37.51875,37.06875,37.74375,37.29375,0.189550425,0.19927096,0.184690158,0.194410693,train/episode_158/images/ZED_LEFT/ZED_LEFT_20251122_112749_984344.jpg,train/episode_158/images/road_img/ZED_LEFT_20251122_112749_984344.jpg,0.6
20251122_112750_234344,46.2375,-0.006,-0.015,-0.01,-11.7,37.63125,37.575,38.1375,37.575,0.186131387,0.187347932,0.175182482,0.187347932,train/episode_158/images/ZED_LEFT/ZED_LEFT_20251122_112750_234344.jpg,train/episode_158/images/road_img/ZED_LEFT_20251122_112750_234344.jpg,0.6
20251122_112750_484344,45.95625,-0.012,-0.0284,-0.22,-19.2,37.8,37.29375,38.025,37.63125,0.17747858,0.188494492,0.172582619,0.181150551,train/episode_158/images/ZED_LEFT/ZED_LEFT_20251122_112750_484344.jpg,train/episode_158/images/road_img/ZED_LEFT_20251122_112750_484344.jpg,0.6
20251122_112750_734344,45.61875,-0.0152,-0.0518,0.31,-19.4,37.74375,36.84375,38.025,37.18125,0.172626387,0.192355117,0.166461159,0.184956843,train/episode_158/images/ZED_LEFT/ZED_LEFT_20251122_112750_734344.jpg,train/episode_158/images/road_img/ZED_LEFT_20251122_112750_734344.jpg,0.6
20251122_112750_984344,45.45,-0.0404,-0.0863,-0.16,-18.2,37.96875,37.18125,38.19375,37.18125,0.16460396,0.181930693,0.159653465,0.181930693,train/episode_158/images/ZED_LEFT/ZED_LEFT_20251122_112750_984344.jpg,train/episode_158/images/road_img/ZED_LEFT_20251122_112750_984344.jpg,0.6
20251122_112751_234344,44.83125,-0.0217,-0.0935,0.11,-20.2,38.025,37.4625,38.25,37.575,0.151819322,0.164366374,0.146800502,0.161856964,train/episode_158/images/ZED_LEFT/ZED_LEFT_20251122_112751_234344.jpg,train/episode_158/images/road_img/ZED_LEFT_20251122_112751_234344.jpg,0.6
20251122_112751_484344,44.49375,-0.0304,-0.076,0.04,-23.2,38.3625,37.74375,38.5875,37.6875,0.137800253,0.1517067,0.132743363,0.152970923,train/episode_158/images/ZED_LEFT/ZED_LEFT_20251122_112751_484344.jpg,train/episode_158/images/road_img/ZED_LEFT_20251122_112751_484344.jpg,0.6
20251122_112751_734344,43.875,0.0094,-0.0724,-0.27,-28.9,38.475,37.575,38.7,38.08125,0.123076923,0.143589744,0.117948718,0.132051282,train/episode_158/images/ZED_LEFT/ZED_LEFT_20251122_112751_734344.jpg,train/episode_158/images/road_img/ZED_LEFT_20251122_112751_734344.jpg,0.6
20251122_112751_984344,43.425,0.0075,-0.0865,-0.44,-28.9,38.5875,37.63125,38.86875,37.8,0.111398964,0.133419689,0.10492228,0.129533679,train/episode_158/images/ZED_LEFT/ZED_LEFT_20251122_112751_984344.jpg,train/episode_158/images/road_img/ZED_LEFT_20251122_112751_984344.jpg,0.6
20251122_112752_234344,42.975,-0.0199,-0.0667,-0.17,-28.3,38.75625,37.85625,38.86875,38.08125,0.098167539,0.119109948,0.095549738,0.113874346,train/episode_158/images/ZED_LEFT/ZED_LEFT_20251122_112752_234344.jpg,train/episode_158/images/road_img/ZED_LEFT_20251122_112752_234344.jpg,0.6
20251122_112752_484344,42.4125,-0.0393,-0.1131,0.08,-23.4,38.75625,37.96875,39.0375,38.19375,0.086206897,0.104774536,0.079575597,0.099469496,train/episode_158/images/ZED_LEFT/ZED_LEFT_20251122_112752_484344.jpg,train/episode_158/images/road_img/ZED_LEFT_20251122_112752_484344.jpg,0.6
20251122_112752_734344,41.7375,-0.0439,-0.0112,0.56,-13.9,38.86875,38.3625,39.20625,38.5875,0.068733154,0.080862534,0.0606469,0.075471698,train/episode_158/images/ZED_LEFT/ZED_LEFT_20251122_112752_734344.jpg,train/episode_158/images/road_img/ZED_LEFT_20251122_112752_734344.jpg,0.6
20251122_112752_984344,41.56875,0.0666,-0.1039,-0.08,-11.4,38.98125,38.5875,39.2625,38.64375,0.062246279,0.071718539,0.055480379,0.070365359,train/episode_158/images/ZED_LEFT/ZED_LEFT_20251122_112752_984344.jpg,train/episode_158/images/road_img/ZED_LEFT_20251122_112752_984344.jpg,0.6
20251122_112753_234344,41.4,0.0761,-0.0948,1.35,-2.9,39.15,38.64375,39.4875,39.20625,0.054347826,0.066576087,0.046195652,0.05298913,train/episode_158/images/ZED_LEFT/ZED_LEFT_20251122_112753_234344.jpg,train/episode_158/images/road_img/ZED_LEFT_20251122_112753_234344.jpg,0.6
20251122_112753_484344,40.3875,-0.0266,-0.042,-0.07,-2,39.65625,39.4875,39.09375,39.375,0.01810585,0.022284123,0.032033426,0.025069638,train/episode_158/images/ZED_LEFT/ZED_LEFT_20251122_112753_484344.jpg,train/episode_158/images/road_img/ZED_LEFT_20251122_112753_484344.jpg,0.6
20251122_112753_734344,40.05,0.0215,0.0053,-1.2,5.4,40.21875,40.275,40.66875,40.5,-0.004213483,-0.005617978,-0.015449438,-0.011235955,train/episode_158/images/ZED_LEFT/ZED_LEFT_20251122_112753_734344.jpg,train/episode_158/images/road_img/ZED_LEFT_20251122_112753_734344.jpg,0.6
20251122_112753_984344,39.65625,-0.0259,-0.1104,-0.01,5.3,40.8375,40.8375,41.34375,41.175,-0.029787234,-0.029787234,-0.042553191,-0.038297872,train/episode_158/images/ZED_LEFT/ZED_LEFT_20251122_112753_984344.jpg,train/episode_158/images/road_img/ZED_LEFT_20251122_112753_984344.jpg,0.6
20251122_112754_234344,39.2625,0.0466,-0.0829,0.05,5.3,41.4,41.45625,41.90625,41.7375,-0.054441261,-0.055873926,-0.067335244,-0.063037249,train/episode_158/images/ZED_LEFT/ZED_LEFT_20251122_112754_234344.jpg,train/episode_158/images/road_img/ZED_LEFT_20251122_112754_234344.jpg,0.6
20251122_112754_484344,38.925,0.0042,0.0104,0,5.3,42.075,42.075,42.35625,42.3,-0.080924855,-0.080924855,-0.088150289,-0.086705202,train/episode_158/images/ZED_LEFT/ZED_LEFT_20251122_112754_484344.jpg,train/episode_158/images/road_img/ZED_LEFT_20251122_112754_484344.jpg,0.6
20251122_112754_734344,39.09375,-0.0111,-0.0068,0.23,5.4,42.6375,42.58125,43.03125,42.91875,-0.090647482,-0.089208633,-0.100719424,-0.097841727,train/episode_158/images/ZED_LEFT/ZED_LEFT_20251122_112754_734344.jpg,train/episode_158/images/road_img/ZED_LEFT_20251122_112754_734344.jpg,0.6
20251122_112754_984344,39.09375,-0.0122,-0.0153,0.15,5.5,43.14375,43.2,43.3125,43.48125,-0.103597122,-0.105035971,-0.107913669,-0.112230216,train/episode_158/images/ZED_LEFT/ZED_LEFT_20251122_112754_984344.jpg,train/episode_158/images/road_img/ZED_LEFT_20251122_112754_984344.jpg,0.6
20251122_112755_234344,38.98125,-0.041,-0.0115,0.63,5.5,43.875,43.93125,44.15625,44.15625,-0.125541126,-0.126984127,-0.132756133,-0.132756133,train/episode_158/images/ZED_LEFT/ZED_LEFT_20251122_112755_234344.jpg,train/episode_158/images/road_img/ZED_LEFT_20251122_112755_234344.jpg,0.6
20251122_112755_484344,38.98125,-0.049,-0.0061,0.8,5.5,44.38125,44.325,44.83125,44.71875,-0.138528139,-0.137085137,-0.15007215,-0.147186147,train/episode_158/images/ZED_LEFT/ZED_LEFT_20251122_112755_484344.jpg,train/episode_158/images/road_img/ZED_LEFT_20251122_112755_484344.jpg,0.6
20251122_112755_734344,38.8125,-0.0235,-0.0153,0.67,6.6,45.05625,45.05625,45.50625,45.39375,-0.160869565,-0.160869565,-0.172463768,-0.169565217,train/episode_158/images/ZED_LEFT/ZED_LEFT_20251122_112755_734344.jpg,train/episode_158/images/road_img/ZED_LEFT_20251122_112755_734344.jpg,0.6
20251122_112755_984344,38.86875,-0.017,-0.0183,0.11,8.3,45.5625,45.5625,45.7875,45.84375,-0.172214182,-0.172214182,-0.178002894,-0.179450072,train/episode_158/images/ZED_LEFT/ZED_LEFT_20251122_112755_984344.jpg,train/episode_158/images/road_img/ZED_LEFT_20251122_112755_984344.jpg,0.6
20251122_112756_234344,38.8125,0.019,-0.0009,-0.44,9.7,46.06875,46.125,46.51875,46.40625,-0.186956522,-0.188405797,-0.198550725,-0.195652174,train/episode_158/images/ZED_LEFT/ZED_LEFT_20251122_112756_234344.jpg,train/episode_158/images/road_img/ZED_LEFT_20251122_112756_234344.jpg,0.6
20251122_112756_484344,38.7,0.0187,-0.015,-0.31,8.5,46.29375,46.40625,46.63125,46.51875,-0.19622093,-0.199127907,-0.20494186,-0.202034884,train/episode_158/images/ZED_LEFT/ZED_LEFT_20251122_112756_484344.jpg,train/episode_158/images/road_img/ZED_LEFT_20251122_112756_484344.jpg,0.6
20251122_112756_734344,38.7,0.0068,-0.0223,0.25,7.1,46.35,46.35,46.6875,46.51875,-0.197674419,-0.197674419,-0.206395349,-0.202034884,train/episode_158/images/ZED_LEFT/ZED_LEFT_20251122_112756_734344.jpg,train/episode_158/images/road_img/ZED_LEFT_20251122_112756_734344.jpg,0.6
20251122_112756_984344,38.5875,-0.0246,-0.0151,0.66,6.9,46.40625,46.35,46.74375,46.575,-0.202623907,-0.201166181,-0.211370262,-0.206997085,train/episode_158/images/ZED_LEFT/ZED_LEFT_20251122_112756_984344.jpg,train/episode_158/images/road_img/ZED_LEFT_20251122_112756_984344.jpg,0.6
20251122_112757_234344,38.64375,0.0063,-0.0456,0.46,7.6,46.35,46.40625,46.8,46.575,-0.199417758,-0.200873362,-0.211062591,-0.205240175,train/episode_158/images/ZED_LEFT/ZED_LEFT_20251122_112757_234344.jpg,train/episode_158/images/road_img/ZED_LEFT_20251122_112757_234344.jpg,0.6
20251122_112757_484344,38.475,-0.0789,-0.0098,0.52,9.1,46.575,46.63125,46.8,46.8,-0.210526316,-0.211988304,-0.216374269,-0.216374269,train/episode_158/images/ZED_LEFT/ZED_LEFT_20251122_112757_484344.jpg,train/episode_158/images/road_img/ZED_LEFT_20251122_112757_484344.jpg,0.6
20251122_112757_734344,38.41875,-0.0125,-0.0313,0.71,10.3,46.63125,46.74375,46.9125,46.96875,-0.213762811,-0.216691069,-0.221083455,-0.222547584,train/episode_158/images/ZED_LEFT/ZED_LEFT_20251122_112757_734344.jpg,train/episode_158/images/road_img/ZED_LEFT_20251122_112757_734344.jpg,0.6
20251122_112757_984344,38.41875,-0.0334,-0.0021,0.19,8.4,46.74375,46.6875,47.025,47.08125,-0.216691069,-0.21522694,-0.224011713,-0.225475842,train/episode_158/images/ZED_LEFT/ZED_LEFT_20251122_112757_984344.jpg,train/episode_158/images/road_img/ZED_LEFT_20251122_112757_984344.jpg,0.6
20251122_112758_234344,38.3625,-0.0145,-0.0118,0.23,7.8,46.96875,46.96875,47.08125,47.025,-0.224340176,-0.224340176,-0.227272727,-0.225806452,train/episode_158/images/ZED_LEFT/ZED_LEFT_20251122_112758_234344.jpg,train/episode_158/images/road_img/ZED_LEFT_20251122_112758_234344.jpg,0.6
20251122_112758_484344,38.3625,-0.0148,-0.0071,-0.11,7,47.08125,47.1375,47.30625,47.3625,-0.227272727,-0.228739003,-0.23313783,-0.234604106,train/episode_158/images/ZED_LEFT/ZED_LEFT_20251122_112758_484344.jpg,train/episode_158/images/road_img/ZED_LEFT_20251122_112758_484344.jpg,0.6
20251122_112758_734344,38.30625,-0.0201,-0.0128,-0.13,7.1,47.1375,47.19375,47.5875,47.475,-0.230543319,-0.232011747,-0.242290749,-0.239353891,train/episode_158/images/ZED_LEFT/ZED_LEFT_20251122_112758_734344.jpg,train/episode_158/images/road_img/ZED_LEFT_20251122_112758_734344.jpg,0.6
20251122_112758_984344,38.3625,-0.0008,-0.0101,-0.23,7.1,47.3625,47.25,47.5875,47.475,-0.234604106,-0.231671554,-0.240469208,-0.237536657,train/episode_158/images/ZED_LEFT/ZED_LEFT_20251122_112758_984344.jpg,train/episode_158/images/road_img/ZED_LEFT_20251122_112758_984344.jpg,0.6
20251122_112759_234344,38.25,0.0163,-0.0079,-0.28,7.4,47.5875,47.5875,47.925,47.8125,-0.244117647,-0.244117647,-0.252941176,-0.25,train/episode_158/images/ZED_LEFT/ZED_LEFT_20251122_112759_234344.jpg,train/episode_158/images/road_img/ZED_LEFT_20251122_112759_234344.jpg,0.6
20251122_112759_484344,38.25,0.0148,-0.0061,-0.2,7.6,47.75625,47.75625,48.09375,48.15,-0.248529412,-0.248529412,-0.257352941,-0.258823529,train/episode_158/images/ZED_LEFT/ZED_LEFT_20251122_112759_484344.jpg,train/episode_158/images/road_img/ZED_LEFT_20251122_112759_484344.jpg,0.6
20251122_112759_734344,38.1375,0.0108,-0.019,-0.03,7.7,48.09375,48.0375,48.375,48.2625,-0.261061947,-0.259587021,-0.268436578,-0.265486726,train/episode_158/images/ZED_LEFT/ZED_LEFT_20251122_112759_734344.jpg,train/episode_158/images/road_img/ZED_LEFT_20251122_112759_734344.jpg,0.6
20251122_112759_984344,38.08125,0.0135,-0.0159,-0.32,7.7,48.31875,48.31875,48.65625,48.54375,-0.268833087,-0.268833087,-0.277695716,-0.274741507,train/episode_158/images/ZED_LEFT/ZED_LEFT_20251122_112759_984344.jpg,train/episode_158/images/road_img/ZED_LEFT_20251122_112759_984344.jpg,0.6
20251122_112800_234344,38.1375,0.0174,-0.0341,-0.08,7.6,48.54375,48.65625,48.9375,48.9375,-0.272861357,-0.275811209,-0.283185841,-0.283185841,train/episode_158/images/ZED_LEFT/ZED_LEFT_20251122_112800_234344.jpg,train/episode_158/images/road_img/ZED_LEFT_20251122_112800_234344.jpg,0.6
20251122_112800_484344,38.025,-0.0035,-0.0197,-0.31,7.6,48.76875,48.76875,49.10625,48.99375,-0.282544379,-0.282544379,-0.291420118,-0.288461538,train/episode_158/images/ZED_LEFT/ZED_LEFT_20251122_112800_484344.jpg,train/episode_158/images/road_img/ZED_LEFT_20251122_112800_484344.jpg,0.6
20251122_112800_734344,37.96875,0.0124,-0.0208,-0.1,7.6,49.05,48.99375,49.3875,49.33125,-0.291851852,-0.29037037,-0.300740741,-0.299259259,train/episode_158/images/ZED_LEFT/ZED_LEFT_20251122_112800_734344.jpg,train/episode_158/images/road_img/ZED_LEFT_20251122_112800_734344.jpg,0.6
20251122_112800_984344,37.9125,-0.0183,-0.0102,-0.27,7.6,49.275,49.33125,49.55625,49.5,-0.299703264,-0.301186944,-0.307121662,-0.305637982,train/episode_158/images/ZED_LEFT/ZED_LEFT_20251122_112800_984344.jpg,train/episode_158/images/road_img/ZED_LEFT_20251122_112800_984344.jpg,0.6
20251122_112801_234344,37.8,-0.0159,-0.0033,-0.01,5.9,49.44375,49.44375,49.78125,49.55625,-0.308035714,-0.308035714,-0.316964286,-0.311011905,train/episode_158/images/ZED_LEFT/ZED_LEFT_20251122_112801_234344.jpg,train/episode_158/images/road_img/ZED_LEFT_20251122_112801_234344.jpg,0.6
20251122_112801_484344,37.85625,-0.0356,0.0096,-0.55,6,49.3875,49.44375,49.55625,49.5,-0.304606241,-0.306092125,-0.309063893,-0.307578009,train/episode_158/images/ZED_LEFT/ZED_LEFT_20251122_112801_484344.jpg,train/episode_158/images/road_img/ZED_LEFT_20251122_112801_484344.jpg,0.6
20251122_112801_734344,37.63125,-0.0169,-0.0064,0.23,6,49.1625,49.1625,49.3875,49.275,-0.306427504,-0.306427504,-0.312406577,-0.30941704,train/episode_158/images/ZED_LEFT/ZED_LEFT_20251122_112801_734344.jpg,train/episode_158/images/road_img/ZED_LEFT_20251122_112801_734344.jpg,0.6
20251122_112801_984344,37.6875,0.0057,-0.0143,0.52,6.5,48.88125,48.88125,49.1625,49.05,-0.297014925,-0.297014925,-0.304477612,-0.301492537,train/episode_158/images/ZED_LEFT/ZED_LEFT_20251122_112801_984344.jpg,train/episode_158/images/road_img/ZED_LEFT_20251122_112801_984344.jpg,0.6
20251122_112802_234344,37.6875,-0.054,-0.0284,1.23,8.2,48.6,48.6,48.76875,48.825,-0.289552239,-0.289552239,-0.294029851,-0.295522388,train/episode_158/images/ZED_LEFT/ZED_LEFT_20251122_112802_234344.jpg,train/episode_158/images/road_img/ZED_LEFT_20251122_112802_234344.jpg,0.6
20251122_112802_484344,37.6875,-0.0131,-0.0521,1.99,8.3,48.375,48.31875,48.65625,48.65625,-0.28358209,-0.282089552,-0.291044776,-0.291044776,train/episode_158/images/ZED_LEFT/ZED_LEFT_20251122_112802_484344.jpg,train/episode_158/images/road_img/ZED_LEFT_20251122_112802_484344.jpg,0.6
20251122_112802_734344,37.575,-0.0729,0.0029,2.35,7.3,48.09375,48.2625,48.2625,48.2625,-0.27994012,-0.284431138,-0.284431138,-0.284431138,train/episode_158/images/ZED_LEFT/ZED_LEFT_20251122_112802_734344.jpg,train/episode_158/images/road_img/ZED_LEFT_20251122_112802_734344.jpg,0.6
20251122_112802_984344,37.4625,-0.0745,-0.0087,2.98,6.5,48.0375,48.0375,48.54375,48.31875,-0.282282282,-0.282282282,-0.295795796,-0.28978979,train/episode_158/images/ZED_LEFT/ZED_LEFT_20251122_112802_984344.jpg,train/episode_158/images/road_img/ZED_LEFT_20251122_112802_984344.jpg,0.6
20251122_112803_234344,37.51875,-0.065,-0.037,3.61,5.8,47.86875,48.15,48.09375,48.0375,-0.275862069,-0.283358321,-0.28185907,-0.28035982,train/episode_158/images/ZED_LEFT/ZED_LEFT_20251122_112803_234344.jpg,train/episode_158/images/road_img/ZED_LEFT_20251122_112803_234344.jpg,0.6
20251122_112803_484344,37.2375,-0.0716,-0.0501,4.26,5.7,48.15,48.2625,48.4875,47.5875,-0.29305136,-0.296072508,-0.302114804,-0.277945619,train/episode_158/images/ZED_LEFT/ZED_LEFT_20251122_112803_484344.jpg,train/episode_158/images/road_img/ZED_LEFT_20251122_112803_484344.jpg,0.6
20251122_112803_734344,36.7875,-0.1092,-0.0971,5.25,5.8,47.475,47.025,48.4875,47.7,-0.290519878,-0.278287462,-0.318042813,-0.296636086,train/episode_158/images/ZED_LEFT/ZED_LEFT_20251122_112803_734344.jpg,train/episode_158/images/road_img/ZED_LEFT_20251122_112803_734344.jpg,0.6
20251122_112803_984344,36.50625,-0.0996,-0.0663,5.31,5.8,47.98125,47.7,47.925,47.5875,-0.314329738,-0.306625578,-0.312788906,-0.303543914,train/episode_158/images/ZED_LEFT/ZED_LEFT_20251122_112803_984344.jpg,train/episode_158/images/road_img/ZED_LEFT_20251122_112803_984344.jpg,0.6
20251122_112804_234344,36.225,-0.148,-0.0499,5.9,6.2,46.63125,46.51875,47.475,46.96875,-0.287267081,-0.284161491,-0.310559006,-0.296583851,train/episode_158/images/ZED_LEFT/ZED_LEFT_20251122_112804_234344.jpg,train/episode_158/images/road_img/ZED_LEFT_20251122_112804_234344.jpg,0.6
20251122_112804_484344,35.94375,-0.1078,-0.034,6.88,7.1,47.08125,47.08125,47.3625,47.19375,-0.309859155,-0.309859155,-0.317683881,-0.312989045,train/episode_158/images/ZED_LEFT/ZED_LEFT_20251122_112804_484344.jpg,train/episode_158/images/road_img/ZED_LEFT_20251122_112804_484344.jpg,0.6
20251122_112804_734344,35.6625,-0.1604,-0.0506,7.15,9.5,46.96875,47.08125,47.30625,47.1375,-0.3170347,-0.320189274,-0.326498423,-0.321766562,train/episode_158/images/ZED_LEFT/ZED_LEFT_20251122_112804_734344.jpg,train/episode_158/images/road_img/ZED_LEFT_20251122_112804_734344.jpg,0.6
20251122_112804_984344,35.6625,-0.1619,0.0187,7.63,9.8,46.96875,47.19375,47.53125,47.30625,-0.3170347,-0.323343849,-0.332807571,-0.326498423,train/episode_158/images/ZED_LEFT/ZED_LEFT_20251122_112804_984344.jpg,train/episode_158/images/road_img/ZED_LEFT_20251122_112804_984344.jpg,0.6
20251122_112805_234344,35.71875,-0.1659,0.0207,7.49,10.1,47.1375,47.1375,47.30625,47.475,-0.319685039,-0.319685039,-0.324409449,-0.329133858,train/episode_158/images/ZED_LEFT/ZED_LEFT_20251122_112805_234344.jpg,train/episode_158/images/road_img/ZED_LEFT_20251122_112805_234344.jpg,0.6
20251122_112805_484344,35.83125,-0.1583,-0.0131,7.64,10,47.025,47.1375,47.41875,47.3625,-0.312401884,-0.315541601,-0.323390895,-0.321821036,train/episode_158/images/ZED_LEFT/ZED_LEFT_20251122_112805_484344.jpg,train/episode_158/images/road_img/ZED_LEFT_20251122_112805_484344.jpg,0.6
20251122_112805_734344,35.8875,-0.1781,0.0108,7.78,10,46.85625,47.1375,47.25,47.1375,-0.305642633,-0.313479624,-0.31661442,-0.313479624,train/episode_158/images/ZED_LEFT/ZED_LEFT_20251122_112805_734344.jpg,train/episode_158/images/road_img/ZED_LEFT_20251122_112805_734344.jpg,0.6
20251122_112805_984344,35.94375,-0.1667,0.0104,7.57,10,46.8,46.96875,47.30625,47.3625,-0.302034429,-0.306729264,-0.316118936,-0.317683881,train/episode_158/images/ZED_LEFT/ZED_LEFT_20251122_112805_984344.jpg,train/episode_158/images/road_img/ZED_LEFT_20251122_112805_984344.jpg,0.6
20251122_112806_234344,35.94375,-0.1692,0.0009,7.57,10,46.96875,47.1375,47.41875,47.30625,-0.306729264,-0.3114241,-0.319248826,-0.316118936,train/episode_158/images/ZED_LEFT/ZED_LEFT_20251122_112806_234344.jpg,train/episode_158/images/road_img/ZED_LEFT_20251122_112806_234344.jpg,0.6
20251122_112806_484344,35.94375,-0.1711,0.0059,7.4,7.7,46.9125,47.08125,47.41875,47.25,-0.305164319,-0.309859155,-0.319248826,-0.314553991,train/episode_158/images/ZED_LEFT/ZED_LEFT_20251122_112806_484344.jpg,train/episode_158/images/road_img/ZED_LEFT_20251122_112806_484344.jpg,0.6
20251122_112806_734344,35.94375,-0.1616,-0.0051,7.18,4.4,47.1375,47.19375,47.475,47.3625,-0.3114241,-0.312989045,-0.320813772,-0.317683881,train/episode_158/images/ZED_LEFT/ZED_LEFT_20251122_112806_734344.jpg,train/episode_158/images/road_img/ZED_LEFT_20251122_112806_734344.jpg,0.6
20251122_112806_984344,35.94375,-0.1593,0.008,6.55,5.3,47.30625,47.41875,47.5875,47.3625,-0.316118936,-0.319248826,-0.323943662,-0.317683881,train/episode_158/images/ZED_LEFT/ZED_LEFT_20251122_112806_984344.jpg,train/episode_158/images/road_img/ZED_LEFT_20251122_112806_984344.jpg,0.6
20251122_112807_234344,35.8875,-0.0785,-0.0219,4.79,6.3,47.025,47.19375,47.53125,47.1375,-0.310344828,-0.315047022,-0.324451411,-0.313479624,train/episode_158/images/ZED_LEFT/ZED_LEFT_20251122_112807_234344.jpg,train/episode_158/images/road_img/ZED_LEFT_20251122_112807_234344.jpg,0.6
20251122_112807_484344,35.83125,-0.0807,-0.0279,3.23,9.7,47.1375,47.30625,47.08125,47.1375,-0.315541601,-0.320251177,-0.313971743,-0.315541601,train/episode_158/images/ZED_LEFT/ZED_LEFT_20251122_112807_484344.jpg,train/episode_158/images/road_img/ZED_LEFT_20251122_112807_484344.jpg,0.6
20251122_112807_734344,35.6625,-0.0777,-0.0067,1.96,9.5,46.96875,47.1375,47.41875,47.3625,-0.3170347,-0.321766562,-0.329652997,-0.32807571,train/episode_158/images/ZED_LEFT/ZED_LEFT_20251122_112807_734344.jpg,train/episode_158/images/road_img/ZED_LEFT_20251122_112807_734344.jpg,0.6
20251122_112807_984344,35.49375,-0.0291,-0.0064,0.93,9.4,47.30625,47.475,47.75625,47.75625,-0.332805071,-0.337559429,-0.34548336,-0.34548336,train/episode_158/images/ZED_LEFT/ZED_LEFT_20251122_112807_984344.jpg,train/episode_158/images/road_img/ZED_LEFT_20251122_112807_984344.jpg,0.6
20251122_112808_234344,35.325,0.044,-0.0257,0.9,12.8,47.64375,47.75625,47.86875,47.925,-0.348726115,-0.351910828,-0.355095541,-0.356687898,train/episode_158/images/ZED_LEFT/ZED_LEFT_20251122_112808_234344.jpg,train/episode_158/images/road_img/ZED_LEFT_20251122_112808_234344.jpg,0.6
20251122_112808_484344,35.325,0.0136,-0.018,0.11,10.6,47.925,48.09375,48.43125,48.4875,-0.356687898,-0.361464968,-0.371019108,-0.372611465,train/episode_158/images/ZED_LEFT/ZED_LEFT_20251122_112808_484344.jpg,train/episode_158/images/road_img/ZED_LEFT_20251122_112808_484344.jpg,0.6
20251122_112808_734344,35.2125,-0.0067,-0.0283,0,5.8,48.31875,48.2625,48.76875,48.54375,-0.372204473,-0.370607029,-0.384984026,-0.378594249,train/episode_158/images/ZED_LEFT/ZED_LEFT_20251122_112808_734344.jpg,train/episode_158/images/road_img/ZED_LEFT_20251122_112808_734344.jpg,0.6
20251122_112808_984344,35.15625,-0.0199,-0.0008,1.46,5.3,48.6,48.6,48.99375,48.88125,-0.3824,-0.3824,-0.3936,-0.3904,train/episode_158/images/ZED_LEFT/ZED_LEFT_20251122_112808_984344.jpg,train/episode_158/images/road_img/ZED_LEFT_20251122_112808_984344.jpg,0.6
20251122_112809_234344,35.15625,-0.0214,-0.0009,0.28,6.2,48.76875,48.7125,49.275,49.05,-0.3872,-0.3856,-0.4016,-0.3952,train/episode_158/images/ZED_LEFT/ZED_LEFT_20251122_112809_234344.jpg,train/episode_158/images/road_img/ZED_LEFT_20251122_112809_234344.jpg,0.6
20251122_112809_484344,35.15625,0.0629,-0.0144,0.9,13.3,49.1625,49.1625,49.3875,49.5,-0.3984,-0.3984,-0.4048,-0.408,train/episode_158/images/ZED_LEFT/ZED_LEFT_20251122_112809_484344.jpg,train/episode_158/images/road_img/ZED_LEFT_20251122_112809_484344.jpg,0.6
20251122_112809_734344,35.04375,0.0251,-0.0131,0.77,16.5,49.275,49.55625,49.725,49.78125,-0.406099518,-0.414125201,-0.41894061,-0.420545746,train/episode_158/images/ZED_LEFT/ZED_LEFT_20251122_112809_734344.jpg,train/episode_158/images/road_img/ZED_LEFT_20251122_112809_734344.jpg,0.6
20251122_112809_984344,35.26875,0.0664,-0.0385,0.71,13.7,49.725,50.00625,50.175,50.175,-0.409888357,-0.417862839,-0.422647528,-0.422647528,train/episode_158/images/ZED_LEFT/ZED_LEFT_20251122_112809_984344.jpg,train/episode_158/images/road_img/ZED_LEFT_20251122_112809_984344.jpg,0.6
20251122_112810_234344,34.875,-0.0049,0.0108,0.77,12.5,49.95,50.2875,50.45625,50.5125,-0.432258065,-0.441935484,-0.446774194,-0.448387097,train/episode_158/images/ZED_LEFT/ZED_LEFT_20251122_112810_234344.jpg,train/episode_158/images/road_img/ZED_LEFT_20251122_112810_234344.jpg,0.6
20251122_112810_484344,34.7625,0.1552,-0.0518,0.27,12.2,50.175,50.34375,50.625,50.625,-0.443365696,-0.448220065,-0.45631068,-0.45631068,train/episode_158/images/ZED_LEFT/ZED_LEFT_20251122_112810_484344.jpg,train/episode_158/images/road_img/ZED_LEFT_20251122_112810_484344.jpg,0.6
20251122_112810_734344,35.325,-0.0219,-0.0315,-0.84,12.6,50.5125,50.79375,50.9625,50.9625,-0.429936306,-0.437898089,-0.442675159,-0.442675159,train/episode_158/images/ZED_LEFT/ZED_LEFT_20251122_112810_734344.jpg,train/episode_158/images/road_img/ZED_LEFT_20251122_112810_734344.jpg,0.6
20251122_112810_984344,35.1,0.0278,0.0524,1.86,12.6,50.68125,50.90625,51.1875,51.24375,-0.443910256,-0.450320513,-0.458333333,-0.459935897,train/episode_158/images/ZED_LEFT/ZED_LEFT_20251122_112810_984344.jpg,train/episode_158/images/road_img/ZED_LEFT_20251122_112810_984344.jpg,0.6
20251122_112811_234344,34.81875,-0.1885,0.0095,0.43,12.2,51.01875,51.1875,51.525,51.525,-0.465266559,-0.470113086,-0.479806139,-0.479806139,train/episode_158/images/ZED_LEFT/ZED_LEFT_20251122_112811_234344.jpg,train/episode_158/images/road_img/ZED_LEFT_20251122_112811_234344.jpg,0.6
20251122_112811_484344,35.1,0.0153,0.0051,0,10.5,51.4125,51.525,51.975,51.8625,-0.46474359,-0.467948718,-0.480769231,-0.477564103,train/episode_158/images/ZED_LEFT/ZED_LEFT_20251122_112811_484344.jpg,train/episode_158/images/road_img/ZED_LEFT_20251122_112811_484344.jpg,0.6
20251122_112811_734344,35.15625,0.0133,-0.0094,-0.47,8.6,52.25625,52.25625,52.65,52.65,-0.4864,-0.4864,-0.4976,-0.4976,train/episode_158/images/ZED_LEFT/ZED_LEFT_20251122_112811_734344.jpg,train/episode_158/images/road_img/ZED_LEFT_20251122_112811_734344.jpg,0.6
20251122_112811_984344,35.1,0.0181,0.018,-0.24,7.6,52.48125,52.65,52.81875,52.9875,-0.495192308,-0.5,-0.504807692,-0.509615385,train/episode_158/images/ZED_LEFT/ZED_LEFT_20251122_112811_984344.jpg,train/episode_158/images/road_img/ZED_LEFT_20251122_112811_984344.jpg,0.6
20251122_112812_234344,35.15625,0.0163,0.0145,-0.13,7.5,53.325,53.26875,53.60625,53.6625,-0.5168,-0.5152,-0.5248,-0.5264,train/episode_158/images/ZED_LEFT/ZED_LEFT_20251122_112812_234344.jpg,train/episode_158/images/road_img/ZED_LEFT_20251122_112812_234344.jpg,0.6
20251122_112812_484344,35.4375,0.0005,0.0235,-0.16,6.3,53.6625,53.71875,54.1125,54.05625,-0.514285714,-0.515873016,-0.526984127,-0.525396825,train/episode_158/images/ZED_LEFT/ZED_LEFT_20251122_112812_484344.jpg,train/episode_158/images/road_img/ZED_LEFT_20251122_112812_484344.jpg,0.6
20251122_112812_734344,35.94375,0.0441,0.0214,-0.86,0.5,54.3375,54.16875,54.84375,54.5625,-0.511737089,-0.507042254,-0.525821596,-0.51799687,train/episode_158/images/ZED_LEFT/ZED_LEFT_20251122_112812_734344.jpg,train/episode_158/images/road_img/ZED_LEFT_20251122_112812_734344.jpg,0.6
20251122_112812_984344,36.1125,0.0404,0.0548,-0.07,-3.6,54.73125,54.50625,55.18125,54.84375,-0.515576324,-0.509345794,-0.528037383,-0.518691589,train/episode_158/images/ZED_LEFT/ZED_LEFT_20251122_112812_984344.jpg,train/episode_158/images/road_img/ZED_LEFT_20251122_112812_984344.jpg,0.6
20251122_112813_234344,36.16875,-0.0167,0.066,-0.8,-3.6,55.4625,55.125,55.8,55.2375,-0.533437014,-0.524105754,-0.542768274,-0.527216174,train/episode_158/images/ZED_LEFT/ZED_LEFT_20251122_112813_234344.jpg,train/episode_158/images/road_img/ZED_LEFT_20251122_112813_234344.jpg,0.6
20251122_112813_484344,36.61875,0.0625,0.0244,-0.55,-3.2,55.51875,55.125,56.19375,55.74375,-0.516129032,-0.505376344,-0.534562212,-0.522273425,train/episode_158/images/ZED_LEFT/ZED_LEFT_20251122_112813_484344.jpg,train/episode_158/images/road_img/ZED_LEFT_20251122_112813_484344.jpg,0.6
20251122_112813_734344,37.0125,0.0433,0.0532,-1.03,-1,56.08125,55.6875,56.475,56.025,-0.515197568,-0.504559271,-0.525835866,-0.513677812,train/episode_158/images/ZED_LEFT/ZED_LEFT_20251122_112813_734344.jpg,train/episode_158/images/road_img/ZED_LEFT_20251122_112813_734344.jpg,0.6
20251122_112813_984344,37.18125,-0.0052,0.0657,-1.8,3.3,56.1375,56.08125,56.5875,56.30625,-0.509833585,-0.508320726,-0.52193646,-0.514372163,train/episode_158/images/ZED_LEFT/ZED_LEFT_20251122_112813_984344.jpg,train/episode_158/images/road_img/ZED_LEFT_20251122_112813_984344.jpg,0.6
20251122_112814_234344,37.35,0.0135,0.0417,-3.12,6.1,56.19375,56.19375,56.64375,56.53125,-0.504518072,-0.504518072,-0.516566265,-0.513554217,train/episode_158/images/ZED_LEFT/ZED_LEFT_20251122_112814_234344.jpg,train/episode_158/images/road_img/ZED_LEFT_20251122_112814_234344.jpg,0.6
20251122_112814_484344,37.575,0.0844,0.0173,-2.73,6,56.25,56.30625,56.5875,56.41875,-0.497005988,-0.498502994,-0.505988024,-0.501497006,train/episode_158/images/ZED_LEFT/ZED_LEFT_20251122_112814_484344.jpg,train/episode_158/images/road_img/ZED_LEFT_20251122_112814_484344.jpg,0.6
20251122_112814_734344,37.575,0.0071,0.0232,-5.12,6.1,56.25,56.3625,56.75625,56.7,-0.497005988,-0.5,-0.510479042,-0.508982036,train/episode_158/images/ZED_LEFT/ZED_LEFT_20251122_112814_734344.jpg,train/episode_158/images/road_img/ZED_LEFT_20251122_112814_734344.jpg,0.6
20251122_112814_984344,37.29375,0.2015,-0.0029,-5.77,6.5,56.475,56.53125,57.0375,56.8125,-0.514328808,-0.515837104,-0.529411765,-0.523378582,train/episode_158/images/ZED_LEFT/ZED_LEFT_20251122_112814_984344.jpg,train/episode_158/images/road_img/ZED_LEFT_20251122_112814_984344.jpg,0.6
20251122_112815_234344,37.4625,0.1217,0.0048,-6.35,7.1,56.7,56.64375,57.09375,57.0375,-0.513513514,-0.512012012,-0.524024024,-0.522522523,train/episode_158/images/ZED_LEFT/ZED_LEFT_20251122_112815_234344.jpg,train/episode_158/images/road_img/ZED_LEFT_20251122_112815_234344.jpg,0.6
20251122_112815_484344,37.6875,0.1343,0.019,-5.65,7.1,56.8125,57.0375,57.31875,57.31875,-0.507462687,-0.513432836,-0.520895522,-0.520895522,train/episode_158/images/ZED_LEFT/ZED_LEFT_20251122_112815_484344.jpg,train/episode_158/images/road_img/ZED_LEFT_20251122_112815_484344.jpg,0.6
20251122_112815_734344,37.6875,0.0899,0.0277,-5.95,9.1,57.0375,57.0375,57.7125,57.43125,-0.513432836,-0.513432836,-0.531343284,-0.523880597,train/episode_158/images/ZED_LEFT/ZED_LEFT_20251122_112815_734344.jpg,train/episode_158/images/road_img/ZED_LEFT_20251122_112815_734344.jpg,0.6
20251122_112815_984344,38.025,0.1594,-0.0167,-6.19,10.5,57.2625,57.31875,57.88125,57.43125,-0.50591716,-0.50739645,-0.522189349,-0.51035503,train/episode_158/images/ZED_LEFT/ZED_LEFT_20251122_112815_984344.jpg,train/episode_158/images/road_img/ZED_LEFT_20251122_112815_984344.jpg,0.6
20251122_112816_234344,38.08125,0.1701,0.0244,-7.35,10.4,57.65625,57.7125,58.05,58.33125,-0.514032496,-0.515509601,-0.52437223,-0.531757755,train/episode_158/images/ZED_LEFT/ZED_LEFT_20251122_112816_234344.jpg,train/episode_158/images/road_img/ZED_LEFT_20251122_112816_234344.jpg,0.6
20251122_112816_484344,38.025,0.1916,-0.0028,-7.75,10.6,57.9375,58.10625,58.44375,58.44375,-0.523668639,-0.528106509,-0.536982249,-0.536982249,train/episode_158/images/ZED_LEFT/ZED_LEFT_20251122_112816_484344.jpg,train/episode_158/images/road_img/ZED_LEFT_20251122_112816_484344.jpg,0.6
20251122_112816_734344,38.08125,0.197,0.0141,-8.07,12,58.275,58.44375,58.55625,58.8375,-0.53028065,-0.534711965,-0.537666174,-0.545051699,train/episode_158/images/ZED_LEFT/ZED_LEFT_20251122_112816_734344.jpg,train/episode_158/images/road_img/ZED_LEFT_20251122_112816_734344.jpg,0.6
20251122_112816_984344,38.25,0.1861,0.0073,-8.3,12.4,58.33125,58.66875,58.95,59.00625,-0.525,-0.533823529,-0.541176471,-0.542647059,train/episode_158/images/ZED_LEFT/ZED_LEFT_20251122_112816_984344.jpg,train/episode_158/images/road_img/ZED_LEFT_20251122_112816_984344.jpg,0.6
20251122_112817_234344,38.30625,0.194,0.0176,-7.47,13,58.44375,58.66875,58.8375,58.89375,-0.525697504,-0.531571219,-0.535976505,-0.537444934,train/episode_158/images/ZED_LEFT/ZED_LEFT_20251122_112817_234344.jpg,train/episode_158/images/road_img/ZED_LEFT_20251122_112817_234344.jpg,0.6
20251122_112817_484344,38.475,0.1414,0.0215,-6.37,13,58.275,58.6125,58.725,58.725,-0.514619883,-0.523391813,-0.526315789,-0.526315789,train/episode_158/images/ZED_LEFT/ZED_LEFT_20251122_112817_484344.jpg,train/episode_158/images/road_img/ZED_LEFT_20251122_112817_484344.jpg,0.6
20251122_112817_734344,38.64375,0.1486,0.0205,-4.48,13,58.21875,58.5,58.6125,58.66875,-0.506550218,-0.513828239,-0.516739447,-0.518195051,train/episode_158/images/ZED_LEFT/ZED_LEFT_20251122_112817_734344.jpg,train/episode_158/images/road_img/ZED_LEFT_20251122_112817_734344.jpg,0.6
20251122_112817_984344,38.86875,0.1132,0.0282,-4.04,13,58.1625,58.33125,58.33125,58.55625,-0.496382055,-0.500723589,-0.500723589,-0.506512301,train/episode_158/images/ZED_LEFT/ZED_LEFT_20251122_112817_984344.jpg,train/episode_158/images/road_img/ZED_LEFT_20251122_112817_984344.jpg,0.6
20251122_112818_234344,38.86875,0.0957,-0.0075,-2.59,12.7,57.43125,57.76875,57.88125,57.88125,-0.477568741,-0.486251809,-0.489146165,-0.489146165,train/episode_158/images/ZED_LEFT/ZED_LEFT_20251122_112818_234344.jpg,train/episode_158/images/road_img/ZED_LEFT_20251122_112818_234344.jpg,0.6
20251122_112818_484344,39.54375,0.01,0.0832,-1.85,9.9,57.20625,57.4875,57.65625,57.65625,-0.446657183,-0.453769559,-0.458036984,-0.458036984,train/episode_158/images/ZED_LEFT/ZED_LEFT_20251122_112818_484344.jpg,train/episode_158/images/road_img/ZED_LEFT_20251122_112818_484344.jpg,0.6
20251122_112818_734344,39.88125,0.0456,0.0814,-0.87,7.4,57.2625,57.2625,57.31875,57.09375,-0.435825106,-0.435825106,-0.437235543,-0.431593794,train/episode_158/images/ZED_LEFT/ZED_LEFT_20251122_112818_734344.jpg,train/episode_158/images/road_img/ZED_LEFT_20251122_112818_734344.jpg,0.6
20251122_112818_984344,40.44375,0.0325,0.0523,-0.03,6.6,56.75625,56.7,57.15,57.09375,-0.403337969,-0.401947149,-0.413073713,-0.411682893,train/episode_158/images/ZED_LEFT/ZED_LEFT_20251122_112818_984344.jpg,train/episode_158/images/road_img/ZED_LEFT_20251122_112818_984344.jpg,0.6
20251122_112819_234344,40.95,0.0321,0.0683,0.13,1.8,56.64375,56.475,57.0375,56.75625,-0.383241758,-0.379120879,-0.392857143,-0.385989011,train/episode_158/images/ZED_LEFT/ZED_LEFT_20251122_112819_234344.jpg,train/episode_158/images/road_img/ZED_LEFT_20251122_112819_234344.jpg,0.6
20251122_112819_484344,41.34375,0.0185,0.0653,0.02,-0.6,56.5875,56.25,56.925,56.5875,-0.368707483,-0.360544218,-0.376870748,-0.368707483,train/episode_158/images/ZED_LEFT/ZED_LEFT_20251122_112819_484344.jpg,train/episode_158/images/road_img/ZED_LEFT_20251122_112819_484344.jpg,0.6
20251122_112819_734344,42.01875,0.0453,0.0783,0.17,0.3,56.41875,56.25,56.86875,56.41875,-0.34270415,-0.338688086,-0.353413655,-0.34270415,train/episode_158/images/ZED_LEFT/ZED_LEFT_20251122_112819_734344.jpg,train/episode_158/images/road_img/ZED_LEFT_20251122_112819_734344.jpg,0.6
20251122_112819_984344,42.46875,0.0224,0.0928,0.14,0.4,56.1375,55.96875,56.475,56.1375,-0.321854305,-0.317880795,-0.329801325,-0.321854305,train/episode_158/images/ZED_LEFT/ZED_LEFT_20251122_112819_984344.jpg,train/episode_158/images/road_img/ZED_LEFT_20251122_112819_984344.jpg,0.6
20251122_112820_234344,42.8625,0.0277,0.0778,0.08,0.6,55.85625,55.63125,56.08125,55.8,-0.303149606,-0.297900262,-0.30839895,-0.30183727,train/episode_158/images/ZED_LEFT/ZED_LEFT_20251122_112820_234344.jpg,train/episode_158/images/road_img/ZED_LEFT_20251122_112820_234344.jpg,0.6
20251122_112820_484344,43.3125,0.0335,0.0896,0.14,1,55.63125,55.40625,55.85625,55.51875,-0.284415584,-0.279220779,-0.28961039,-0.281818182,train/episode_158/images/ZED_LEFT/ZED_LEFT_20251122_112820_484344.jpg,train/episode_158/images/road_img/ZED_LEFT_20251122_112820_484344.jpg,0.6
20251122_112820_734344,43.81875,0.0643,0.0747,-0.05,3.1,55.2375,55.0125,55.29375,54.225,-0.260590501,-0.255455712,-0.261874198,-0.237483954,train/episode_158/images/ZED_LEFT/ZED_LEFT_20251122_112820_734344.jpg,train/episode_158/images/road_img/ZED_LEFT_20251122_112820_734344.jpg,0.6
20251122_112820_984344,44.325,0.0124,0.0555,0.18,3.5,54.73125,54.61875,54.95625,55.40625,-0.234771574,-0.232233503,-0.239847716,-0.25,train/episode_158/images/ZED_LEFT/ZED_LEFT_20251122_112820_984344.jpg,train/episode_158/images/road_img/ZED_LEFT_20251122_112820_984344.jpg,0.6
20251122_112821_234344,44.8875,0.017,0.0709,0.08,3.5,53.49375,53.71875,54.05625,53.4375,-0.191729323,-0.196741855,-0.204260652,-0.19047619,train/episode_158/images/ZED_LEFT/ZED_LEFT_20251122_112821_234344.jpg,train/episode_158/images/road_img/ZED_LEFT_20251122_112821_234344.jpg,0.6
20251122_112821_484344,45.28125,0.0246,0.0569,0.41,4.5,53.55,53.38125,52.65,53.38125,-0.182608696,-0.178881988,-0.162732919,-0.178881988,train/episode_158/images/ZED_LEFT/ZED_LEFT_20251122_112821_484344.jpg,train/episode_158/images/road_img/ZED_LEFT_20251122_112821_484344.jpg,0.6
20251122_112821_734344,45.675,0.0127,0.0617,0.88,5.3,52.7625,52.65,52.9875,52.875,-0.155172414,-0.15270936,-0.160098522,-0.157635468,train/episode_158/images/ZED_LEFT/ZED_LEFT_20251122_112821_734344.jpg,train/episode_158/images/road_img/ZED_LEFT_20251122_112821_734344.jpg,0.6
20251122_112821_984344,46.06875,-0.0025,0.0449,1.13,5.3,52.36875,52.3125,52.5375,52.48125,-0.136752137,-0.135531136,-0.14041514,-0.139194139,train/episode_158/images/ZED_LEFT/ZED_LEFT_20251122_112821_984344.jpg,train/episode_158/images/road_img/ZED_LEFT_20251122_112821_984344.jpg,0.6
20251122_112822_234344,46.29375,-0.0272,-0.0075,1.19,5.6,51.75,51.80625,52.2,51.975,-0.117861482,-0.119076549,-0.127582017,-0.12272175,train/episode_158/images/ZED_LEFT/ZED_LEFT_20251122_112822_234344.jpg,train/episode_158/images/road_img/ZED_LEFT_20251122_112822_234344.jpg,0.6
20251122_112822_484344,46.40625,0.0464,-0.0066,0.32,6.3,51.58125,51.6375,52.0875,51.8625,-0.111515152,-0.112727273,-0.122424242,-0.117575758,train/episode_158/images/ZED_LEFT/ZED_LEFT_20251122_112822_484344.jpg,train/episode_158/images/road_img/ZED_LEFT_20251122_112822_484344.jpg,0.6
20251122_112822_734344,46.35,0.039,0.0073,0.37,6.4,51.1875,51.3,51.69375,51.6375,-0.104368932,-0.106796117,-0.115291262,-0.11407767,train/episode_158/images/ZED_LEFT/ZED_LEFT_20251122_112822_734344.jpg,train/episode_158/images/road_img/ZED_LEFT_20251122_112822_734344.jpg,0.6
20251122_112822_984344,46.35,0.044,0.0038,0.24,7.7,51.35625,51.46875,51.75,51.525,-0.108009709,-0.110436893,-0.116504854,-0.111650485,train/episode_158/images/ZED_LEFT/ZED_LEFT_20251122_112822_984344.jpg,train/episode_158/images/road_img/ZED_LEFT_20251122_112822_984344.jpg,0.6
20251122_112823_234344,46.40625,0.0402,0.0065,0.48,8.7,51.3,51.525,51.35625,51.13125,-0.105454545,-0.11030303,-0.106666667,-0.101818182,train/episode_158/images/ZED_LEFT/ZED_LEFT_20251122_112823_234344.jpg,train/episode_158/images/road_img/ZED_LEFT_20251122_112823_234344.jpg,0.6
20251122_112823_484344,46.51875,0.0366,0.0231,0.6,8.6,51.1875,51.01875,50.9625,50.85,-0.100362757,-0.096735187,-0.095525998,-0.093107618,train/episode_158/images/ZED_LEFT/ZED_LEFT_20251122_112823_484344.jpg,train/episode_158/images/road_img/ZED_LEFT_20251122_112823_484344.jpg,0.6
20251122_112823_734344,46.6875,0.0154,0.0088,1.35,7.2,50.625,51.13125,51.46875,51.35625,-0.084337349,-0.095180723,-0.102409639,-0.1,train/episode_158/images/ZED_LEFT/ZED_LEFT_20251122_112823_734344.jpg,train/episode_158/images/road_img/ZED_LEFT_20251122_112823_734344.jpg,0.6
20251122_112823_984344,46.6875,-0.0258,0.0137,1.3,6.4,50.625,50.90625,51.58125,50.90625,-0.084337349,-0.090361446,-0.104819277,-0.090361446,train/episode_158/images/ZED_LEFT/ZED_LEFT_20251122_112823_984344.jpg,train/episode_158/images/road_img/ZED_LEFT_20251122_112823_984344.jpg,0.6
20251122_112824_234344,46.85625,-0.0199,0.0165,0.6,6.5,50.56875,50.56875,51.13125,50.79375,-0.079231693,-0.079231693,-0.091236495,-0.084033613,train/episode_158/images/ZED_LEFT/ZED_LEFT_20251122_112824_234344.jpg,train/episode_158/images/road_img/ZED_LEFT_20251122_112824_234344.jpg,0.6
20251122_112824_484344,46.9125,0.0386,0.0107,0.56,6.5,50.5125,50.5125,50.85,50.625,-0.076738609,-0.076738609,-0.083932854,-0.079136691,train/episode_158/images/ZED_LEFT/ZED_LEFT_20251122_112824_484344.jpg,train/episode_158/images/road_img/ZED_LEFT_20251122_112824_484344.jpg,0.6
20251122_112824_734344,47.025,0.0177,0.0337,0.5,6.2,50.56875,50.625,51.1875,50.9625,-0.075358852,-0.076555024,-0.088516746,-0.083732057,train/episode_158/images/ZED_LEFT/ZED_LEFT_20251122_112824_734344.jpg,train/episode_158/images/road_img/ZED_LEFT_20251122_112824_734344.jpg,0.6
20251122_112824_984344,47.08125,0.0049,0.0061,0.31,6.2,50.7375,50.90625,51.1875,51.01875,-0.077658303,-0.081242533,-0.087216249,-0.083632019,train/episode_158/images/ZED_LEFT/ZED_LEFT_20251122_112824_984344.jpg,train/episode_158/images/road_img/ZED_LEFT_20251122_112824_984344.jpg,0.6
20251122_112825_234344,47.30625,0.0045,0.0098,0.53,7.1,51.24375,51.1875,51.46875,51.4125,-0.083234245,-0.082045184,-0.087990488,-0.086801427,train/episode_158/images/ZED_LEFT/ZED_LEFT_20251122_112825_234344.jpg,train/episode_158/images/road_img/ZED_LEFT_20251122_112825_234344.jpg,0.6
20251122_112825_484344,47.475,0.0166,0.0035,0.4,8.5,51.4125,51.24375,51.69375,51.6375,-0.082938389,-0.079383886,-0.088862559,-0.087677725,train/episode_158/images/ZED_LEFT/ZED_LEFT_20251122_112825_484344.jpg,train/episode_158/images/road_img/ZED_LEFT_20251122_112825_484344.jpg,0.6
20251122_112825_734344,47.5875,0.0364,0.0226,0.23,7.7,51.58125,51.69375,52.03125,51.8625,-0.08392435,-0.086288416,-0.093380615,-0.089834515,train/episode_158/images/ZED_LEFT/ZED_LEFT_20251122_112825_734344.jpg,train/episode_158/images/road_img/ZED_LEFT_20251122_112825_734344.jpg,0.6
20251122_112825_984344,47.7,0.0049,0.0442,0.58,7.4,51.75,51.80625,52.0875,51.91875,-0.08490566,-0.086084906,-0.091981132,-0.088443396,train/episode_158/images/ZED_LEFT/ZED_LEFT_20251122_112825_984344.jpg,train/episode_158/images/road_img/ZED_LEFT_20251122_112825_984344.jpg,0.6
20251122_112826_234344,47.925,0.0139,0.0419,0.47,6.9,51.91875,51.975,52.3125,52.2,-0.083333333,-0.084507042,-0.091549296,-0.089201878,train/episode_158/images/ZED_LEFT/ZED_LEFT_20251122_112826_234344.jpg,train/episode_158/images/road_img/ZED_LEFT_20251122_112826_234344.jpg,0.6
20251122_112826_484344,48.15,0.0023,0.0187,0.51,6.9,51.975,52.03125,52.3125,52.3125,-0.079439252,-0.080607477,-0.086448598,-0.086448598,train/episode_158/images/ZED_LEFT/ZED_LEFT_20251122_112826_484344.jpg,train/episode_158/images/road_img/ZED_LEFT_20251122_112826_484344.jpg,0.6
20251122_112826_734344,48.375,0.0151,0.0363,0.6,6.7,52.25625,52.3125,52.59375,52.48125,-0.080232558,-0.081395349,-0.087209302,-0.084883721,train/episode_158/images/ZED_LEFT/ZED_LEFT_20251122_112826_734344.jpg,train/episode_158/images/road_img/ZED_LEFT_20251122_112826_734344.jpg,0.6
20251122_112826_984344,48.54375,0.0054,0.0247,0.65,6.1,52.425,52.2,52.7625,52.93125,-0.07995365,-0.075318656,-0.086906141,-0.090382387,train/episode_158/images/ZED_LEFT/ZED_LEFT_20251122_112826_984344.jpg,train/episode_158/images/road_img/ZED_LEFT_20251122_112826_984344.jpg,0.6
20251122_112827_234344,48.7125,0.0172,0.0354,0.52,6.2,52.5375,52.59375,53.1,52.2,-0.07852194,-0.079676674,-0.090069284,-0.071593533,train/episode_158/images/ZED_LEFT/ZED_LEFT_20251122_112827_234344.jpg,train/episode_158/images/road_img/ZED_LEFT_20251122_112827_234344.jpg,0.6
20251122_112827_484344,48.9375,0.0084,0.0325,0.49,6,52.70625,52.5375,53.15625,53.1,-0.077011494,-0.073563218,-0.086206897,-0.085057471,train/episode_158/images/ZED_LEFT/ZED_LEFT_20251122_112827_484344.jpg,train/episode_158/images/road_img/ZED_LEFT_20251122_112827_484344.jpg,0.6
20251122_112827_734344,49.1625,-0.0064,0.0257,0.75,5.6,52.9875,53.04375,53.4375,53.26875,-0.077803204,-0.078947368,-0.086956522,-0.083524027,train/episode_158/images/ZED_LEFT/ZED_LEFT_20251122_112827_734344.jpg,train/episode_158/images/road_img/ZED_LEFT_20251122_112827_734344.jpg,0.6
20251122_112827_984344,49.275,0.0039,0.0302,0.54,5.8,53.49375,53.2125,53.49375,53.38125,-0.085616438,-0.079908676,-0.085616438,-0.083333333,train/episode_158/images/ZED_LEFT/ZED_LEFT_20251122_112827_984344.jpg,train/episode_158/images/road_img/ZED_LEFT_20251122_112827_984344.jpg,0.6
20251122_112828_234344,49.3875,0.003,0.0175,0.49,6.9,53.325,53.26875,53.775,54.16875,-0.079726651,-0.078587699,-0.088838269,-0.096810934,train/episode_158/images/ZED_LEFT/ZED_LEFT_20251122_112828_234344.jpg,train/episode_158/images/road_img/ZED_LEFT_20251122_112828_234344.jpg,0.6
20251122_112828_484344,49.3875,0.0359,-0.0024,-0.07,6.8,52.875,52.9875,53.60625,53.60625,-0.070615034,-0.072892938,-0.085421412,-0.085421412,train/episode_158/images/ZED_LEFT/ZED_LEFT_20251122_112828_484344.jpg,train/episode_158/images/road_img/ZED_LEFT_20251122_112828_484344.jpg,0.6
20251122_112828_734344,49.33125,0.0145,-0.0233,-0.07,6.6,53.26875,53.2125,53.49375,53.2125,-0.07981756,-0.078677309,-0.084378563,-0.078677309,train/episode_158/images/ZED_LEFT/ZED_LEFT_20251122_112828_734344.jpg,train/episode_158/images/road_img/ZED_LEFT_20251122_112828_734344.jpg,0.6
20251122_112828_984344,49.05,0.0054,-0.0212,0.06,6.1,53.2125,53.26875,53.1,53.4375,-0.084862385,-0.086009174,-0.082568807,-0.089449541,train/episode_158/images/ZED_LEFT/ZED_LEFT_20251122_112828_984344.jpg,train/episode_158/images/road_img/ZED_LEFT_20251122_112828_984344.jpg,0.6
20251122_112829_234344,48.825,0.0084,-0.0286,0.18,5.9,53.15625,53.2125,53.1,54.16875,-0.088709677,-0.089861751,-0.087557604,-0.109447005,train/episode_158/images/ZED_LEFT/ZED_LEFT_20251122_112829_234344.jpg,train/episode_158/images/road_img/ZED_LEFT_20251122_112829_234344.jpg,0.6
20251122_112829_484344,48.65625,0.0309,-0.0441,0.21,5.9,53.26875,53.38125,53.775,53.38125,-0.094797688,-0.097109827,-0.105202312,-0.097109827,train/episode_158/images/ZED_LEFT/ZED_LEFT_20251122_112829_484344.jpg,train/episode_158/images/road_img/ZED_LEFT_20251122_112829_484344.jpg,0.6
20251122_112829_734344,48.375,0.0141,-0.0279,0.69,5.6,53.49375,53.55,53.55,54.28125,-0.105813953,-0.106976744,-0.106976744,-0.122093023,train/episode_158/images/ZED_LEFT/ZED_LEFT_20251122_112829_734344.jpg,train/episode_158/images/road_img/ZED_LEFT_20251122_112829_734344.jpg,0.6
20251122_112829_984344,48.20625,0.0161,-0.0395,0.4,6.1,53.49375,53.4375,53.55,52.9875,-0.109684947,-0.108518086,-0.110851809,-0.099183197,train/episode_158/images/ZED_LEFT/ZED_LEFT_20251122_112829_984344.jpg,train/episode_158/images/road_img/ZED_LEFT_20251122_112829_984344.jpg,0.6
20251122_112830_234344,48.0375,-0.0487,-0.0026,0.45,6.1,52.9875,52.875,53.15625,53.04375,-0.103044496,-0.100702576,-0.106557377,-0.104215457,train/episode_158/images/ZED_LEFT/ZED_LEFT_20251122_112830_234344.jpg,train/episode_158/images/road_img/ZED_LEFT_20251122_112830_234344.jpg,0.6
20251122_112830_484344,47.925,-0.0314,-0.0153,-0.01,6.1,52.70625,52.70625,53.1,52.875,-0.099765258,-0.099765258,-0.107981221,-0.103286385,train/episode_158/images/ZED_LEFT/ZED_LEFT_20251122_112830_484344.jpg,train/episode_158/images/road_img/ZED_LEFT_20251122_112830_484344.jpg,0.6
20251122_112830_734344,47.925,0.0508,-0.0088,-0.04,6.9,52.36875,52.70625,52.875,52.59375,-0.092723005,-0.099765258,-0.103286385,-0.09741784,train/episode_158/images/ZED_LEFT/ZED_LEFT_20251122_112830_734344.jpg,train/episode_158/images/road_img/ZED_LEFT_20251122_112830_734344.jpg,0.6
20251122_112830_984344,48.15,0.0563,-0.0264,-0.47,7,52.48125,52.65,53.04375,52.0875,-0.089953271,-0.093457944,-0.101635514,-0.081775701,train/episode_158/images/ZED_LEFT/ZED_LEFT_20251122_112830_984344.jpg,train/episode_158/images/road_img/ZED_LEFT_20251122_112830_984344.jpg,0.6
20251122_112831_234344,47.30625,0.0091,0.0452,-0.16,6.4,52.36875,52.2,52.65,52.5375,-0.107015458,-0.103448276,-0.112960761,-0.11058264,train/episode_158/images/ZED_LEFT/ZED_LEFT_20251122_112831_234344.jpg,train/episode_158/images/road_img/ZED_LEFT_20251122_112831_234344.jpg,0.6
20251122_112831_484344,47.7,0.0407,-0.0039,-0.55,6.4,52.5375,52.3125,52.81875,53.325,-0.101415094,-0.096698113,-0.107311321,-0.117924528,train/episode_158/images/ZED_LEFT/ZED_LEFT_20251122_112831_484344.jpg,train/episode_158/images/road_img/ZED_LEFT_20251122_112831_484344.jpg,0.6
20251122_112831_734344,47.30625,0.0572,-0.0035,0.26,5.8,51.8625,51.91875,52.5375,52.36875,-0.096313912,-0.097502973,-0.11058264,-0.107015458,train/episode_158/images/ZED_LEFT/ZED_LEFT_20251122_112831_734344.jpg,train/episode_158/images/road_img/ZED_LEFT_20251122_112831_734344.jpg,0.6
20251122_112831_984344,46.575,0.1457,0.0116,0.48,5.8,52.25625,52.2,52.425,52.14375,-0.121980676,-0.120772947,-0.125603865,-0.119565217,train/episode_158/images/ZED_LEFT/ZED_LEFT_20251122_112831_984344.jpg,train/episode_158/images/road_img/ZED_LEFT_20251122_112831_984344.jpg,0.6
20251122_112832_234344,47.025,-0.0165,-0.0041,0.06,6.1,51.80625,51.91875,52.3125,52.14375,-0.101674641,-0.104066986,-0.112440191,-0.108851675,train/episode_158/images/ZED_LEFT/ZED_LEFT_20251122_112832_234344.jpg,train/episode_158/images/road_img/ZED_LEFT_20251122_112832_234344.jpg,0.6
20251122_112832_484344,47.1375,0.045,0.0024,0.24,6.1,51.75,51.8625,51.80625,52.0875,-0.097852029,-0.100238663,-0.099045346,-0.105011933,train/episode_158/images/ZED_LEFT/ZED_LEFT_20251122_112832_484344.jpg,train/episode_158/images/road_img/ZED_LEFT_20251122_112832_484344.jpg,0.6
20251122_112832_734344,47.025,-0.0131,0.0071,1.11,6.1,51.80625,51.8625,51.975,51.975,-0.101674641,-0.102870813,-0.105263158,-0.105263158,train/episode_158/images/ZED_LEFT/ZED_LEFT_20251122_112832_734344.jpg,train/episode_158/images/road_img/ZED_LEFT_20251122_112832_734344.jpg,0.6
20251122_112832_984344,47.025,-0.0273,0.0158,1.16,6.1,51.80625,51.75,52.03125,51.91875,-0.101674641,-0.100478469,-0.10645933,-0.104066986,train/episode_158/images/ZED_LEFT/ZED_LEFT_20251122_112832_984344.jpg,train/episode_158/images/road_img/ZED_LEFT_20251122_112832_984344.jpg,0.6
20251122_112833_234344,47.08125,-0.0203,-0.0025,1.06,7,51.75,51.8625,52.0875,51.69375,-0.09916368,-0.101553166,-0.106332139,-0.097968937,train/episode_158/images/ZED_LEFT/ZED_LEFT_20251122_112833_234344.jpg,train/episode_158/images/road_img/ZED_LEFT_20251122_112833_234344.jpg,0.6
20251122_112833_484344,47.08125,-0.0326,0.0055,1.01,7.6,51.80625,52.2,51.91875,51.975,-0.100358423,-0.108721625,-0.102747909,-0.103942652,train/episode_158/images/ZED_LEFT/ZED_LEFT_20251122_112833_484344.jpg,train/episode_158/images/road_img/ZED_LEFT_20251122_112833_484344.jpg,0.6
20251122_112833_734344,46.96875,0.0146,-0.0077,1.2,7.4,51.8625,51.8625,51.4125,51.75,-0.104191617,-0.104191617,-0.094610778,-0.101796407,train/episode_158/images/ZED_LEFT/ZED_LEFT_20251122_112833_734344.jpg,train/episode_158/images/road_img/ZED_LEFT_20251122_112833_734344.jpg,0.6
20251122_112833_984344,46.9125,-0.0465,-0.0159,0.87,6.7,51.91875,51.69375,51.975,52.03125,-0.106714628,-0.101918465,-0.107913669,-0.10911271,train/episode_158/images/ZED_LEFT/ZED_LEFT_20251122_112833_984344.jpg,train/episode_158/images/road_img/ZED_LEFT_20251122_112833_984344.jpg,0.6
20251122_112834_234344,46.9125,0.0062,0.0237,1.08,7.2,51.35625,51.525,52.59375,51.975,-0.094724221,-0.098321343,-0.121103118,-0.107913669,train/episode_158/images/ZED_LEFT/ZED_LEFT_20251122_112834_234344.jpg,train/episode_158/images/road_img/ZED_LEFT_20251122_112834_234344.jpg,0.6
20251122_112834_484344,47.025,-0.0327,0.0227,1.27,6.9,52.0875,52.0875,52.3125,52.2,-0.107655502,-0.107655502,-0.112440191,-0.110047847,train/episode_158/images/ZED_LEFT/ZED_LEFT_20251122_112834_484344.jpg,train/episode_158/images/road_img/ZED_LEFT_20251122_112834_484344.jpg,0.6
20251122_112834_734344,47.025,-0.0092,0.0137,0.89,6.8,52.65,52.48125,52.7625,52.65,-0.119617225,-0.116028708,-0.122009569,-0.119617225,train/episode_158/images/ZED_LEFT/ZED_LEFT_20251122_112834_734344.jpg,train/episode_158/images/road_img/ZED_LEFT_20251122_112834_734344.jpg,0.6
20251122_112834_984344,47.08125,0.0426,0.0084,-0.15,6.5,52.5375,52.65,52.93125,52.9875,-0.115890084,-0.11827957,-0.124253286,-0.125448029,train/episode_158/images/ZED_LEFT/ZED_LEFT_20251122_112834_984344.jpg,train/episode_158/images/road_img/ZED_LEFT_20251122_112834_984344.jpg,0.6
20251122_112835_234344,47.08125,0.0154,0.0171,-0.41,6.9,53.1,52.70625,53.4375,52.9875,-0.127837515,-0.119474313,-0.135005974,-0.125448029,train/episode_158/images/ZED_LEFT/ZED_LEFT_20251122_112835_234344.jpg,train/episode_158/images/road_img/ZED_LEFT_20251122_112835_234344.jpg,0.6
20251122_112835_484344,47.19375,-0.0433,0.0105,-0.16,7.2,53.04375,53.1,53.26875,53.60625,-0.123957092,-0.125148987,-0.128724672,-0.135876043,train/episode_158/images/ZED_LEFT/ZED_LEFT_20251122_112835_484344.jpg,train/episode_158/images/road_img/ZED_LEFT_20251122_112835_484344.jpg,0.6
20251122_112835_734344,47.025,0.0482,-0.0299,0.04,7.8,53.04375,53.04375,53.49375,53.4375,-0.127990431,-0.127990431,-0.137559809,-0.136363636,train/episode_158/images/ZED_LEFT/ZED_LEFT_20251122_112835_734344.jpg,train/episode_158/images/road_img/ZED_LEFT_20251122_112835_734344.jpg,0.6
20251122_112835_984344,47.1375,-0.0019,-0.0305,0.54,8,53.325,53.4375,53.6625,53.49375,-0.131264916,-0.133651551,-0.138424821,-0.134844869,train/episode_158/images/ZED_LEFT/ZED_LEFT_20251122_112835_984344.jpg,train/episode_158/images/road_img/ZED_LEFT_20251122_112835_984344.jpg,0.6
20251122_112836_234344,47.08125,-0.0606,-0.0414,1.1,8.3,53.38125,53.49375,53.83125,53.60625,-0.133811231,-0.136200717,-0.143369176,-0.138590203,train/episode_158/images/ZED_LEFT/ZED_LEFT_20251122_112836_234344.jpg,train/episode_158/images/road_img/ZED_LEFT_20251122_112836_234344.jpg,0.6
