id,speed_kmh,ax_g,ay_g,yaw_rate_dps,steering_angle_deg,wheel_fl_kmh,wheel_fr_kmh,wheel_rl_kmh,wheel_rr_kmh,slip_fl,slip_fr,slip_rl,slip_rr,image_path,road_image_path,rac,img,dyn,decision,feature
20251122_115342_448495,38.86875,-0.0027,0.0247,0.24,7.3,38.86875,38.98125,39.2625,39.09375,0.0,-0.002894356,-0.010130246,-0.005788712,train/episode_170_part5/images/ZED_LEFT/ZED_LEFT_20251122_115342_448495.jpg,train/episode_170_part5/images/road_img/ZED_LEFT_20251122_115342_448495.jpg,0.55,0.546673,nan,0.546673,nan
20251122_115342_448495,38.9109375,-0.002125,0.0245,0.2975,7.45,38.896875,39.009375000000006,39.290625000000006,39.1359375,0.0003602305,-0.0025309975,-0.009759067750000001,-0.00578245625,train/episode_170_part5/images/ZED_LEFT/ZED_LEFT_20251122_115342_448495.jpg,train/episode_170_part5/images/road_img/ZED_LEFT_20251122_115342_448495.jpg,0.55,0.546673,nan,0.546673,nan
20251122_115342_448495,38.953125,-0.0015500000000000002,0.024300000000000002,0.355,7.6,38.925,39.0375,39.31875,39.178125,0.000720461,-0.002167639,-0.0093878895,-0.0057762005,train/episode_170_part5/images/ZED_LEFT/ZED_LEFT_20251122_115342_448495.jpg,train/episode_170_part5/images/road_img/ZED_LEFT_20251122_115342_448495.jpg,0.55,0.546673,nan,0.546673,nan
20251122_115342_448495,38.995312500000004,-0.000975,0.0241,0.4125,7.75,38.953125,39.065625000000004,39.346875000000004,39.220312500000006,0.0010806915000000001,-0.0018042804999999999,-0.00901671125,-0.0057699447499999995,train/episode_170_part5/images/ZED_LEFT/ZED_LEFT_20251122_115342_448495.jpg,train/episode_170_part5/images/road_img/ZED_LEFT_20251122_115342_448495.jpg,0.55,0.546673,0.498054,0.538347,0.518268
20251122_115342_698495,39.0375,-0.0004,0.0239,0.47,7.9,38.98125,39.09375,39.375,39.2625,0.001440922,-0.001440922,-0.008645533,-0.005763689,train/episode_170_part5/images/ZED_LEFT/ZED_LEFT_20251122_115342_698495.jpg,train/episode_170_part5/images/road_img/ZED_LEFT_20251122_115342_698495.jpg,0.55,0.561153,0.489267,0.533746,0.529796
20251122_115342_698495,39.065625,-0.0026749999999999994,0.022350000000000002,0.47,7.9,39.0375,39.121874999999996,39.4171875,39.290625,0.0007214960000000002,-0.0014398870000000002,-0.0089985175,-0.00575954825,train/episode_170_part5/images/ZED_LEFT/ZED_LEFT_20251122_115342_698495.jpg,train/episode_170_part5/images/road_img/ZED_LEFT_20251122_115342_698495.jpg,0.55,0.561153,0.486125,0.530882,0.528957
20251122_115342_698495,39.09375,-0.004950000000000001,0.0208,0.47,7.9,39.09375,39.15,39.459375,39.31875,2.069999999999633e-06,-0.001438852,-0.009351502000000001,-0.0057554074999999994,train/episode_170_part5/images/ZED_LEFT/ZED_LEFT_20251122_115342_698495.jpg,train/episode_170_part5/images/road_img/ZED_LEFT_20251122_115342_698495.jpg,0.55,0.561153,0.488663,0.529964,0.529280
20251122_115342_698495,39.121875,-0.007225000000000001,0.01925,0.47,7.9,39.15,39.178125,39.501562500000006,39.346875000000004,-0.0007173560000000004,-0.0014378169999999999,-0.0097044865,-0.00575126675,train/episode_170_part5/images/ZED_LEFT/ZED_LEFT_20251122_115342_698495.jpg,train/episode_170_part5/images/road_img/ZED_LEFT_20251122_115342_698495.jpg,0.55,0.561153,0.496258,0.530854,0.530686
20251122_115342_948495,39.15,-0.0095,0.0177,0.47,7.9,39.20625,39.20625,39.54375,39.375,-0.001436782,-0.001436782,-0.010057471,-0.005747126,train/episode_170_part5/images/ZED_LEFT/ZED_LEFT_20251122_115342_948495.jpg,train/episode_170_part5/images/road_img/ZED_LEFT_20251122_115342_948495.jpg,0.55,0.483929,0.508599,0.520008,0.549095
20251122_115342_948495,39.178125,-0.006,0.01895,0.42,7.875,39.2203125,39.20625,39.5296875,39.403125,-0.0010775865,-0.00071942025,-0.008975768,-0.00574300925,train/episode_170_part5/images/ZED_LEFT/ZED_LEFT_20251122_115342_948495.jpg,train/episode_170_part5/images/road_img/ZED_LEFT_20251122_115342_948495.jpg,0.55,0.483929,0.510068,0.512613,0.549243
20251122_115342_948495,39.20625,-0.0025000000000000005,0.020200000000000003,0.37,7.85,39.234375,39.20625,39.515625,39.43125,-0.000718391,-2.058500000000048e-06,-0.007894065,-0.0057388925,train/episode_170_part5/images/ZED_LEFT/ZED_LEFT_20251122_115342_948495.jpg,train/episode_170_part5/images/road_img/ZED_LEFT_20251122_115342_948495.jpg,0.55,0.483929,0.504002,0.506666,0.548194
20251122_115342_948495,39.234375,0.0010000000000000026,0.021450000000000004,0.31999999999999995,7.825,39.2484375,39.20625,39.5015625,39.459375,-0.0003591954999999996,0.0007153032500000006,-0.006812361999999999,-0.00573477575,train/episode_170_part5/images/ZED_LEFT/ZED_LEFT_20251122_115342_948495.jpg,train/episode_170_part5/images/road_img/ZED_LEFT_20251122_115342_948495.jpg,0.55,0.483929,0.490484,0.500737,0.546088
20251122_115343_198495,39.2625,0.0044999999999999945,0.02269999999999999,0.27,7.799999999999999,39.2625,39.20625,39.4875,39.4875,-7.907569044007797e-19,0.0014326649999999985,-0.005730659000000001,-0.005730658999999999,train/episode_170_part5/images/ZED_LEFT/ZED_LEFT_20251122_115343_198495.jpg,train/episode_170_part5/images/road_img/ZED_LEFT_20251122_115343_198495.jpg,0.55,0.555618,0.469395,0.506432,0.518211
20251122_115343_198495,39.31875,0.0023249999999999985,0.0187,0.2575,7.55,39.3328125,39.290625,39.5578125,39.5296875,-0.00035612525000000014,0.0007183734999999996,-0.006078621,-0.0053663702499999995,train/episode_170_part5/images/ZED_LEFT/ZED_LEFT_20251122_115343_198495.jpg,train/episode_170_part5/images/road_img/ZED_LEFT_20251122_115343_198495.jpg,0.55,0.555618,0.460024,0.510367,0.516313
20251122_115343_198495,39.375,0.00014999999999999736,0.014699999999999998,0.245,7.3,39.403125,39.375,39.628125,39.571875,-0.0007122505000000003,4.08199999999922e-06,-0.0064265830000000005,-0.0050020815,train/episode_170_part5/images/ZED_LEFT/ZED_LEFT_20251122_115343_198495.jpg,train/episode_170_part5/images/road_img/ZED_LEFT_20251122_115343_198495.jpg,0.55,0.555618,0.466789,0.514714,0.516837
20251122_115343_198495,39.43125,-0.002024999999999999,0.010700000000000003,0.2325,7.05,39.4734375,39.459375,39.6984375,39.614062499999996,-0.0010683757499999997,-0.0007102094999999996,-0.006774545,-0.00463779275,train/episode_170_part5/images/ZED_LEFT/ZED_LEFT_20251122_115343_198495.jpg,train/episode_170_part5/images/road_img/ZED_LEFT_20251122_115343_198495.jpg,0.55,0.555618,0.487039,0.520185,0.519316
20251122_115343_448495,39.4875,-0.0042,0.0067,0.22,6.8,39.54375,39.54375,39.76875,39.65625,-0.001424501,-0.001424501,-0.007122507,-0.004273504,train/episode_170_part5/images/ZED_LEFT/ZED_LEFT_20251122_115343_448495.jpg,train/episode_170_part5/images/road_img/ZED_LEFT_20251122_115343_448495.jpg,0.55,0.598568,0.518637,0.536278,0.552066
20251122_115343_448495,39.5015625,-0.0038749999999999995,0.01420000000000001,0.24500000000000002,6.8,39.54375,39.571875000000006,39.824999999999996,39.7125,-0.0010683757499999995,-0.0017796132500000003,-0.008186830500000002,-0.005338840750000001,train/episode_170_part5/images/ZED_LEFT/ZED_LEFT_20251122_115343_448495.jpg,train/episode_170_part5/images/road_img/ZED_LEFT_20251122_115343_448495.jpg,0.55,0.598568,0.537603,0.549442,0.555329
20251122_115343_448495,39.515625,-0.0035499999999999998,0.0217,0.27,6.8,39.54375,39.6,39.881249999999994,39.76875,-0.0007122505,-0.0021347255000000002,-0.009251154000000001,-0.0064041775,train/episode_170_part5/images/ZED_LEFT/ZED_LEFT_20251122_115343_448495.jpg,train/episode_170_part5/images/road_img/ZED_LEFT_20251122_115343_448495.jpg,0.55,0.598568,0.552740,0.559996,0.558937
20251122_115343_448495,39.5296875,-0.0032249999999999996,0.02920000000000001,0.29500000000000004,6.8,39.54375,39.628125000000004,39.9375,39.825,-0.00035612524999999954,-0.0024898377500000004,-0.010315477500000001,-0.007469514250000002,train/episode_170_part5/images/ZED_LEFT/ZED_LEFT_20251122_115343_448495.jpg,train/episode_170_part5/images/road_img/ZED_LEFT_20251122_115343_448495.jpg,0.55,0.598568,0.551574,0.567258,0.561168
20251122_115343_698495,39.54375,-0.0029,0.0367,0.32,6.8,39.54375,39.65625,39.99375,39.88125,0.0,-0.00284495,-0.011379801,-0.008534851,train/episode_170_part5/images/ZED_LEFT/ZED_LEFT_20251122_115343_698495.jpg,train/episode_170_part5/images/road_img/ZED_LEFT_20251122_115343_698495.jpg,0.55,0.590078,0.538144,0.569369,0.535840
20251122_115343_698495,39.571875000000006,-0.006950000000000004,0.034025,0.3025,6.8,39.6140625,39.7125,40.021875,39.9375,-0.001063829750000001,-0.003552152250000001,-0.01137173025,-0.00923801775,train/episode_170_part5/images/ZED_LEFT/ZED_LEFT_20251122_115343_698495.jpg,train/episode_170_part5/images/road_img/ZED_LEFT_20251122_115343_698495.jpg,0.55,0.590078,0.533557,0.570501,0.536160
20251122_115343_698495,39.6,-0.011000000000000008,0.031349999999999996,0.285,6.8,39.684375,39.768750000000004,40.050000000000004,39.993750000000006,-0.002127659500000002,-0.004259354500000001,-0.0113636595,-0.0099411845,train/episode_170_part5/images/ZED_LEFT/ZED_LEFT_20251122_115343_698495.jpg,train/episode_170_part5/images/road_img/ZED_LEFT_20251122_115343_698495.jpg,0.55,0.590078,0.537541,0.571675,0.537441
20251122_115343_698495,39.628125000000004,-0.015050000000000013,0.028674999999999992,0.26749999999999996,6.8,39.7546875,39.825,40.078125,40.050000000000004,-0.0031914892500000034,-0.004966556750000002,-0.01135558875,-0.010644351250000001,train/episode_170_part5/images/ZED_LEFT/ZED_LEFT_20251122_115343_698495.jpg,train/episode_170_part5/images/road_img/ZED_LEFT_20251122_115343_698495.jpg,0.55,0.590078,0.548095,0.573378,0.539298
20251122_115343_948495,39.65625,-0.019099999999999957,0.025999999999999995,0.2500000000000002,6.800000000000001,39.825,39.88125,40.10625,40.10625,-0.004255318999999998,-0.005673758999999996,-0.011347518,-0.011347517999999996,train/episode_170_part5/images/ZED_LEFT/ZED_LEFT_20251122_115343_948495.jpg,train/episode_170_part5/images/road_img/ZED_LEFT_20251122_115343_948495.jpg,0.55,0.519809,0.561395,0.561148,0.542540
20251122_115343_948495,39.7125,-0.009474999999999989,0.02505,0.30250000000000005,7.0,39.8671875,39.909375000000004,40.1625,40.134375000000006,-0.0038967077499999993,-0.004960537749999999,-0.011331513,-0.010626294249999998,train/episode_170_part5/images/ZED_LEFT/ZED_LEFT_20251122_115343_948495.jpg,train/episode_170_part5/images/road_img/ZED_LEFT_20251122_115343_948495.jpg,0.55,0.519809,0.563836,0.552850,0.542259
20251122_115343_948495,39.768750000000004,0.00015000000000002164,0.024099999999999996,0.3550000000000001,7.2,39.909375000000004,39.9375,40.21875,40.1625,-0.003538096499999999,-0.004247316499999998,-0.011315507999999998,-0.009905070499999998,train/episode_170_part5/images/ZED_LEFT/ZED_LEFT_20251122_115343_948495.jpg,train/episode_170_part5/images/road_img/ZED_LEFT_20251122_115343_948495.jpg,0.55,0.519809,0.557337,0.546508,0.541022
20251122_115343_948495,39.825,0.00977500000000003,0.023149999999999997,0.4075000000000002,7.4,39.9515625,39.965625,40.275,40.190625000000004,-0.0031794852499999987,-0.0035340952499999974,-0.011299502999999999,-0.009183846749999999,train/episode_170_part5/images/ZED_LEFT/ZED_LEFT_20251122_115343_948495.jpg,train/episode_170_part5/images/road_img/ZED_LEFT_20251122_115343_948495.jpg,0.55,0.519809,0.546952,0.541178,0.539114
20251122_115344_198495,39.88125,0.019399999999999976,0.022200000000000008,0.4599999999999998,7.600000000000001,39.99375,39.99375,40.33125,40.21875,-0.002820874,-0.002820874000000003,-0.011283497999999996,-0.008462623,train/episode_170_part5/images/ZED_LEFT/ZED_LEFT_20251122_115344_198495.jpg,train/episode_170_part5/images/road_img/ZED_LEFT_20251122_115344_198495.jpg,0.55,0.559751,0.533577,0.544076,0.537377
20251122_115344_198495,39.909375000000004,0.013749999999999974,0.024125000000000008,0.4124999999999998,7.925000000000002,40.021875,40.05,40.33125,40.246875,-0.0028188905,-0.0035221252500000034,-0.010572328249999997,-0.008456672,train/episode_170_part5/images/ZED_LEFT/ZED_LEFT_20251122_115344_198495.jpg,train/episode_170_part5/images/road_img/ZED_LEFT_20251122_115344_198495.jpg,0.55,0.559751,0.526619,0.545334,0.535825
20251122_115344_198495,39.9375,0.0081,0.02605,0.365,8.25,40.05,40.106249999999996,40.33125,40.275,-0.002816907,-0.004223376500000001,-0.0098611585,-0.008450721000000001,train/episode_170_part5/images/ZED_LEFT/ZED_LEFT_20251122_115344_198495.jpg,train/episode_170_part5/images/road_img/ZED_LEFT_20251122_115344_198495.jpg,0.55,0.559751,0.520078,0.545516,0.534482
20251122_115344_198495,39.965625,0.002450000000000001,0.027975,0.3175,8.575000000000001,40.078125,40.1625,40.33125,40.303125,-0.0028149235,-0.0049246277500000005,-0.00914998875,-0.00844477,train/episode_170_part5/images/ZED_LEFT/ZED_LEFT_20251122_115344_198495.jpg,train/episode_170_part5/images/road_img/ZED_LEFT_20251122_115344_198495.jpg,0.55,0.559751,0.512284,0.544877,0.532877
20251122_115344_448495,39.99375,-0.0032,0.0299,0.27,8.9,40.10625,40.21875,40.33125,40.33125,-0.00281294,-0.005625879,-0.008438819,-0.008438819,train/episode_170_part5/images/ZED_LEFT/ZED_LEFT_20251122_115344_448495.jpg,train/episode_170_part5/images/road_img/ZED_LEFT_20251122_115344_448495.jpg,0.55,0.500196,0.501878,0.531659,0.519733
20251122_115344_448495,40.05,-0.015600000000000013,0.032725000000000004,0.3625000000000001,8.85,40.134375000000006,40.260937500000004,40.4015625,40.359375,-0.002109704999999999,-0.00526836025,-0.00877666675,-0.007727715749999999,train/episode_170_part5/images/ZED_LEFT/ZED_LEFT_20251122_115344_448495.jpg,train/episode_170_part5/images/road_img/ZED_LEFT_20251122_115344_448495.jpg,0.55,0.500196,0.484683,0.520437,0.518359
20251122_115344_448495,40.10625,-0.02800000000000003,0.035550000000000005,0.4550000000000002,8.799999999999999,40.1625,40.303125,40.471875,40.3875,-0.0014064699999999984,-0.0049108415,-0.0091145145,-0.007016612499999998,train/episode_170_part5/images/ZED_LEFT/ZED_LEFT_20251122_115344_448495.jpg,train/episode_170_part5/images/road_img/ZED_LEFT_20251122_115344_448495.jpg,0.55,0.500196,0.456843,0.509439,0.517150
20251122_115344_448495,40.1625,-0.040399999999999985,0.038375,0.5474999999999999,8.75,40.190625,40.3453125,40.5421875,40.415625,-0.0007032350000000008,-0.004553322750000001,-0.00945236225,-0.006305509250000001,train/episode_170_part5/images/ZED_LEFT/ZED_LEFT_20251122_115344_448495.jpg,train/episode_170_part5/images/road_img/ZED_LEFT_20251122_115344_448495.jpg,0.55,0.500196,0.433619,0.499457,0.517255
20251122_115344_698495,40.21875,-0.0528,0.0412,0.64,8.7,40.21875,40.3875,40.6125,40.44375,0.0,-0.004195804,-0.00979021,-0.005594406,train/episode_170_part5/images/ZED_LEFT/ZED_LEFT_20251122_115344_698495.jpg,train/episode_170_part5/images/road_img/ZED_LEFT_20251122_115344_698495.jpg,0.55,0.535584,0.459808,0.502580,0.527830
20251122_115344_698495,40.246875,-0.03967499999999999,0.03584999999999999,0.65,8.875,40.260937500000004,40.3875,40.640625,40.5,-0.0003486750000000004,-0.003495527999999999,-0.00978338275,-0.00628785475,train/episode_170_part5/images/ZED_LEFT/ZED_LEFT_20251122_115344_698495.jpg,train/episode_170_part5/images/road_img/ZED_LEFT_20251122_115344_698495.jpg,0.55,0.535584,0.466241,0.505745,0.529880
20251122_115344_698495,40.275,-0.02654999999999997,0.030499999999999992,0.66,9.05,40.303125,40.3875,40.66875,40.556250000000006,-0.0006973500000000008,-0.002795251999999998,-0.009776555499999999,-0.006981303500000002,train/episode_170_part5/images/ZED_LEFT/ZED_LEFT_20251122_115344_698495.jpg,train/episode_170_part5/images/road_img/ZED_LEFT_20251122_115344_698495.jpg,0.55,0.535584,0.456805,0.507508,0.530008
20251122_115344_698495,40.303125,-0.013424999999999958,0.025149999999999985,0.67,9.225000000000001,40.345312500000006,40.3875,40.696875,40.612500000000004,-0.0010460250000000012,-0.0020949759999999975,-0.00976972825,-0.007674752250000002,train/episode_170_part5/images/ZED_LEFT/ZED_LEFT_20251122_115344_698495.jpg,train/episode_170_part5/images/road_img/ZED_LEFT_20251122_115344_698495.jpg,0.55,0.535584,0.441797,0.508123,0.528912
20251122_115344_948495,40.33125,-0.0003,0.0198,0.68,9.4,40.3875,40.3875,40.725,40.66875,-0.0013947,-0.0013947,-0.009762901,-0.008368201,train/episode_170_part5/images/ZED_LEFT/ZED_LEFT_20251122_115344_948495.jpg,train/episode_170_part5/images/road_img/ZED_LEFT_20251122_115344_948495.jpg,0.55,0.541474,0.468189,0.512285,0.538668
20251122_115344_948495,40.4015625,-0.004075000000000017,0.02457500000000002,0.7875000000000005,9.725000000000001,40.44375,40.471875000000004,40.753125000000004,40.7109375,-0.0010460249999999986,-0.0017385457500000015,-0.008707217249999994,-0.007661192249999997,train/episode_170_part5/images/ZED_LEFT/ZED_LEFT_20251122_115344_948495.jpg,train/episode_170_part5/images/road_img/ZED_LEFT_20251122_115344_948495.jpg,0.55,0.541474,0.495297,0.517281,0.538769
20251122_115344_948495,40.471875,-0.007850000000000001,0.02935,0.895,10.05,40.5,40.556250000000006,40.78125,40.753125,-0.00069735,-0.0020823915,-0.0076515335,-0.006954183500000001,train/episode_170_part5/images/ZED_LEFT/ZED_LEFT_20251122_115344_948495.jpg,train/episode_170_part5/images/road_img/ZED_LEFT_20251122_115344_948495.jpg,0.55,0.541474,0.499514,0.521025,0.538808
20251122_115344_948495,40.5421875,-0.011624999999999984,0.034124999999999975,1.0024999999999995,10.374999999999998,40.55625,40.640625,40.809374999999996,40.7953125,-0.00034867500000000163,-0.0024262372499999985,-0.006595849750000004,-0.006247174750000003,train/episode_170_part5/images/ZED_LEFT/ZED_LEFT_20251122_115344_948495.jpg,train/episode_170_part5/images/road_img/ZED_LEFT_20251122_115344_948495.jpg,0.55,0.541474,0.487143,0.522618,0.539006
20251122_115345_198495,40.6125,-0.0154,0.0389,1.11,10.7,40.6125,40.725,40.8375,40.8375,0.0,-0.002770083,-0.005540166,-0.005540166,train/episode_170_part5/images/ZED_LEFT/ZED_LEFT_20251122_115345_198495.jpg,train/episode_170_part5/images/road_img/ZED_LEFT_20251122_115345_198495.jpg,0.55,0.594109,0.453776,0.536542,0.535780
20251122_115345_198495,40.654687499999994,-0.021099999999999987,0.039349999999999996,1.1325,10.7,40.640625,40.753125,40.879687499999996,40.879687499999996,0.0003448274999999992,-0.002422389750000001,-0.00553443475,-0.00553443475,train/episode_170_part5/images/ZED_LEFT/ZED_LEFT_20251122_115345_198495.jpg,train/episode_170_part5/images/road_img/ZED_LEFT_20251122_115345_198495.jpg,0.55,0.594109,0.424045,0.547041,0.539922
20251122_115345_198495,40.696875,-0.026800000000000025,0.0398,1.155,10.7,40.66875,40.78125,40.921875,40.921875,0.0006896550000000015,-0.0020746964999999984,-0.0055287035,-0.0055287035,train/episode_170_part5/images/ZED_LEFT/ZED_LEFT_20251122_115345_198495.jpg,train/episode_170_part5/images/road_img/ZED_LEFT_20251122_115345_198495.jpg,0.55,0.594109,0.417757,0.555067,0.543194
20251122_115345_198495,40.7390625,-0.032500000000000015,0.04025,1.1775,10.7,40.696875,40.809375,40.964062500000004,40.964062500000004,0.0010344825000000008,-0.0017270032499999992,-0.00552297225,-0.00552297225,train/episode_170_part5/images/ZED_LEFT/ZED_LEFT_20251122_115345_198495.jpg,train/episode_170_part5/images/road_img/ZED_LEFT_20251122_115345_198495.jpg,0.55,0.594109,0.424180,0.561295,0.544623
20251122_115345_448495,40.78125,-0.038200000000000005,0.04069999999999997,1.2000000000000015,10.700000000000006,40.725,40.8375,41.00625,41.00625,0.00137931,-0.001379310000000006,-0.005517241000000006,-0.005517241000000006,train/episode_170_part5/images/ZED_LEFT/ZED_LEFT_20251122_115345_448495.jpg,train/episode_170_part5/images/road_img/ZED_LEFT_20251122_115345_448495.jpg,0.55,0.551824,0.428066,0.553517,0.528304
20251122_115345_448495,40.809375,-0.039075000000000006,0.03727499999999999,1.3775000000000008,11.525000000000004,40.753125000000004,40.89375,41.0625,41.0625,0.0013783615,-0.0020661192500000033,-0.006201204500000003,-0.006201204500000003,train/episode_170_part5/images/ZED_LEFT/ZED_LEFT_20251122_115345_448495.jpg,train/episode_170_part5/images/road_img/ZED_LEFT_20251122_115345_448495.jpg,0.55,0.551824,0.427168,0.548567,0.529933
20251122_115345_448495,40.8375,-0.03995,0.03385,1.555,12.35,40.78125,40.949999999999996,41.11875,41.11875,0.001377413,-0.0027529285,-0.0068851680000000005,-0.0068851680000000005,train/episode_170_part5/images/ZED_LEFT/ZED_LEFT_20251122_115345_448495.jpg,train/episode_170_part5/images/road_img/ZED_LEFT_20251122_115345_448495.jpg,0.55,0.551824,0.424727,0.545545,0.534512
20251122_115345_448495,40.865625,-0.04082500000000001,0.030424999999999987,1.7325000000000008,13.175000000000004,40.809375,41.00625,41.175000000000004,41.175000000000004,0.0013764645,-0.003439737750000003,-0.007569131500000003,-0.007569131500000003,train/episode_170_part5/images/ZED_LEFT/ZED_LEFT_20251122_115345_448495.jpg,train/episode_170_part5/images/road_img/ZED_LEFT_20251122_115345_448495.jpg,0.55,0.551824,0.433306,0.543830,0.543226
20251122_115345_698495,40.89375,-0.0417,0.027,1.91,14.0,40.8375,41.0625,41.23125,41.23125,0.001375516,-0.004126547,-0.008253095,-0.008253095,train/episode_170_part5/images/ZED_LEFT/ZED_LEFT_20251122_115345_698495.jpg,train/episode_170_part5/images/road_img/ZED_LEFT_20251122_115345_698495.jpg,0.55,0.576524,0.467285,0.550400,0.548599
20251122_115345_698495,40.9359375,-0.039524999999999984,0.02857500000000001,1.89,13.95,40.8515625,41.0625,41.23125,41.245312500000004,0.0020590342500000046,-0.003094910249999993,-0.007217218499999994,-0.007559684249999995,train/episode_170_part5/images/ZED_LEFT/ZED_LEFT_20251122_115345_698495.jpg,train/episode_170_part5/images/road_img/ZED_LEFT_20251122_115345_698495.jpg,0.55,0.576524,0.495221,0.555594,0.557926
20251122_115345_698495,40.978125,-0.037349999999999994,0.03015000000000001,1.8699999999999999,13.9,40.865625,41.0625,41.23125,41.259375000000006,0.002742552500000003,-0.0020632734999999954,-0.006181341999999996,-0.006866273499999997,train/episode_170_part5/images/ZED_LEFT/ZED_LEFT_20251122_115345_698495.jpg,train/episode_170_part5/images/road_img/ZED_LEFT_20251122_115345_698495.jpg,0.55,0.576524,0.509020,0.559503,0.562355
20251122_115345_698495,41.0203125,-0.035175,0.031725,1.85,13.85,40.879687499999996,41.0625,41.23125,41.2734375,0.003426070750000001,-0.0010316367499999977,-0.005145465499999998,-0.006172862749999999,train/episode_170_part5/images/ZED_LEFT/ZED_LEFT_20251122_115345_698495.jpg,train/episode_170_part5/images/road_img/ZED_LEFT_20251122_115345_698495.jpg,0.55,0.576524,0.504801,0.561978,0.561736
20251122_115345_948495,41.0625,-0.03300000000000001,0.03329999999999997,1.8299999999999992,13.799999999999999,40.89375,41.0625,41.23125,41.2875,0.004109588999999994,-6.06679151360367e-18,-0.004109589000000006,-0.005479452000000003,train/episode_170_part5/images/ZED_LEFT/ZED_LEFT_20251122_115345_948495.jpg,train/episode_170_part5/images/road_img/ZED_LEFT_20251122_115345_948495.jpg,0.55,0.575694,0.478822,0.562839,0.555146
20251122_115345_948495,41.090625,-0.0335,0.029474999999999984,1.7174999999999996,13.575,40.949999999999996,41.11875,41.2875,41.3296875,0.0034237217499999972,-0.000683060000000003,-0.004789842000000003,-0.005817239250000002,train/episode_170_part5/images/ZED_LEFT/ZED_LEFT_20251122_115345_948495.jpg,train/episode_170_part5/images/road_img/ZED_LEFT_20251122_115345_948495.jpg,0.55,0.575694,0.462963,0.563673,0.548427
20251122_115345_948495,41.11875,-0.03400000000000001,0.025649999999999968,1.6049999999999989,13.349999999999998,41.00625,41.175000000000004,41.34375,41.371875,0.002737854499999994,-0.001366120000000006,-0.005470095000000006,-0.006155026500000003,train/episode_170_part5/images/ZED_LEFT/ZED_LEFT_20251122_115345_948495.jpg,train/episode_170_part5/images/road_img/ZED_LEFT_20251122_115345_948495.jpg,0.55,0.575694,0.458386,0.564559,0.545424
20251122_115345_948495,41.146875,-0.0345,0.021824999999999983,1.4924999999999993,13.125,41.0625,41.23125,41.4,41.4140625,0.002051987249999997,-0.002049180000000003,-0.006150348000000003,-0.006492813750000001,train/episode_170_part5/images/ZED_LEFT/ZED_LEFT_20251122_115345_948495.jpg,train/episode_170_part5/images/road_img/ZED_LEFT_20251122_115345_948495.jpg,0.55,0.575694,0.465186,0.565451,0.546933
20251122_115346_198495,41.175,-0.035,0.018,1.38,12.9,41.11875,41.2875,41.45625,41.45625,0.00136612,-0.00273224,-0.006830601,-0.006830601,train/episode_170_part5/images/ZED_LEFT/ZED_LEFT_20251122_115346_198495.jpg,train/episode_170_part5/images/road_img/ZED_LEFT_20251122_115346_198495.jpg,0.55,0.514779,0.486267,0.549254,0.553857
20251122_115346_198495,41.2453125,-0.033725,0.02257500000000002,1.2774999999999994,12.374999999999998,41.1609375,41.3296875,41.4984375,41.4984375,0.002042229000000003,-0.002049179999999997,-0.006140589749999997,-0.006140589749999997,train/episode_170_part5/images/ZED_LEFT/ZED_LEFT_20251122_115346_198495.jpg,train/episode_170_part5/images/road_img/ZED_LEFT_20251122_115346_198495.jpg,0.55,0.514779,0.489043,0.537759,0.552625
20251122_115346_198495,41.315625,-0.03245,0.02715,1.175,11.850000000000001,41.203125,41.371875,41.540625,41.540625,0.002718338,-0.00136612,-0.005450578500000001,-0.005450578500000001,train/episode_170_part5/images/ZED_LEFT/ZED_LEFT_20251122_115346_198495.jpg,train/episode_170_part5/images/road_img/ZED_LEFT_20251122_115346_198495.jpg,0.55,0.514779,0.479190,0.529018,0.547725
20251122_115346_198495,41.3859375,-0.031174999999999994,0.03172500000000002,1.0724999999999996,11.324999999999998,41.245312500000004,41.4140625,41.5828125,41.5828125,0.0033944470000000036,-0.0006830599999999971,-0.0047605672499999975,-0.0047605672499999975,train/episode_170_part5/images/ZED_LEFT/ZED_LEFT_20251122_115346_198495.jpg,train/episode_170_part5/images/road_img/ZED_LEFT_20251122_115346_198495.jpg,0.55,0.514779,0.460884,0.521782,0.540819
20251122_115346_448495,41.45625,-0.0299,0.0363,0.97,10.8,41.2875,41.45625,41.625,41.625,0.004070556,0.0,-0.004070556,-0.004070556,train/episode_170_part5/images/ZED_LEFT/ZED_LEFT_20251122_115346_448495.jpg,train/episode_170_part5/images/road_img/ZED_LEFT_20251122_115346_448495.jpg,0.55,0.568986,0.433145,0.530993,0.558173
20251122_115346_448495,41.484375,-0.026850000000000006,0.03317500000000001,0.9050000000000001,10.225000000000001,41.3296875,41.484375,41.6671875,41.6671875,0.003729507000000001,0.0,-0.0044060969999999994,-0.0044060969999999994,train/episode_170_part5/images/ZED_LEFT/ZED_LEFT_20251122_115346_448495.jpg,train/episode_170_part5/images/road_img/ZED_LEFT_20251122_115346_448495.jpg,0.55,0.568986,0.427872,0.537936,0.554022
20251122_115346_448495,41.5125,-0.023799999999999988,0.030049999999999986,0.8399999999999996,9.649999999999999,41.371875,41.5125,41.709375,41.709375,0.0033884579999999987,0.0,-0.004741638000000002,-0.004741638000000002,train/episode_170_part5/images/ZED_LEFT/ZED_LEFT_20251122_115346_448495.jpg,train/episode_170_part5/images/road_img/ZED_LEFT_20251122_115346_448495.jpg,0.55,0.568986,0.436312,0.543241,0.553302
20251122_115346_448495,41.540625,-0.020749999999999994,0.026924999999999994,0.7749999999999998,9.075,41.4140625,41.540625,41.751562500000006,41.751562500000006,0.003047408999999999,0.0,-0.005077179000000001,-0.005077179000000001,train/episode_170_part5/images/ZED_LEFT/ZED_LEFT_20251122_115346_448495.jpg,train/episode_170_part5/images/road_img/ZED_LEFT_20251122_115346_448495.jpg,0.55,0.568986,0.453504,0.547356,0.553826
20251122_115346_698495,41.56875,-0.017700000000000014,0.02380000000000002,0.7099999999999989,8.499999999999996,41.45625,41.56875,41.79375,41.79375,0.002706359999999991,-3.004663184924536e-18,-0.005412720000000009,-0.005412720000000006,train/episode_170_part5/images/ZED_LEFT/ZED_LEFT_20251122_115346_698495.jpg,train/episode_170_part5/images/road_img/ZED_LEFT_20251122_115346_698495.jpg,0.55,0.518540,0.493279,0.537551,0.564365
20251122_115346_698495,41.56875,-0.019300000000000008,0.02562500000000001,0.5799999999999994,8.174999999999999,41.4984375,41.5828125,41.8359375,41.821875000000006,0.0016914749999999955,-0.0003382950000000015,-0.006427605000000005,-0.006089310000000003,train/episode_170_part5/images/ZED_LEFT/ZED_LEFT_20251122_115346_698495.jpg,train/episode_170_part5/images/road_img/ZED_LEFT_20251122_115346_698495.jpg,0.55,0.518540,0.530471,0.532530,0.560239
20251122_115346_698495,41.56875,-0.0209,0.027450000000000002,0.44999999999999996,7.85,41.540625,41.596875000000004,41.878125,41.85,0.0006765899999999999,-0.00067659,-0.0074424899999999995,-0.0067659,train/episode_170_part5/images/ZED_LEFT/ZED_LEFT_20251122_115346_698495.jpg,train/episode_170_part5/images/road_img/ZED_LEFT_20251122_115346_698495.jpg,0.55,0.518540,0.552629,0.530492,0.556398
20251122_115346_698495,41.56875,-0.022500000000000006,0.02927500000000001,0.31999999999999934,7.524999999999999,41.5828125,41.6109375,41.9203125,41.878125000000004,-0.00033829500000000495,-0.0010148850000000014,-0.008457375000000005,-0.007442490000000004,train/episode_170_part5/images/ZED_LEFT/ZED_LEFT_20251122_115346_698495.jpg,train/episode_170_part5/images/road_img/ZED_LEFT_20251122_115346_698495.jpg,0.55,0.518540,0.559514,0.529677,0.553850
20251122_115346_948495,41.56875,-0.0241,0.0311,0.19,7.2,41.625,41.625,41.9625,41.90625,-0.00135318,-0.00135318,-0.00947226,-0.00811908,train/episode_170_part5/images/ZED_LEFT/ZED_LEFT_20251122_115346_948495.jpg,train/episode_170_part5/images/road_img/ZED_LEFT_20251122_115346_948495.jpg,0.55,0.569556,0.554468,0.540492,0.548140
20251122_115346_948495,41.56875,-0.021674999999999982,0.02914999999999999,0.14249999999999968,6.849999999999998,41.6109375,41.653125,41.9625,41.8921875,-0.0010148849999999977,-0.0020297700000000045,-0.00947226,-0.007780784999999998,train/episode_170_part5/images/ZED_LEFT/ZED_LEFT_20251122_115346_948495.jpg,train/episode_170_part5/images/road_img/ZED_LEFT_20251122_115346_948495.jpg,0.55,0.569556,0.552585,0.547794,0.547989
20251122_115346_948495,41.56875,-0.01924999999999999,0.02719999999999999,0.09499999999999979,6.499999999999998,41.596875,41.68125,41.9625,41.878125,-0.0006765899999999985,-0.002706360000000003,-0.00947226,-0.007442489999999999,train/episode_170_part5/images/ZED_LEFT/ZED_LEFT_20251122_115346_948495.jpg,train/episode_170_part5/images/road_img/ZED_LEFT_20251122_115346_948495.jpg,0.55,0.569556,0.551923,0.552737,0.547421
20251122_115346_948495,41.56875,-0.016824999999999993,0.025249999999999995,0.0474999999999999,6.149999999999999,41.5828125,41.709375,41.9625,41.8640625,-0.0003382949999999993,-0.0033829500000000018,-0.00947226,-0.007104195,train/episode_170_part5/images/ZED_LEFT/ZED_LEFT_20251122_115346_948495.jpg,train/episode_170_part5/images/road_img/ZED_LEFT_20251122_115346_948495.jpg,0.55,0.569556,0.549169,0.555840,0.546503
20251122_115347_198495,41.56875,-0.014399999999999977,0.023300000000000015,-7.549516567451058e-16,5.799999999999997,41.56875,41.7375,41.9625,41.85,-5.993106011459299e-18,-0.004059539999999994,-0.009472260000000003,-0.0067659,train/episode_170_part5/images/ZED_LEFT/ZED_LEFT_20251122_115347_198495.jpg,train/episode_170_part5/images/road_img/ZED_LEFT_20251122_115347_198495.jpg,0.55,0.515845,0.544084,0.546628,0.554644
20251122_115347_198495,41.596875000000004,-0.011799999999999988,0.024725000000000007,-0.08500000000000038,5.449999999999998,41.625,41.7375,42.0046875,41.878125000000004,-0.0006747637500000031,-0.0033820369999999975,-0.009803250250000001,-0.0067613345,train/episode_170_part5/images/ZED_LEFT/ZED_LEFT_20251122_115347_198495.jpg,train/episode_170_part5/images/road_img/ZED_LEFT_20251122_115347_198495.jpg,0.55,0.515845,0.539952,0.539863,0.554379
20251122_115347_198495,41.625,-0.009199999999999977,0.026150000000000014,-0.17000000000000076,5.099999999999997,41.681250000000006,41.7375,42.046875,41.90625,-0.0013495275000000061,-0.002704533999999994,-0.010134240500000002,-0.006756769,train/episode_170_part5/images/ZED_LEFT/ZED_LEFT_20251122_115347_198495.jpg,train/episode_170_part5/images/road_img/ZED_LEFT_20251122_115347_198495.jpg,0.55,0.515845,0.535731,0.534779,0.554431
20251122_115347_198495,41.653125,-0.006599999999999989,0.02757500000000001,-0.2550000000000004,4.749999999999998,41.737500000000004,41.7375,42.089062500000004,41.934375,-0.002024291250000003,-0.002027030999999997,-0.010465230750000002,-0.0067522035,train/episode_170_part5/images/ZED_LEFT/ZED_LEFT_20251122_115347_198495.jpg,train/episode_170_part5/images/road_img/ZED_LEFT_20251122_115347_198495.jpg,0.55,0.515845,0.531535,0.530843,0.554877
20251122_115347_448495,41.68125,-0.004,0.029,-0.34,4.4,41.79375,41.7375,42.13125,41.9625,-0.002699055,-0.001349528,-0.010796221,-0.006747638,train/episode_170_part5/images/ZED_LEFT/ZED_LEFT_20251122_115347_448495.jpg,train/episode_170_part5/images/road_img/ZED_LEFT_20251122_115347_448495.jpg,0.55,0.556127,0.528675,0.535323,0.537446
20251122_115347_448495,41.7375,0.003599999999999966,0.026250000000000013,-0.3674999999999999,4.4,41.821875,41.779687499999994,42.159375,41.990625,-0.002024291250000003,-0.0010121460000000015,-0.010110588500000003,-0.006067440000000003,train/episode_170_part5/images/ZED_LEFT/ZED_LEFT_20251122_115347_448495.jpg,train/episode_170_part5/images/road_img/ZED_LEFT_20251122_115347_448495.jpg,0.55,0.556127,0.526826,0.538209,0.537996
20251122_115347_448495,41.79375,0.011200000000000066,0.023499999999999976,-0.39500000000000024,4.4,41.85,41.821875,42.1875,42.018750000000004,-0.001349527499999994,-0.000674763999999997,-0.009424955999999995,-0.0053872419999999935,train/episode_170_part5/images/ZED_LEFT/ZED_LEFT_20251122_115347_448495.jpg,train/episode_170_part5/images/road_img/ZED_LEFT_20251122_115347_448495.jpg,0.55,0.556127,0.526840,0.540193,0.538527
20251122_115347_448495,41.85,0.018800000000000032,0.020749999999999987,-0.42250000000000015,4.4,41.878125000000004,41.8640625,42.215625,42.046875,-0.0006747637499999971,-0.0003373819999999985,-0.008739323499999996,-0.004707043999999997,train/episode_170_part5/images/ZED_LEFT/ZED_LEFT_20251122_115347_448495.jpg,train/episode_170_part5/images/road_img/ZED_LEFT_20251122_115347_448495.jpg,0.55,0.556127,0.528905,0.541780,0.539261
20251122_115347_698495,41.90625,0.0264,0.018,-0.45,4.4,41.90625,41.90625,42.24375,42.075,0.0,0.0,-0.008053691,-0.004026846,train/episode_170_part5/images/ZED_LEFT/ZED_LEFT_20251122_115347_698495.jpg,train/episode_170_part5/images/road_img/ZED_LEFT_20251122_115347_698495.jpg,0.55,0.503035,0.534854,0.533906,0.534874
20251122_115347_698495,41.9484375,0.022175000000000018,0.019349999999999992,-0.4300000000000001,4.4,41.9625,41.934374999999996,42.3140625,42.13125,-0.00033422449999999853,0.00033422449999999853,-0.008714064999999997,-0.004357032999999998,train/episode_170_part5/images/ZED_LEFT/ZED_LEFT_20251122_115347_698495.jpg,train/episode_170_part5/images/road_img/ZED_LEFT_20251122_115347_698495.jpg,0.55,0.503035,0.542816,0.529296,0.535725
20251122_115347_698495,41.990625,0.017950000000000035,0.02069999999999999,-0.4100000000000002,4.4,42.01875,41.9625,42.384375,42.1875,-0.0006684489999999971,0.0006684489999999971,-0.009374438999999995,-0.004687219999999997,train/episode_170_part5/images/ZED_LEFT/ZED_LEFT_20251122_115347_698495.jpg,train/episode_170_part5/images/road_img/ZED_LEFT_20251122_115347_698495.jpg,0.55,0.503035,0.547931,0.526587,0.536273
20251122_115347_698495,42.032812500000006,0.013724999999999982,0.022050000000000007,-0.3899999999999999,4.4,42.075,41.990625,42.4546875,42.24375,-0.0010026735000000016,0.0010026735000000016,-0.010034813000000004,-0.0050174070000000015,train/episode_170_part5/images/ZED_LEFT/ZED_LEFT_20251122_115347_698495.jpg,train/episode_170_part5/images/road_img/ZED_LEFT_20251122_115347_698495.jpg,0.55,0.503035,0.545807,0.524394,0.536262
20251122_115347_948495,42.075,0.0095,0.0234,-0.37,4.4,42.13125,42.01875,42.525,42.3,-0.001336898,0.001336898,-0.010695187,-0.005347594,train/episode_170_part5/images/ZED_LEFT/ZED_LEFT_20251122_115347_948495.jpg,train/episode_170_part5/images/road_img/ZED_LEFT_20251122_115347_948495.jpg,0.55,0.528360,0.536243,0.526523,0.554437
20251122_115347_948495,42.075,0.0066,0.02535,-0.3575,4.425000000000001,42.13125,42.046875,42.525,42.3140625,-0.001336898,0.000668449,-0.010695187,-0.0056818185,train/episode_170_part5/images/ZED_LEFT/ZED_LEFT_20251122_115347_948495.jpg,train/episode_170_part5/images/road_img/ZED_LEFT_20251122_115347_948495.jpg,0.55,0.528360,0.529796,0.527253,0.553570
20251122_115347_948495,42.075,0.0037,0.027299999999999998,-0.345,4.45,42.13125,42.075,42.525,42.328125,-0.001336898,0.0,-0.010695187,-0.006016043,train/episode_170_part5/images/ZED_LEFT/ZED_LEFT_20251122_115347_948495.jpg,train/episode_170_part5/images/road_img/ZED_LEFT_20251122_115347_948495.jpg,0.55,0.528360,0.525884,0.527263,0.552840
20251122_115347_948495,42.075,0.0008000000000000004,0.029249999999999998,-0.3325,4.475,42.13125,42.103125,42.525,42.3421875,-0.001336898,-0.0006684490000000002,-0.010695187,-0.0063502675,train/episode_170_part5/images/ZED_LEFT/ZED_LEFT_20251122_115347_948495.jpg,train/episode_170_part5/images/road_img/ZED_LEFT_20251122_115347_948495.jpg,0.55,0.528360,0.524079,0.527018,0.552377
20251122_115348_198495,42.075,-0.002099999999999907,0.031199999999999922,-0.320000000000001,4.5,42.13125,42.13125,42.525,42.35625,-0.0013368979999999941,-0.001336898,-0.010695187,-0.006684491999999982,train/episode_170_part5/images/ZED_LEFT/ZED_LEFT_20251122_115348_198495.jpg,train/episode_170_part5/images/road_img/ZED_LEFT_20251122_115348_198495.jpg,0.55,0.542397,0.525012,0.529273,0.524521
20251122_115348_198495,42.13125,0.00312500000000007,0.02699999999999994,-0.3775000000000008,4.5,42.1734375,42.1875,42.58125,42.370312500000004,-0.0010026734999999955,-0.00133512025,-0.010680964749999999,-0.005678262499999987,train/episode_170_part5/images/ZED_LEFT/ZED_LEFT_20251122_115348_198495.jpg,train/episode_170_part5/images/road_img/ZED_LEFT_20251122_115348_198495.jpg,0.55,0.542397,0.525148,0.530847,0.524442
20251122_115348_198495,42.1875,0.008350000000000048,0.02279999999999996,-0.43500000000000055,4.5,42.215625,42.243750000000006,42.6375,42.384375000000006,-0.000668448999999997,-0.0013333425,-0.0106667425,-0.004672032999999991,train/episode_170_part5/images/ZED_LEFT/ZED_LEFT_20251122_115348_198495.jpg,train/episode_170_part5/images/road_img/ZED_LEFT_20251122_115348_198495.jpg,0.55,0.542397,0.525096,0.531921,0.524448
20251122_115348_198495,42.24375,0.013575000000000026,0.01859999999999998,-0.49250000000000027,4.5,42.2578125,42.300000000000004,42.69375,42.3984375,-0.00033422449999999837,-0.00133156475,-0.010652520249999999,-0.0036658034999999954,train/episode_170_part5/images/ZED_LEFT/ZED_LEFT_20251122_115348_198495.jpg,train/episode_170_part5/images/road_img/ZED_LEFT_20251122_115348_198495.jpg,0.55,0.542397,0.527699,0.533010,0.525069
20251122_115348_448495,42.3,0.01880000000000018,0.014400000000000074,-0.5499999999999994,4.500000000000001,42.3,42.35625,42.75,42.4125,-1.7692798337520782e-17,-0.0013297869999999822,-0.010638297999999994,-0.002659574000000018,train/episode_170_part5/images/ZED_LEFT/ZED_LEFT_20251122_115348_448495.jpg,train/episode_170_part5/images/road_img/ZED_LEFT_20251122_115348_448495.jpg,0.55,0.553559,0.541146,0.537418,0.547081
20251122_115348_448495,42.3140625,0.028950000000000135,0.018600000000000054,-0.5124999999999995,4.575000000000001,42.356249999999996,42.328125,42.75,42.46875,-0.0009960160000000132,-0.00033332974999998686,-0.010302760749999995,-0.003654707000000013,train/episode_170_part5/images/ZED_LEFT/ZED_LEFT_20251122_115348_448495.jpg,train/episode_170_part5/images/road_img/ZED_LEFT_20251122_115348_448495.jpg,0.55,0.553559,0.557084,0.542771,0.548910
20251122_115348_448495,42.328125,0.03910000000000009,0.022800000000000036,-0.4749999999999997,4.65,42.4125,42.3,42.75,42.525000000000006,-0.0019920320000000086,0.0006631275000000085,-0.009967223499999997,-0.004649840000000009,train/episode_170_part5/images/ZED_LEFT/ZED_LEFT_20251122_115348_448495.jpg,train/episode_170_part5/images/road_img/ZED_LEFT_20251122_115348_448495.jpg,0.55,0.553559,0.566430,0.547886,0.550628
20251122_115348_448495,42.3421875,0.049250000000000044,0.027000000000000017,-0.4374999999999999,4.7250000000000005,42.46875,42.271875,42.75,42.581250000000004,-0.0029880480000000044,0.0016595847500000041,-0.009631686249999999,-0.0056449730000000045,train/episode_170_part5/images/ZED_LEFT/ZED_LEFT_20251122_115348_448495.jpg,train/episode_170_part5/images/road_img/ZED_LEFT_20251122_115348_448495.jpg,0.55,0.553559,0.565978,0.551415,0.552063
20251122_115348_698495,42.35625,0.0594,0.0312,-0.4,4.8,42.525,42.24375,42.75,42.6375,-0.003984064,0.002656042,-0.009296149,-0.006640106,train/episode_170_part5/images/ZED_LEFT/ZED_LEFT_20251122_115348_698495.jpg,train/episode_170_part5/images/road_img/ZED_LEFT_20251122_115348_698495.jpg,0.55,0.577480,0.562164,0.556973,0.532264
20251122_115348_698495,42.384375000000006,0.039274999999999734,0.027849999999999955,-0.19999999999999735,4.950000000000002,42.5390625,42.2859375,42.7640625,42.6796875,-0.0036502997499999953,0.0023231572499999957,-0.008958866749999995,-0.006966834500000005,train/episode_170_part5/images/ZED_LEFT/ZED_LEFT_20251122_115348_698495.jpg,train/episode_170_part5/images/road_img/ZED_LEFT_20251122_115348_698495.jpg,0.55,0.577480,0.559725,0.560503,0.533542
20251122_115348_698495,42.4125,0.01914999999999982,0.02449999999999997,1.7763568394002505e-15,5.100000000000001,42.553125,42.328125,42.778125,42.721875000000004,-0.003316535499999997,0.001990272499999997,-0.008621584499999998,-0.007293563000000003,train/episode_170_part5/images/ZED_LEFT/ZED_LEFT_20251122_115348_698495.jpg,train/episode_170_part5/images/road_img/ZED_LEFT_20251122_115348_698495.jpg,0.55,0.577480,0.548251,0.561339,0.530223
20251122_115348_698495,42.440625000000004,-0.0009750000000000869,0.021149999999999985,0.20000000000000095,5.250000000000001,42.567187499999996,42.370312500000004,42.7921875,42.7640625,-0.0029827712499999985,0.0016573877499999987,-0.008284302249999998,-0.007620291500000002,train/episode_170_part5/images/ZED_LEFT/ZED_LEFT_20251122_115348_698495.jpg,train/episode_170_part5/images/road_img/ZED_LEFT_20251122_115348_698495.jpg,0.55,0.577480,0.533532,0.559976,0.525346
20251122_115348_948495,42.46875,-0.0211,0.0178,0.4,5.4,42.58125,42.4125,42.80625,42.80625,-0.002649007,0.001324503,-0.00794702,-0.00794702,train/episode_170_part5/images/ZED_LEFT/ZED_LEFT_20251122_115348_948495.jpg,train/episode_170_part5/images/road_img/ZED_LEFT_20251122_115348_948495.jpg,0.55,0.532495,0.539351,0.552718,0.539423
20251122_115348_948495,42.525,-0.01657500000000002,0.02242499999999998,0.19750000000000092,5.5,42.567187499999996,42.384375,42.80625,42.834375,-0.0009986130000000071,0.0032990424999999914,-0.006619026500000007,-0.007277788000000004,train/episode_170_part5/images/ZED_LEFT/ZED_LEFT_20251122_115348_948495.jpg,train/episode_170_part5/images/road_img/ZED_LEFT_20251122_115348_948495.jpg,0.55,0.532495,0.538751,0.547566,0.537268
20251122_115348_948495,42.581250000000004,-0.01204999999999996,0.02705000000000004,-0.005000000000001781,5.600000000000001,42.553124999999994,42.356249999999996,42.80625,42.862500000000004,0.0006517810000000149,0.005273582000000018,-0.005291032999999988,-0.006608555999999995,train/episode_170_part5/images/ZED_LEFT/ZED_LEFT_20251122_115348_948495.jpg,train/episode_170_part5/images/road_img/ZED_LEFT_20251122_115348_948495.jpg,0.55,0.532495,0.541266,0.544344,0.535861
20251122_115348_948495,42.6375,-0.00752499999999998,0.03167500000000002,-0.2075000000000009,5.7,42.5390625,42.328125,42.80625,42.890625,0.002302175000000008,0.00724812150000001,-0.003963039499999994,-0.005939323999999997,train/episode_170_part5/images/ZED_LEFT/ZED_LEFT_20251122_115348_948495.jpg,train/episode_170_part5/images/road_img/ZED_LEFT_20251122_115348_948495.jpg,0.55,0.532495,0.541395,0.542122,0.536316
20251122_115349_198495,42.69375,-0.003,0.0363,-0.41,5.8,42.525,42.3,42.80625,42.91875,0.003952569,0.009222661,-0.002635046,-0.005270092,train/episode_170_part5/images/ZED_LEFT/ZED_LEFT_20251122_115349_198495.jpg,train/episode_170_part5/images/road_img/ZED_LEFT_20251122_115349_198495.jpg,0.55,0.501848,0.566306,0.539136,0.536151
20251122_115349_198495,42.721875,0.0036000000000000008,0.027674999999999998,-0.16249999999999995,5.75,42.553125,42.3984375,42.9046875,42.91875,0.003949972,0.007574026,-0.00427589025,-0.00460959925,train/episode_170_part5/images/ZED_LEFT/ZED_LEFT_20251122_115349_198495.jpg,train/episode_170_part5/images/road_img/ZED_LEFT_20251122_115349_198495.jpg,0.55,0.501848,0.604201,0.540651,0.539992
20251122_115349_198495,42.75,0.0102,0.01905,0.08500000000000008,5.699999999999999,42.58125,42.496875,43.003125,42.91875,0.003947375,0.005925391,-0.0059167345000000005,-0.0039491065,train/episode_170_part5/images/ZED_LEFT/ZED_LEFT_20251122_115349_198495.jpg,train/episode_170_part5/images/road_img/ZED_LEFT_20251122_115349_198495.jpg,0.55,0.501848,0.590445,0.539319,0.538845
20251122_115349_198495,42.778125,0.01680000000000012,0.010424999999999848,0.3325000000000045,5.649999999999999,42.609375,42.595312500000006,43.1015625,42.91875,0.003944778,0.004276755999999972,-0.00755757875000003,-0.0032886137499999885,train/episode_170_part5/images/ZED_LEFT/ZED_LEFT_20251122_115349_198495.jpg,train/episode_170_part5/images/road_img/ZED_LEFT_20251122_115349_198495.jpg,0.55,0.501848,0.554196,0.534009,0.535028
20251122_115349_448495,42.80625,0.023399999999999838,0.0018000000000000123,0.5799999999999953,5.599999999999994,42.6375,42.69375,43.2,42.91875,0.003942180999999971,0.002628121,-0.009198423000000006,-0.002628121000000006,train/episode_170_part5/images/ZED_LEFT/ZED_LEFT_20251122_115349_448495.jpg,train/episode_170_part5/images/road_img/ZED_LEFT_20251122_115349_448495.jpg,0.55,0.527222,0.540421,0.533525,0.525664
20251122_115349_448495,42.834375,0.014249999999999879,0.002500000000000009,0.31999999999999645,5.274999999999995,42.735937500000006,42.721875000000004,43.2421875,42.9609375,0.0023013277499999785,0.00262639875,-0.009520049250000004,-0.0029540527500000044,train/episode_170_part5/images/ZED_LEFT/ZED_LEFT_20251122_115349_448495.jpg,train/episode_170_part5/images/road_img/ZED_LEFT_20251122_115349_448495.jpg,0.55,0.527222,0.551732,0.534561,0.526975
20251122_115349_448495,42.862500000000004,0.005099999999999921,0.0032000000000000062,0.05999999999999761,4.949999999999997,42.834375,42.75,43.284375000000004,43.003125000000004,0.0006604744999999857,0.0026246765,-0.009841675500000003,-0.003279984500000003,train/episode_170_part5/images/ZED_LEFT/ZED_LEFT_20251122_115349_448495.jpg,train/episode_170_part5/images/road_img/ZED_LEFT_20251122_115349_448495.jpg,0.55,0.527222,0.565942,0.536948,0.528761
20251122_115349_448495,42.890625,-0.00405000000000004,0.0039000000000000033,-0.2000000000000013,4.624999999999998,42.932812500000004,42.778125,43.3265625,43.0453125,-0.000980378750000007,0.0026229542499999997,-0.010163301750000001,-0.0036059162500000014,train/episode_170_part5/images/ZED_LEFT/ZED_LEFT_20251122_115349_448495.jpg,train/episode_170_part5/images/road_img/ZED_LEFT_20251122_115349_448495.jpg,0.55,0.527222,0.578734,0.539974,0.530193
20251122_115349_698495,42.91875,-0.013199999999999863,0.004600000000000187,-0.4599999999999988,4.299999999999998,43.03125,42.80625,43.36875,43.0875,-0.002621231999999988,0.002621231999999994,-0.010484927999999987,-0.003931848,train/episode_170_part5/images/ZED_LEFT/ZED_LEFT_20251122_115349_698495.jpg,train/episode_170_part5/images/road_img/ZED_LEFT_20251122_115349_698495.jpg,0.55,0.540686,0.587276,0.545474,0.529718
20251122_115349_698495,42.9609375,-0.005524999999999898,0.01512500000000014,-0.3924999999999991,4.199999999999998,43.0453125,42.8625,43.3828125,43.1296875,-0.0019659239999999913,0.0022922947499999955,-0.00982192049999999,-0.00392799825,train/episode_170_part5/images/ZED_LEFT/ZED_LEFT_20251122_115349_698495.jpg,train/episode_170_part5/images/road_img/ZED_LEFT_20251122_115349_698495.jpg,0.55,0.540686,0.582532,0.548749,0.528689
20251122_115349_698495,43.003125000000004,0.0021500000000000685,0.025650000000000093,-0.3249999999999994,4.099999999999999,43.059375,42.91875,43.396875,43.171875,-0.001310615999999994,0.001963357499999997,-0.009158912999999994,-0.0039241484999999994,train/episode_170_part5/images/ZED_LEFT/ZED_LEFT_20251122_115349_698495.jpg,train/episode_170_part5/images/road_img/ZED_LEFT_20251122_115349_698495.jpg,0.55,0.540686,0.564580,0.549079,0.526858
20251122_115349_698495,43.0453125,0.009825000000000035,0.03617500000000005,-0.25749999999999973,3.9999999999999996,43.0734375,42.975,43.410937499999996,43.214062500000004,-0.0006553079999999968,0.0016344202499999985,-0.008495905499999996,-0.00392029875,train/episode_170_part5/images/ZED_LEFT/ZED_LEFT_20251122_115349_698495.jpg,train/episode_170_part5/images/road_img/ZED_LEFT_20251122_115349_698495.jpg,0.55,0.540686,0.544033,0.546966,0.525297
20251122_115349_948495,43.0875,0.0175,0.0467,-0.19,3.9,43.0875,43.03125,43.425,43.25625,0.0,0.001305483,-0.007832898,-0.003916449,train/episode_170_part5/images/ZED_LEFT/ZED_LEFT_20251122_115349_948495.jpg,train/episode_170_part5/images/road_img/ZED_LEFT_20251122_115349_948495.jpg,0.55,0.523605,0.549428,0.543113,0.527783
20251122_115349_948495,43.115625,0.011974999999999927,0.037374999999999874,-0.33000000000000185,3.8749999999999996,43.115625,43.073437500000004,43.453125,43.284375000000004,0.0,0.0009791122499999958,-0.0078277985,-0.00391389925,train/episode_170_part5/images/ZED_LEFT/ZED_LEFT_20251122_115349_948495.jpg,train/episode_170_part5/images/road_img/ZED_LEFT_20251122_115349_948495.jpg,0.55,0.523605,0.597594,0.545743,0.539151
20251122_115349_948495,43.143750000000004,0.006449999999999952,0.028049999999999915,-0.47000000000000125,3.8499999999999996,43.143750000000004,43.115625,43.48125,43.3125,0.0,0.0006527414999999971,-0.007822698999999999,-0.0039113494999999995,train/episode_170_part5/images/ZED_LEFT/ZED_LEFT_20251122_115349_948495.jpg,train/episode_170_part5/images/road_img/ZED_LEFT_20251122_115349_948495.jpg,0.55,0.523605,0.621862,0.549271,0.544353
20251122_115349_948495,43.171875,0.0009249999999999779,0.018724999999999957,-0.6100000000000007,3.8249999999999997,43.171875,43.157812500000006,43.509375,43.340625,0.0,0.0003263707499999986,-0.0078175995,-0.00390879975,train/episode_170_part5/images/ZED_LEFT/ZED_LEFT_20251122_115349_948495.jpg,train/episode_170_part5/images/road_img/ZED_LEFT_20251122_115349_948495.jpg,0.55,0.523605,0.580581,0.547319,0.533085
20251122_115350_198495,43.2,-0.0046,0.0094,-0.75,3.8,43.2,43.2,43.5375,43.36875,0.0,0.0,-0.0078125,-0.00390625,train/episode_170_part5/images/ZED_LEFT/ZED_LEFT_20251122_115350_198495.jpg,train/episode_170_part5/images/road_img/ZED_LEFT_20251122_115350_198495.jpg,0.55,0.542944,0.566603,0.548480,0.532669
20251122_115350_198495,43.228125,0.008124999999999945,0.016899999999999967,-0.7575,3.775,43.25625,43.228125,43.59375,43.396875,-0.000649350749999997,0.0,-0.008456777499999997,-0.0039037135000000002,train/episode_170_part5/images/ZED_LEFT/ZED_LEFT_20251122_115350_198495.jpg,train/episode_170_part5/images/road_img/ZED_LEFT_20251122_115350_198495.jpg,0.55,0.542944,0.590647,0.551757,0.534044
20251122_115350_198495,43.25625,0.020850000000000115,0.024400000000000067,-0.7650000000000001,3.75,43.3125,43.25625,43.650000000000006,43.425000000000004,-0.0012987015000000056,0.0,-0.009101055000000005,-0.003901177,train/episode_170_part5/images/ZED_LEFT/ZED_LEFT_20251122_115350_198495.jpg,train/episode_170_part5/images/road_img/ZED_LEFT_20251122_115350_198495.jpg,0.55,0.542944,0.612785,0.555998,0.536952
20251122_115350_198495,43.284375000000004,0.033575000000000056,0.03190000000000003,-0.7725000000000001,3.725,43.36875,43.284375000000004,43.706250000000004,43.453125,-0.0019480522500000027,0.0,-0.009745332500000004,-0.0038986405,train/episode_170_part5/images/ZED_LEFT/ZED_LEFT_20251122_115350_198495.jpg,train/episode_170_part5/images/road_img/ZED_LEFT_20251122_115350_198495.jpg,0.55,0.542944,0.614531,0.558799,0.539706
20251122_115350_448495,43.3125,0.0463,0.0394,-0.78,3.7,43.425,43.3125,43.7625,43.48125,-0.002597403,0.0,-0.01038961,-0.003896104,train/episode_170_part5/images/ZED_LEFT/ZED_LEFT_20251122_115350_448495.jpg,train/episode_170_part5/images/road_img/ZED_LEFT_20251122_115350_448495.jpg,0.55,0.553363,0.613972,0.562717,0.539757
20251122_115350_448495,43.3546875,0.03455,0.032575,-0.7575000000000001,3.7,43.453125,43.3546875,43.790625000000006,43.5234375,-0.0022714675,0.0,-0.010056114250000001,-0.00389232375,train/episode_170_part5/images/ZED_LEFT/ZED_LEFT_20251122_115350_448495.jpg,train/episode_170_part5/images/road_img/ZED_LEFT_20251122_115350_448495.jpg,0.55,0.553363,0.634523,0.566872,0.549430
20251122_115350_448495,43.396875,0.0228,0.02575,-0.735,3.7,43.48125,43.396875,43.81875,43.565625,-0.0019455319999999998,0.0,-0.0097226185,-0.0038885435,train/episode_170_part5/images/ZED_LEFT/ZED_LEFT_20251122_115350_448495.jpg,train/episode_170_part5/images/road_img/ZED_LEFT_20251122_115350_448495.jpg,0.55,0.553363,0.636253,0.569474,0.550440
20251122_115350_448495,43.439062500000006,0.01104999999999979,0.018924999999999876,-0.7124999999999996,3.7,43.509375,43.439062500000006,43.846875000000004,43.6078125,-0.0016195964999999942,0.0,-0.009389122749999994,-0.00388476325,train/episode_170_part5/images/ZED_LEFT/ZED_LEFT_20251122_115350_448495.jpg,train/episode_170_part5/images/road_img/ZED_LEFT_20251122_115350_448495.jpg,0.55,0.553363,0.614870,0.569511,0.541187
20251122_115350_698495,43.48125,-0.0006999999999998268,0.012100000000000038,-0.6900000000000001,3.700000000000001,43.5375,43.48125,43.875,43.65,-0.001293661,-1.147517192379154e-17,-0.009055627000000005,-0.003880983,train/episode_170_part5/images/ZED_LEFT/ZED_LEFT_20251122_115350_698495.jpg,train/episode_170_part5/images/road_img/ZED_LEFT_20251122_115350_698495.jpg,0.55,0.546716,0.606645,0.567376,0.538268
20251122_115350_698495,43.495312500000004,0.00905000000000013,0.01422500000000003,-0.6950000000000001,3.750000000000001,43.5515625,43.5234375,43.903125,43.6640625,-0.00129324325,-0.0006459947500000086,-0.009375699500000004,-0.0038797295,train/episode_170_part5/images/ZED_LEFT/ZED_LEFT_20251122_115350_698495.jpg,train/episode_170_part5/images/road_img/ZED_LEFT_20251122_115350_698495.jpg,0.55,0.546716,0.618688,0.566624,0.537755
20251122_115350_698495,43.509375000000006,0.018800000000000087,0.016350000000000017,-0.7,3.8000000000000007,43.565625000000004,43.565625000000004,43.93125,43.678125,-0.0012928255,-0.0012919895000000057,-0.009695772000000004,-0.003878476,train/episode_170_part5/images/ZED_LEFT/ZED_LEFT_20251122_115350_698495.jpg,train/episode_170_part5/images/road_img/ZED_LEFT_20251122_115350_698495.jpg,0.55,0.546716,0.632083,0.566690,0.538494
20251122_115350_698495,43.5234375,0.028550000000000048,0.01847500000000001,-0.705,3.85,43.5796875,43.6078125,43.959375,43.692187499999996,-0.00129240775,-0.001937984250000003,-0.010015844500000001,-0.0038772225,train/episode_170_part5/images/ZED_LEFT/ZED_LEFT_20251122_115350_698495.jpg,train/episode_170_part5/images/road_img/ZED_LEFT_20251122_115350_698495.jpg,0.55,0.546716,0.641622,0.566827,0.540582
20251122_115350_948495,43.5375,0.03829999999999974,0.020600000000000052,-0.7099999999999993,3.9000000000000066,43.59375,43.65,43.9875,43.70625,-0.0012919900000000057,-0.002583978999999983,-0.010335916999999988,-0.0038759690000000056,train/episode_170_part5/images/ZED_LEFT/ZED_LEFT_20251122_115350_948495.jpg,train/episode_170_part5/images/road_img/ZED_LEFT_20251122_115350_948495.jpg,0.55,0.542203,0.646778,0.565252,0.536067
20251122_115350_948495,43.5796875,0.023274999999999803,0.02352500000000004,-0.6749999999999995,4.275000000000005,43.65,43.65,44.0015625,43.762499999999996,-0.0016124932500000042,-0.0016162339999999872,-0.009682439749999992,-0.0041939780000000045,train/episode_170_part5/images/ZED_LEFT/ZED_LEFT_20251122_115350_948495.jpg,train/episode_170_part5/images/road_img/ZED_LEFT_20251122_115350_948495.jpg,0.55,0.542203,0.642966,0.563569,0.536993
20251122_115350_948495,43.621875,0.008249999999999869,0.02645000000000003,-0.6399999999999997,4.650000000000004,43.706250000000004,43.65,44.015625,43.81875,-0.001932996500000003,-0.0006484889999999915,-0.009028962499999994,-0.004511987000000003,train/episode_170_part5/images/ZED_LEFT/ZED_LEFT_20251122_115350_948495.jpg,train/episode_170_part5/images/road_img/ZED_LEFT_20251122_115350_948495.jpg,0.55,0.542203,0.624022,0.561279,0.534386
20251122_115350_948495,43.6640625,-0.006775000000000066,0.029375000000000016,-0.6049999999999998,5.025000000000002,43.7625,43.65,44.0296875,43.875,-0.0022534997500000013,0.0003192560000000043,-0.008375485249999997,-0.004829996000000001,train/episode_170_part5/images/ZED_LEFT/ZED_LEFT_20251122_115350_948495.jpg,train/episode_170_part5/images/road_img/ZED_LEFT_20251122_115350_948495.jpg,0.55,0.542203,0.604061,0.558784,0.529607
20251122_115351_198495,43.70625,-0.0218,0.0323,-0.57,5.4,43.81875,43.65,44.04375,43.93125,-0.002574003,0.001287001,-0.007722008,-0.005148005,train/episode_170_part5/images/ZED_LEFT/ZED_LEFT_20251122_115351_198495.jpg,train/episode_170_part5/images/road_img/ZED_LEFT_20251122_115351_198495.jpg,0.55,0.535568,0.610253,0.555667,0.536067
20251122_115351_198495,43.7203125,-0.02019999999999998,0.029574999999999966,-0.24999999999999573,6.375000000000013,43.790625,43.678125,44.04375,43.9453125,-0.0016091654999999872,0.0009652507499999958,-0.007398189749999996,-0.00514635075,train/episode_170_part5/images/ZED_LEFT/ZED_LEFT_20251122_115351_198495.jpg,train/episode_170_part5/images/road_img/ZED_LEFT_20251122_115351_198495.jpg,0.55,0.535568,0.599282,0.553008,0.531592
20251122_115351_198495,43.734375,-0.018599999999999985,0.026849999999999978,0.07000000000000284,7.350000000000009,43.762499999999996,43.706250000000004,44.04375,43.959375,-0.0006443279999999913,0.0006435004999999972,-0.0070743714999999974,-0.0051446964999999996,train/episode_170_part5/images/ZED_LEFT/ZED_LEFT_20251122_115351_198495.jpg,train/episode_170_part5/images/road_img/ZED_LEFT_20251122_115351_198495.jpg,0.55,0.535568,0.571464,0.549899,0.527620
20251122_115351_198495,43.7484375,-0.016999999999999994,0.024124999999999987,0.39000000000000135,8.325000000000005,43.734375,43.734375,44.04375,43.973437499999996,0.0003205095000000046,0.00032175024999999866,-0.006750553249999998,-0.00514304225,train/episode_170_part5/images/ZED_LEFT/ZED_LEFT_20251122_115351_198495.jpg,train/episode_170_part5/images/road_img/ZED_LEFT_20251122_115351_198495.jpg,0.55,0.535568,0.543346,0.546143,0.525413
20251122_115351_448495,43.7625,-0.0154,0.0214,0.71,9.3,43.70625,43.7625,44.04375,43.9875,0.001285347,0.0,-0.006426735,-0.005141388,train/episode_170_part5/images/ZED_LEFT/ZED_LEFT_20251122_115351_448495.jpg,train/episode_170_part5/images/road_img/ZED_LEFT_20251122_115351_448495.jpg,0.55,0.479741,0.571547,0.532128,0.530861
20251122_115351_448495,43.7625,-0.021049999999999975,0.0214,0.7624999999999997,9.275,43.7203125,43.790625,44.071875,44.029687499999994,0.0009640102500000016,-0.0006426734999999971,-0.007069408499999997,-0.006105398249999996,train/episode_170_part5/images/ZED_LEFT/ZED_LEFT_20251122_115351_448495.jpg,train/episode_170_part5/images/road_img/ZED_LEFT_20251122_115351_448495.jpg,0.55,0.479741,0.617813,0.522201,0.536642
20251122_115351_448495,43.7625,-0.02670000000000005,0.0214,0.8150000000000005,9.25,43.734375,43.81875,44.1,44.071875,0.0006426734999999972,-0.0012853470000000057,-0.0077120820000000055,-0.0070694085000000085,train/episode_170_part5/images/ZED_LEFT/ZED_LEFT_20251122_115351_448495.jpg,train/episode_170_part5/images/road_img/ZED_LEFT_20251122_115351_448495.jpg,0.55,0.479741,0.668428,0.514673,0.544393
20251122_115351_448495,43.7625,-0.032350000000000025,0.0214,0.8675000000000003,9.225,43.7484375,43.846875000000004,44.128125000000004,44.1140625,0.0003213367499999986,-0.001928020500000003,-0.008354755500000002,-0.008033418750000004,train/episode_170_part5/images/ZED_LEFT/ZED_LEFT_20251122_115351_448495.jpg,train/episode_170_part5/images/road_img/ZED_LEFT_20251122_115351_448495.jpg,0.55,0.479741,0.714198,0.508883,0.552405
20251122_115351_698495,43.7625,-0.038,0.0214,0.92,9.2,43.7625,43.875,44.15625,44.15625,0.0,-0.002570694,-0.008997429,-0.008997429,train/episode_170_part5/images/ZED_LEFT/ZED_LEFT_20251122_115351_698495.jpg,train/episode_170_part5/images/road_img/ZED_LEFT_20251122_115351_698495.jpg,0.55,0.522505,0.745610,0.517190,0.559091
20251122_115351_698495,43.8046875,-0.033475,0.02285,0.8150000000000001,8.95,43.81875,43.9171875,44.184375,44.184375,-0.0003201025,-0.0025682252500000002,-0.00866868625,-0.00866868625,train/episode_170_part5/images/ZED_LEFT/ZED_LEFT_20251122_115351_698495.jpg,train/episode_170_part5/images/road_img/ZED_LEFT_20251122_115351_698495.jpg,0.55,0.522505,0.756921,0.522583,0.560822
20251122_115351_698495,43.846875,-0.02895,0.0243,0.71,8.7,43.875,43.959375,44.2125,44.2125,-0.000640205,-0.0025657565000000004,-0.008339943499999999,-0.008339943499999999,train/episode_170_part5/images/ZED_LEFT/ZED_LEFT_20251122_115351_698495.jpg,train/episode_170_part5/images/road_img/ZED_LEFT_20251122_115351_698495.jpg,0.55,0.522505,0.746931,0.525978,0.558951
20251122_115351_698495,43.8890625,-0.02442499999999992,0.025750000000000023,0.6049999999999982,8.449999999999996,43.93125,44.001562500000006,44.240625,44.240625,-0.0009603075000000057,-0.00256328775,-0.008011200749999994,-0.008011200749999994,train/episode_170_part5/images/ZED_LEFT/ZED_LEFT_20251122_115351_698495.jpg,train/episode_170_part5/images/road_img/ZED_LEFT_20251122_115351_698495.jpg,0.55,0.522505,0.717744,0.528013,0.553998
20251122_115351_948495,43.93125,-0.01990000000000012,0.027199999999999967,0.49999999999999867,8.199999999999998,43.9875,44.04375,44.26875,44.26875,-0.00128041,-0.002560818999999989,-0.007682458000000011,-0.007682457999999988,train/episode_170_part5/images/ZED_LEFT/ZED_LEFT_20251122_115351_948495.jpg,train/episode_170_part5/images/road_img/ZED_LEFT_20251122_115351_948495.jpg,0.55,0.514726,0.671504,0.526796,0.542457
20251122_115351_948495,43.9453125,-0.02647500000000009,0.025524999999999978,0.424999999999999,8.099999999999998,44.0015625,44.0296875,44.3109375,44.254687499999996,-0.0012800005,-0.0019206142499999916,-0.008319388250000009,-0.007040615999999991,train/episode_170_part5/images/ZED_LEFT/ZED_LEFT_20251122_115351_948495.jpg,train/episode_170_part5/images/road_img/ZED_LEFT_20251122_115351_948495.jpg,0.55,0.514726,0.637532,0.525667,0.535881
20251122_115351_948495,43.959375,-0.03305000000000006,0.023849999999999986,0.3499999999999993,7.999999999999998,44.015625,44.015625,44.353125,44.240624999999994,-0.001279591,-0.0012804094999999945,-0.008956318500000006,-0.006398773999999994,train/episode_170_part5/images/ZED_LEFT/ZED_LEFT_20251122_115351_948495.jpg,train/episode_170_part5/images/road_img/ZED_LEFT_20251122_115351_948495.jpg,0.55,0.514726,0.616712,0.524627,0.530628
20251122_115351_948495,43.973437499999996,-0.03962500000000003,0.022174999999999993,0.2749999999999997,7.8999999999999995,44.0296875,44.0015625,44.3953125,44.2265625,-0.0012791815,-0.0006402047499999973,-0.009593248750000003,-0.005756931999999998,train/episode_170_part5/images/ZED_LEFT/ZED_LEFT_20251122_115351_948495.jpg,train/episode_170_part5/images/road_img/ZED_LEFT_20251122_115351_948495.jpg,0.55,0.514726,0.611733,0.523667,0.527999
20251122_115352_198495,43.9875,-0.04619999999999976,0.020499999999999977,0.2000000000000001,7.8,44.04375,43.9875,44.4375,44.2125,-0.0012787719999999944,-1.7014913922253058e-17,-0.010230178999999989,-0.0051150900000000174,train/episode_170_part5/images/ZED_LEFT/ZED_LEFT_20251122_115352_198495.jpg,train/episode_170_part5/images/road_img/ZED_LEFT_20251122_115352_198495.jpg,0.55,0.544583,0.619908,0.531682,0.527400
20251122_115352_198495,44.0015625,-0.03307499999999983,0.019124999999999982,0.20500000000000007,7.7749999999999995,44.04375,44.043749999999996,44.4234375,44.26875,-0.0009590789999999958,-0.0009578545000000128,-0.009588342999999992,-0.006071311000000013,train/episode_170_part5/images/ZED_LEFT/ZED_LEFT_20251122_115352_198495.jpg,train/episode_170_part5/images/road_img/ZED_LEFT_20251122_115352_198495.jpg,0.55,0.544583,0.614927,0.537389,0.525999
20251122_115352_198495,44.015625,-0.019949999999999884,0.017749999999999988,0.21000000000000005,7.75,44.04375,44.1,44.409375,44.325,-0.0006393859999999972,-0.0019157090000000087,-0.008946506999999994,-0.007027532000000008,train/episode_170_part5/images/ZED_LEFT/ZED_LEFT_20251122_115352_198495.jpg,train/episode_170_part5/images/road_img/ZED_LEFT_20251122_115352_198495.jpg,0.55,0.544583,0.599146,0.541276,0.523620
20251122_115352_198495,44.0296875,-0.006824999999999942,0.016374999999999994,0.21500000000000002,7.725,44.04375,44.15625,44.3953125,44.38125,-0.0003196929999999986,-0.0028735635000000045,-0.008304670999999998,-0.007983753000000003,train/episode_170_part5/images/ZED_LEFT/ZED_LEFT_20251122_115352_198495.jpg,train/episode_170_part5/images/road_img/ZED_LEFT_20251122_115352_198495.jpg,0.55,0.544583,0.577188,0.543594,0.520928
20251122_115352_448495,44.04375,0.0063,0.015,0.22,7.7,44.04375,44.2125,44.38125,44.4375,0.0,-0.003831418,-0.007662835,-0.008939974,train/episode_170_part5/images/ZED_LEFT/ZED_LEFT_20251122_115352_448495.jpg,train/episode_170_part5/images/road_img/ZED_LEFT_20251122_115352_448495.jpg,0.55,0.562849,0.557239,0.549070,0.535896
20251122_115352_448495,44.071875000000006,0.0009749999999999056,0.018700000000000064,0.25000000000000056,7.7250000000000005,44.071875000000006,44.1984375,44.4234375,44.409375,0.0,-0.0028735634999999832,-0.007976425500000005,-0.007660394499999977,train/episode_170_part5/images/ZED_LEFT/ZED_LEFT_20251122_115352_448495.jpg,train/episode_170_part5/images/road_img/ZED_LEFT_20251122_115352_448495.jpg,0.55,0.562849,0.543857,0.552011,0.534695
20251122_115352_448495,44.1,-0.00435,0.0224,0.28,7.75,44.1,44.184375,44.465625,44.38125,0.0,-0.001915709,-0.008290016,-0.006380815,train/episode_170_part5/images/ZED_LEFT/ZED_LEFT_20251122_115352_448495.jpg,train/episode_170_part5/images/road_img/ZED_LEFT_20251122_115352_448495.jpg,0.55,0.562849,0.536794,0.553443,0.534788
20251122_115352_448495,44.128125000000004,-0.009675000000000093,0.026100000000000064,0.31000000000000055,7.775,44.128125000000004,44.1703125,44.5078125,44.353125,0.0,-0.000957854499999983,-0.008603606500000006,-0.005101235499999977,train/episode_170_part5/images/ZED_LEFT/ZED_LEFT_20251122_115352_448495.jpg,train/episode_170_part5/images/road_img/ZED_LEFT_20251122_115352_448495.jpg,0.55,0.562849,0.537085,0.554301,0.536209
20251122_115352_698495,44.15625,-0.014999999999999802,0.029799999999999986,0.3400000000000003,7.800000000000002,44.15625,44.15625,44.55,44.325,0.0,0.0,-0.008917197,-0.0038216560000000226,train/episode_170_part5/images/ZED_LEFT/ZED_LEFT_20251122_115352_698495.jpg,train/episode_170_part5/images/road_img/ZED_LEFT_20251122_115352_698495.jpg,0.55,0.552219,0.547208,0.553247,0.536913
20251122_115352_698495,44.15625,-0.009449999999999951,0.029399999999999996,0.3475000000000001,7.8500000000000005,44.15625,44.15625,44.55,44.353125000000006,0.0,0.0,-0.008917197,-0.004458598750000006,train/episode_170_part5/images/ZED_LEFT/ZED_LEFT_20251122_115352_698495.jpg,train/episode_170_part5/images/road_img/ZED_LEFT_20251122_115352_698495.jpg,0.55,0.552219,0.560977,0.553758,0.541063
20251122_115352_698495,44.15625,-0.003899999999999902,0.02899999999999999,0.35500000000000015,7.9,44.15625,44.15625,44.55,44.38125,0.0,0.0,-0.008917197,-0.005095541500000011,train/episode_170_part5/images/ZED_LEFT/ZED_LEFT_20251122_115352_698495.jpg,train/episode_170_part5/images/road_img/ZED_LEFT_20251122_115352_698495.jpg,0.55,0.552219,0.574984,0.555529,0.545429
20251122_115352_698495,44.15625,0.0016499999999999501,0.028600000000000004,0.36249999999999993,7.949999999999999,44.15625,44.15625,44.55,44.409375,0.0,0.0,-0.008917197,-0.005732484249999995,train/episode_170_part5/images/ZED_LEFT/ZED_LEFT_20251122_115352_698495.jpg,train/episode_170_part5/images/road_img/ZED_LEFT_20251122_115352_698495.jpg,0.55,0.552219,0.581926,0.557535,0.548734
20251122_115352_948495,44.15625,0.0072,0.0282,0.37,8.0,44.15625,44.15625,44.55,44.4375,0.0,0.0,-0.008917197,-0.006369427,train/episode_170_part5/images/ZED_LEFT/ZED_LEFT_20251122_115352_948495.jpg,train/episode_170_part5/images/road_img/ZED_LEFT_20251122_115352_948495.jpg,0.55,0.496123,0.577165,0.546750,0.539474
20251122_115352_948495,44.2265625,-0.004950000000000216,0.021949999999999886,0.4500000000000014,8.150000000000002,44.1421875,44.198437500000004,44.521874999999994,44.395312499999996,0.001898734250000034,0.0006329115000000112,-0.00668789774999996,-0.003827703249999955,train/episode_170_part5/images/ZED_LEFT/ZED_LEFT_20251122_115352_948495.jpg,train/episode_170_part5/images/road_img/ZED_LEFT_20251122_115352_948495.jpg,0.55,0.496123,0.571370,0.538280,0.535552
20251122_115352_948495,44.296875,-0.017099999999999997,0.0157,0.53,8.3,44.128125,44.240625,44.49375,44.353125,0.0037974685000000006,0.001265823,-0.0044585985,-0.0012859795000000002,train/episode_170_part5/images/ZED_LEFT/ZED_LEFT_20251122_115352_948495.jpg,train/episode_170_part5/images/road_img/ZED_LEFT_20251122_115352_948495.jpg,0.55,0.496123,0.579565,0.532586,0.530413
20251122_115352_948495,44.3671875,-0.029250000000000213,0.009449999999999889,0.6100000000000014,8.450000000000003,44.1140625,44.282812500000006,44.465624999999996,44.310937499999994,0.005696202750000034,0.0018987345000000112,-0.0022292992499999597,0.0012557442500000454,train/episode_170_part5/images/ZED_LEFT/ZED_LEFT_20251122_115352_948495.jpg,train/episode_170_part5/images/road_img/ZED_LEFT_20251122_115352_948495.jpg,0.55,0.496123,0.618293,0.529147,0.530330
20251122_115353_198495,44.4375,-0.0414,0.0032,0.69,8.6,44.1,44.325,44.4375,44.26875,0.007594937,0.002531646,0.0,0.003797468,train/episode_170_part5/images/ZED_LEFT/ZED_LEFT_20251122_115353_198495.jpg,train/episode_170_part5/images/road_img/ZED_LEFT_20251122_115353_198495.jpg,0.55,0.513795,0.691628,0.531292,0.542019
20251122_115353_198495,44.395312499999996,-0.02589999999999986,-0.00240000000000005,0.582499999999999,8.675,44.128125000000004,44.2828125,44.4515625,44.3671875,0.0060138647499999864,0.0025340585,-0.0012706480000000114,0.0006244669999999719,train/episode_170_part5/images/ZED_LEFT/ZED_LEFT_20251122_115353_198495.jpg,train/episode_170_part5/images/road_img/ZED_LEFT_20251122_115353_198495.jpg,0.55,0.513795,0.736613,0.532118,0.549660
20251122_115353_198495,44.353125,-0.010399999999999725,-0.0080000000000001,0.4749999999999981,8.750000000000002,44.15625,44.240625,44.465625,44.465625,0.0044327924999999725,0.002536471,-0.0025412960000000227,-0.0025485340000000562,train/episode_170_part5/images/ZED_LEFT/ZED_LEFT_20251122_115353_198495.jpg,train/episode_170_part5/images/road_img/ZED_LEFT_20251122_115353_198495.jpg,0.55,0.513795,0.755442,0.532089,0.555772
20251122_115353_198495,44.3109375,0.005099999999999862,-0.01359999999999995,0.36750000000000094,8.825,44.184374999999996,44.198437500000004,44.4796875,44.5640625,0.002851720250000014,0.0025388835,-0.003811943999999989,-0.005721534999999972,train/episode_170_part5/images/ZED_LEFT/ZED_LEFT_20251122_115353_198495.jpg,train/episode_170_part5/images/road_img/ZED_LEFT_20251122_115353_198495.jpg,0.55,0.513795,0.725108,0.531521,0.554223
20251122_115353_448495,44.26875,0.0206,-0.0192,0.26,8.9,44.2125,44.15625,44.49375,44.6625,0.001270648,0.002541296,-0.005082592,-0.008894536,train/episode_170_part5/images/ZED_LEFT/ZED_LEFT_20251122_115353_448495.jpg,train/episode_170_part5/images/road_img/ZED_LEFT_20251122_115353_448495.jpg,0.55,0.512535,0.659045,0.530254,0.535155
20251122_115353_448495,44.240625,0.030449999999999824,-0.012125000000000125,0.3399999999999986,8.825000000000001,44.240625,44.1984375,44.5078125,44.634375,-2.427999999977514e-06,0.0009505580000000284,-0.006041243249999983,-0.00890020125,train/episode_170_part5/images/ZED_LEFT/ZED_LEFT_20251122_115353_448495.jpg,train/episode_170_part5/images/road_img/ZED_LEFT_20251122_115353_448495.jpg,0.55,0.512535,0.616161,0.528925,0.533175
20251122_115353_448495,44.2125,0.0403,-0.005050000000000001,0.42,8.75,44.26875,44.240625,44.521874999999994,44.60625,-0.0012755040000000002,-0.0006401800000000002,-0.0069998945,-0.0089058665,train/episode_170_part5/images/ZED_LEFT/ZED_LEFT_20251122_115353_448495.jpg,train/episode_170_part5/images/road_img/ZED_LEFT_20251122_115353_448495.jpg,0.55,0.512535,0.610624,0.527560,0.534507
20251122_115353_448495,44.184374999999996,0.05015000000000017,0.002025000000000124,0.5000000000000013,8.674999999999999,44.296875,44.282812500000006,44.535937499999996,44.578125,-0.0025485800000000234,-0.0022309180000000288,-0.007958545750000018,-0.00891153175,train/episode_170_part5/images/ZED_LEFT/ZED_LEFT_20251122_115353_448495.jpg,train/episode_170_part5/images/road_img/ZED_LEFT_20251122_115353_448495.jpg,0.55,0.512535,0.597759,0.526057,0.535130
20251122_115353_698495,44.15625,0.06,0.0091,0.58,8.6,44.325,44.325,44.55,44.55,-0.003821656,-0.003821656,-0.008917197,-0.008917197,train/episode_170_part5/images/ZED_LEFT/ZED_LEFT_20251122_115353_698495.jpg,train/episode_170_part5/images/road_img/ZED_LEFT_20251122_115353_698495.jpg,0.55,0.500847,0.575181,0.521196,0.543069
20251122_115353_698495,44.184375,0.03899999999999963,0.008324999999999987,0.5850000000000001,8.449999999999998,44.325,44.353125000000006,44.606249999999996,44.5640625,-0.0031839039999999887,-0.003819228,-0.009546855750000012,-0.008593869749999995,train/episode_170_part5/images/ZED_LEFT/ZED_LEFT_20251122_115353_698495.jpg,train/episode_170_part5/images/road_img/ZED_LEFT_20251122_115353_698495.jpg,0.55,0.500847,0.573388,0.517823,0.543141
20251122_115353_698495,44.2125,0.018000000000000002,0.00755,0.59,8.3,44.325,44.38125,44.662499999999994,44.578125,-0.0025461520000000003,-0.0038168,-0.0101765145,-0.0082705425,train/episode_170_part5/images/ZED_LEFT/ZED_LEFT_20251122_115353_698495.jpg,train/episode_170_part5/images/road_img/ZED_LEFT_20251122_115353_698495.jpg,0.55,0.500847,0.581387,0.515742,0.540455
20251122_115353_698495,44.240625,-0.0030000000000003635,0.006774999999999986,0.5950000000000001,8.149999999999997,44.325,44.409375000000004,44.71875,44.5921875,-0.0019083999999999887,-0.003814372,-0.01080617325000001,-0.007947215249999993,train/episode_170_part5/images/ZED_LEFT/ZED_LEFT_20251122_115353_698495.jpg,train/episode_170_part5/images/road_img/ZED_LEFT_20251122_115353_698495.jpg,0.55,0.500847,0.590205,0.514452,0.535404
20251122_115353_948495,44.26875,-0.02400000000000001,0.006000000000000232,0.6000000000000005,7.9999999999999964,44.325,44.4375,44.775,44.60625,-0.0012706480000000452,-0.0038119440000000337,-0.011435831999999988,-0.007623888000000022,train/episode_170_part5/images/ZED_LEFT/ZED_LEFT_20251122_115353_948495.jpg,train/episode_170_part5/images/road_img/ZED_LEFT_20251122_115353_948495.jpg,0.55,0.500944,0.598392,0.513564,0.539058
20251122_115353_948495,44.2828125,-0.024300000000000002,0.012525000000000057,0.6150000000000001,7.899999999999999,44.3953125,44.49375,44.775,44.6484375,-0.0025392805000000115,-0.004762511250000008,-0.011114944999999998,-0.008255987000000005,train/episode_170_part5/images/ZED_LEFT/ZED_LEFT_20251122_115353_948495.jpg,train/episode_170_part5/images/road_img/ZED_LEFT_20251122_115353_948495.jpg,0.55,0.500944,0.601251,0.512700,0.536968
20251122_115353_948495,44.296875,-0.024600000000000007,0.019050000000000115,0.6300000000000002,7.799999999999998,44.465625,44.550000000000004,44.775,44.690625000000004,-0.0038079130000000226,-0.005713078500000017,-0.010794057999999994,-0.00888808600000001,train/episode_170_part5/images/ZED_LEFT/ZED_LEFT_20251122_115353_948495.jpg,train/episode_170_part5/images/road_img/ZED_LEFT_20251122_115353_948495.jpg,0.55,0.500944,0.609310,0.511804,0.536974
20251122_115353_948495,44.3109375,-0.0249,0.025574999999999938,0.6449999999999999,7.700000000000001,44.5359375,44.60625,44.775,44.7328125,-0.005076545499999989,-0.006663645749999992,-0.010473171000000002,-0.009520184999999994,train/episode_170_part5/images/ZED_LEFT/ZED_LEFT_20251122_115353_948495.jpg,train/episode_170_part5/images/road_img/ZED_LEFT_20251122_115353_948495.jpg,0.55,0.500944,0.609204,0.510913,0.538076
20251122_115354_198495,44.325,-0.0252,0.0321,0.66,7.6,44.60625,44.6625,44.775,44.775,-0.006345178,-0.007614213,-0.010152284,-0.010152284,train/episode_170_part5/images/ZED_LEFT/ZED_LEFT_20251122_115354_198495.jpg,train/episode_170_part5/images/road_img/ZED_LEFT_20251122_115354_198495.jpg,0.55,0.469441,0.598638,0.500602,0.543241
20251122_115354_198495,44.339062500000004,-0.021074999999999927,0.02832499999999993,0.6224999999999994,7.6,44.5921875,44.6484375,44.803125,44.7890625,-0.005709453749999989,-0.006978086749999989,-0.010465924000000005,-0.01014906725,train/episode_170_part5/images/ZED_LEFT/ZED_LEFT_20251122_115354_198495.jpg,train/episode_170_part5/images/road_img/ZED_LEFT_20251122_115354_198495.jpg,0.55,0.469441,0.595328,0.493171,0.544852
20251122_115354_198495,44.353125000000006,-0.01695,0.02455,0.585,7.6,44.578125,44.634375000000006,44.83125,44.803124999999994,-0.0050737295,-0.0063419605,-0.010779563999999998,-0.0101458505,train/episode_170_part5/images/ZED_LEFT/ZED_LEFT_20251122_115354_198495.jpg,train/episode_170_part5/images/road_img/ZED_LEFT_20251122_115354_198495.jpg,0.55,0.469441,0.589556,0.487778,0.545211
20251122_115354_198495,44.3671875,-0.012824999999999927,0.020774999999999932,0.5474999999999993,7.6,44.5640625,44.620312500000004,44.859375,44.817187499999996,-0.004438005249999989,-0.0057058342499999885,-0.011093204000000006,-0.01014263375,train/episode_170_part5/images/ZED_LEFT/ZED_LEFT_20251122_115354_198495.jpg,train/episode_170_part5/images/road_img/ZED_LEFT_20251122_115354_198495.jpg,0.55,0.469441,0.576833,0.483830,0.542686
20251122_115354_448495,44.38125,-0.008700000000000192,0.017000000000000175,0.5100000000000011,7.599999999999989,44.55,44.60625,44.8875,44.83125,-0.0038022809999999773,-0.005069707999999966,-0.011406843999999977,-0.010139416999999977,train/episode_170_part5/images/ZED_LEFT/ZED_LEFT_20251122_115354_448495.jpg,train/episode_170_part5/images/road_img/ZED_LEFT_20251122_115354_448495.jpg,0.55,0.526725,0.563787,0.497636,0.539700
20251122_115354_448495,44.4234375,-0.014100000000000047,0.021875000000000044,0.5400000000000003,7.299999999999997,44.5640625,44.60625,44.901562500000004,44.8453125,-0.003167367249999994,-0.004117937499999991,-0.010764728999999994,-0.009498502249999994,train/episode_170_part5/images/ZED_LEFT/ZED_LEFT_20251122_115354_448495.jpg,train/episode_170_part5/images/road_img/ZED_LEFT_20251122_115354_448495.jpg,0.55,0.526725,0.559453,0.507505,0.538253
20251122_115354_448495,44.465625,-0.019500000000000094,0.026750000000000086,0.5700000000000005,6.999999999999995,44.578125,44.60625,44.915625000000006,44.859375,-0.0025324534999999885,-0.003166166999999983,-0.010122613999999988,-0.008857587499999988,train/episode_170_part5/images/ZED_LEFT/ZED_LEFT_20251122_115354_448495.jpg,train/episode_170_part5/images/road_img/ZED_LEFT_20251122_115354_448495.jpg,0.55,0.526725,0.557401,0.514617,0.538173
20251122_115354_448495,44.5078125,-0.024899999999999953,0.03162499999999996,0.5999999999999998,6.700000000000003,44.5921875,44.60625,44.9296875,44.8734375,-0.0018975397500000054,-0.0022143965000000084,-0.009480499000000005,-0.008216672750000006,train/episode_170_part5/images/ZED_LEFT/ZED_LEFT_20251122_115354_448495.jpg,train/episode_170_part5/images/road_img/ZED_LEFT_20251122_115354_448495.jpg,0.55,0.526725,0.561302,0.520022,0.540224
20251122_115354_698495,44.55,-0.0303,0.0365,0.63,6.4,44.60625,44.60625,44.94375,44.8875,-0.001262626,-0.001262626,-0.008838384,-0.007575758,train/episode_170_part5/images/ZED_LEFT/ZED_LEFT_20251122_115354_698495.jpg,train/episode_170_part5/images/road_img/ZED_LEFT_20251122_115354_698495.jpg,0.55,0.576966,0.596908,0.538312,0.543841
20251122_115354_698495,44.55,-0.024924999999999906,0.032424999999999926,0.5674999999999989,6.274999999999999,44.634375000000006,44.634375000000006,44.94375,44.8875,-0.0018939392500000112,-0.0018939392500000112,-0.008838384,-0.007575758,train/episode_170_part5/images/ZED_LEFT/ZED_LEFT_20251122_115354_698495.jpg,train/episode_170_part5/images/road_img/ZED_LEFT_20251122_115354_698495.jpg,0.55,0.576966,0.635441,0.553532,0.550583
20251122_115354_698495,44.55,-0.01955,0.02835,0.505,6.15,44.6625,44.6625,44.94375,44.8875,-0.0025252525,-0.0025252525,-0.008838384,-0.007575758,train/episode_170_part5/images/ZED_LEFT/ZED_LEFT_20251122_115354_698495.jpg,train/episode_170_part5/images/road_img/ZED_LEFT_20251122_115354_698495.jpg,0.55,0.576966,0.635301,0.564253,0.550855
20251122_115354_698495,44.55,-0.014174999999999906,0.02427499999999993,0.4424999999999989,6.024999999999999,44.690625000000004,44.690625000000004,44.94375,44.8875,-0.003156565750000011,-0.003156565750000011,-0.008838384,-0.007575758,train/episode_170_part5/images/ZED_LEFT/ZED_LEFT_20251122_115354_698495.jpg,train/episode_170_part5/images/road_img/ZED_LEFT_20251122_115354_698495.jpg,0.55,0.576966,0.589550,0.568982,0.543466
20251122_115354_948495,44.55,-0.0088,0.0202,0.38,5.9,44.71875,44.71875,44.94375,44.8875,-0.003787879,-0.003787879,-0.008838384,-0.007575758,train/episode_170_part5/images/ZED_LEFT/ZED_LEFT_20251122_115354_948495.jpg,train/episode_170_part5/images/road_img/ZED_LEFT_20251122_115354_948495.jpg,0.55,0.498312,0.541078,0.551019,0.532814
20251122_115354_948495,44.55,-0.008549999999999995,0.01794999999999996,0.3649999999999997,5.875,44.71875,44.7046875,44.971875000000004,44.915625000000006,-0.003787879,-0.003472222499999994,-0.009469697000000011,-0.008207071000000012,train/episode_170_part5/images/ZED_LEFT/ZED_LEFT_20251122_115354_948495.jpg,train/episode_170_part5/images/road_img/ZED_LEFT_20251122_115354_948495.jpg,0.55,0.498312,0.529444,0.537714,0.527818
20251122_115354_948495,44.55,-0.008299999999999991,0.01569999999999992,0.3499999999999995,5.85,44.71875,44.690625,45.0,44.94375,-0.003787879,-0.0031565659999999887,-0.010101010000000021,-0.008838384000000022,train/episode_170_part5/images/ZED_LEFT/ZED_LEFT_20251122_115354_948495.jpg,train/episode_170_part5/images/road_img/ZED_LEFT_20251122_115354_948495.jpg,0.55,0.498312,0.528131,0.528431,0.526344
20251122_115354_948495,44.55,-0.008049999999999995,0.013449999999999959,0.33499999999999974,5.824999999999999,44.71875,44.6765625,45.028125,44.971875000000004,-0.003787879,-0.0028409094999999945,-0.01073232300000001,-0.009469697000000011,train/episode_170_part5/images/ZED_LEFT/ZED_LEFT_20251122_115354_948495.jpg,train/episode_170_part5/images/road_img/ZED_LEFT_20251122_115354_948495.jpg,0.55,0.498312,0.530084,0.522220,0.526470
20251122_115355_198495,44.55,-0.007799999999999873,0.01120000000000008,0.3199999999999991,5.8,44.71875,44.6625,45.05625,45.0,-0.003787879,-0.002525253,-0.011363636,-0.010101009999999978,train/episode_170_part5/images/ZED_LEFT/ZED_LEFT_20251122_115355_198495.jpg,train/episode_170_part5/images/road_img/ZED_LEFT_20251122_115355_198495.jpg,0.55,0.500933,0.533484,0.518833,0.518166
20251122_115355_198495,44.5640625,-0.004224999999999968,0.01345000000000002,0.29499999999999976,5.8,44.7328125,44.6765625,45.0703125,44.9859375,-0.00378668475,-0.00252445675,-0.0113600535,-0.009467308499999995,train/episode_170_part5/images/ZED_LEFT/ZED_LEFT_20251122_115355_198495.jpg,train/episode_170_part5/images/road_img/ZED_LEFT_20251122_115355_198495.jpg,0.55,0.500933,0.534314,0.516631,0.518653
20251122_115355_198495,44.578125,-0.0006499999999999362,0.01570000000000004,0.2699999999999996,5.8,44.746875,44.690625000000004,45.084375,44.971875,-0.0037854905,-0.0025236605,-0.011356471,-0.00883360699999999,train/episode_170_part5/images/ZED_LEFT/ZED_LEFT_20251122_115355_198495.jpg,train/episode_170_part5/images/road_img/ZED_LEFT_20251122_115355_198495.jpg,0.55,0.500933,0.532560,0.515012,0.518746
20251122_115355_198495,44.5921875,0.002925000000000096,0.01795000000000006,0.24499999999999933,5.8,44.7609375,44.7046875,45.098437499999996,44.9578125,-0.00378429625,-0.00252286425,-0.0113528885,-0.008199905499999983,train/episode_170_part5/images/ZED_LEFT/ZED_LEFT_20251122_115355_198495.jpg,train/episode_170_part5/images/road_img/ZED_LEFT_20251122_115355_198495.jpg,0.55,0.500933,0.528409,0.513564,0.518459
20251122_115355_448495,44.60625,0.0065,0.0202,0.22,5.8,44.775,44.71875,45.1125,44.94375,-0.003783102,-0.002522068,-0.011349306,-0.007566204,train/episode_170_part5/images/ZED_LEFT/ZED_LEFT_20251122_115355_448495.jpg,train/episode_170_part5/images/road_img/ZED_LEFT_20251122_115355_448495.jpg,0.55,0.542308,0.521928,0.520042,0.537517
20251122_115355_448495,44.620312500000004,0.006700000000000004,0.016549999999999936,0.1349999999999985,5.8500000000000005,44.7890625,44.71875,45.1265625,44.94375,-0.0037819109999999998,-0.0022064124999999946,-0.01134573275,-0.007248960249999994,train/episode_170_part5/images/ZED_LEFT/ZED_LEFT_20251122_115355_448495.jpg,train/episode_170_part5/images/road_img/ZED_LEFT_20251122_115355_448495.jpg,0.55,0.542308,0.519404,0.524235,0.537542
20251122_115355_448495,44.634375000000006,0.0069,0.012900000000000002,0.05000000000000002,5.9,44.803124999999994,44.71875,45.140625,44.94375,-0.00378072,-0.001890757,-0.0113421595,-0.0069317165,train/episode_170_part5/images/ZED_LEFT/ZED_LEFT_20251122_115355_448495.jpg,train/episode_170_part5/images/road_img/ZED_LEFT_20251122_115355_448495.jpg,0.55,0.542308,0.520427,0.527210,0.537895
20251122_115355_448495,44.6484375,0.007100000000000004,0.009249999999999937,-0.0350000000000015,5.950000000000001,44.817187499999996,44.71875,45.1546875,44.94375,-0.003779529,-0.0015751014999999945,-0.01133858625,-0.006614472749999994,train/episode_170_part5/images/ZED_LEFT/ZED_LEFT_20251122_115355_448495.jpg,train/episode_170_part5/images/road_img/ZED_LEFT_20251122_115355_448495.jpg,0.55,0.542308,0.526938,0.529959,0.538636
20251122_115355_698495,44.6625,0.007300000000000055,0.005600000000000063,-0.12000000000000008,6.000000000000001,44.83125,44.71875,45.16875,44.94375,-0.0037783380000000113,-0.0012594460000000447,-0.011335012999999977,-0.006297229000000022,train/episode_170_part5/images/ZED_LEFT/ZED_LEFT_20251122_115355_698495.jpg,train/episode_170_part5/images/road_img/ZED_LEFT_20251122_115355_698495.jpg,0.55,0.521336,0.542525,0.529882,0.528092
20251122_115355_698495,44.6765625,0.008850000000000014,0.007375000000000015,-0.12250000000000003,6.025,44.859375,44.7890625,45.1546875,44.9859375,-0.004091615250000003,-0.002516911500000011,-0.010702517499999994,-0.006924179500000005,train/episode_170_part5/images/ZED_LEFT/ZED_LEFT_20251122_115355_698495.jpg,train/episode_170_part5/images/road_img/ZED_LEFT_20251122_115355_698495.jpg,0.55,0.521336,0.560347,0.531905,0.529493
20251122_115355_698495,44.690625000000004,0.010400000000000027,0.009150000000000031,-0.12500000000000006,6.050000000000001,44.8875,44.859375,45.140625,45.028125,-0.0044048925000000055,-0.0037743770000000228,-0.010070021999999988,-0.007551130000000011,train/episode_170_part5/images/ZED_LEFT/ZED_LEFT_20251122_115355_698495.jpg,train/episode_170_part5/images/road_img/ZED_LEFT_20251122_115355_698495.jpg,0.55,0.521336,0.571875,0.534533,0.530362
20251122_115355_698495,44.7046875,0.011949999999999985,0.010924999999999983,-0.12749999999999997,6.074999999999999,44.915625,44.9296875,45.1265625,45.0703125,-0.004718169749999997,-0.005031842499999989,-0.009437526500000005,-0.008178080499999994,train/episode_170_part5/images/ZED_LEFT/ZED_LEFT_20251122_115355_698495.jpg,train/episode_170_part5/images/road_img/ZED_LEFT_20251122_115355_698495.jpg,0.55,0.521336,0.573528,0.536412,0.530522
20251122_115355_948495,44.71875,0.0135,0.0127,-0.13,6.1,44.94375,45.0,45.1125,45.1125,-0.005031447,-0.006289308,-0.008805031,-0.008805031,train/episode_170_part5/images/ZED_LEFT/ZED_LEFT_20251122_115355_948495.jpg,train/episode_170_part5/images/road_img/ZED_LEFT_20251122_115355_948495.jpg,0.55,0.576647,0.563916,0.547001,0.533618
20251122_115355_948495,44.71875,0.008624999999999914,0.01665000000000007,-0.09499999999999939,6.1,44.94375,45.0,45.168749999999996,45.140625,-0.005031447,-0.006289308,-0.010062892750000023,-0.009433962000000011,train/episode_170_part5/images/ZED_LEFT/ZED_LEFT_20251122_115355_948495.jpg,train/episode_170_part5/images/road_img/ZED_LEFT_20251122_115355_948495.jpg,0.55,0.576647,0.550395,0.552796,0.532612
20251122_115355_948495,44.71875,0.00375,0.0206,-0.06,6.1,44.94375,45.0,45.224999999999994,45.16875,-0.005031447,-0.006289308,-0.011320754499999999,-0.010062893,train/episode_170_part5/images/ZED_LEFT/ZED_LEFT_20251122_115355_948495.jpg,train/episode_170_part5/images/road_img/ZED_LEFT_20251122_115355_948495.jpg,0.55,0.576647,0.535346,0.555128,0.531429
20251122_115355_948495,44.71875,-0.0011250000000000877,0.024550000000000072,-0.024999999999999384,6.1,44.94375,45.0,45.28125,45.196875,-0.005031447,-0.006289308,-0.012578616250000021,-0.010691824000000011,train/episode_170_part5/images/ZED_LEFT/ZED_LEFT_20251122_115355_948495.jpg,train/episode_170_part5/images/road_img/ZED_LEFT_20251122_115355_948495.jpg,0.55,0.576647,0.524252,0.555628,0.530406
20251122_115356_198495,44.71875,-0.006,0.0285,0.01,6.1,44.94375,45.0,45.3375,45.225,-0.005031447,-0.006289308,-0.013836478,-0.011320755,train/episode_170_part5/images/ZED_LEFT/ZED_LEFT_20251122_115356_198495.jpg,train/episode_170_part5/images/road_img/ZED_LEFT_20251122_115356_198495.jpg,0.55,0.546250,0.517974,0.549556,0.525775
20251122_115356_198495,44.71875,-2.4999999999894898e-05,0.02519999999999994,-0.04750000000000102,6.1,44.971875000000004,45.0140625,45.365625,45.225,-0.005660377750000011,-0.006603773500000006,-0.01446540875000001,-0.011320755,train/episode_170_part5/images/ZED_LEFT/ZED_LEFT_20251122_115356_198495.jpg,train/episode_170_part5/images/road_img/ZED_LEFT_20251122_115356_198495.jpg,0.55,0.546250,0.516227,0.545073,0.525816
20251122_115356_198495,44.71875,0.00595000000000021,0.021899999999999885,-0.10500000000000205,6.1,45.0,45.028125,45.393750000000004,45.225,-0.006289308500000022,-0.006918239000000011,-0.015094339500000022,-0.011320755,train/episode_170_part5/images/ZED_LEFT/ZED_LEFT_20251122_115356_198495.jpg,train/episode_170_part5/images/road_img/ZED_LEFT_20251122_115356_198495.jpg,0.55,0.546250,0.517549,0.542054,0.526459
20251122_115356_198495,44.71875,0.011925000000000104,0.018599999999999943,-0.16250000000000103,6.1,45.028125,45.0421875,45.421875,45.225,-0.006918239250000011,-0.007232704500000005,-0.01572327025000001,-0.011320755,train/episode_170_part5/images/ZED_LEFT/ZED_LEFT_20251122_115356_198495.jpg,train/episode_170_part5/images/road_img/ZED_LEFT_20251122_115356_198495.jpg,0.55,0.546250,0.521959,0.540413,0.527684
20251122_115356_448495,44.71875,0.017899999999999777,0.015300000000000097,-0.21999999999999867,6.1,45.05625,45.05625,45.45,45.225,-0.00754717,-0.00754717,-0.01635220099999998,-0.011320755000000023,train/episode_170_part5/images/ZED_LEFT/ZED_LEFT_20251122_115356_448495.jpg,train/episode_170_part5/images/road_img/ZED_LEFT_20251122_115356_448495.jpg,0.55,0.585355,0.531161,0.547626,0.532051
20251122_115356_448495,44.7328125,0.011649999999999943,0.018050000000000024,-0.18249999999999966,6.1,45.0703125,45.0703125,45.4359375,45.2671875,-0.007544799499999999,-0.007544799499999999,-0.015718924499999995,-0.011945340000000006,train/episode_170_part5/images/ZED_LEFT/ZED_LEFT_20251122_115356_448495.jpg,train/episode_170_part5/images/road_img/ZED_LEFT_20251122_115356_448495.jpg,0.55,0.585355,0.536744,0.553434,0.533321
20251122_115356_448495,44.746875,0.0053999999999998875,0.020800000000000048,-0.14499999999999935,6.1,45.084375,45.084375,45.421875,45.309375,-0.007542429,-0.007542429,-0.01508564799999999,-0.012569925000000011,train/episode_170_part5/images/ZED_LEFT/ZED_LEFT_20251122_115356_448495.jpg,train/episode_170_part5/images/road_img/ZED_LEFT_20251122_115356_448495.jpg,0.55,0.585355,0.537770,0.557706,0.533494
20251122_115356_448495,44.7609375,-0.0008500000000001701,0.023550000000000074,-0.107499999999999,6.1,45.098437499999996,45.098437499999996,45.4078125,45.3515625,-0.007540058499999999,-0.007540058499999999,-0.014452371499999983,-0.013194510000000017,train/episode_170_part5/images/ZED_LEFT/ZED_LEFT_20251122_115356_448495.jpg,train/episode_170_part5/images/road_img/ZED_LEFT_20251122_115356_448495.jpg,0.55,0.585355,0.534181,0.560418,0.532546
20251122_115356_698495,44.775,-0.0071,0.0263,-0.07,6.1,45.1125,45.1125,45.39375,45.39375,-0.007537688,-0.007537688,-0.013819095,-0.013819095,train/episode_170_part5/images/ZED_LEFT/ZED_LEFT_20251122_115356_698495.jpg,train/episode_170_part5/images/road_img/ZED_LEFT_20251122_115356_698495.jpg,0.55,0.502606,0.526358,0.545732,0.528829
20251122_115356_698495,44.803125,-0.006699999999999993,0.02685000000000001,-0.08500000000000027,6.275000000000003,45.1265625,45.1265625,45.4078125,45.4078125,-0.007219681999999995,-0.007219681999999995,-0.013497153249999994,-0.013497153249999994,train/episode_170_part5/images/ZED_LEFT/ZED_LEFT_20251122_115356_698495.jpg,train/episode_170_part5/images/road_img/ZED_LEFT_20251122_115356_698495.jpg,0.55,0.502606,0.521381,0.534960,0.527643
20251122_115356_698495,44.83125,-0.0063,0.0274,-0.1,6.449999999999999,45.140625,45.140625,45.421875,45.421875,-0.006901676,-0.006901676,-0.013175211499999999,-0.013175211499999999,train/episode_170_part5/images/ZED_LEFT/ZED_LEFT_20251122_115356_698495.jpg,train/episode_170_part5/images/road_img/ZED_LEFT_20251122_115356_698495.jpg,0.55,0.502606,0.518606,0.527157,0.527071
20251122_115356_698495,44.859375,-0.005899999999999993,0.02795000000000001,-0.11500000000000027,6.625000000000003,45.1546875,45.1546875,45.4359375,45.4359375,-0.006583669999999995,-0.006583669999999995,-0.012853269749999993,-0.012853269749999993,train/episode_170_part5/images/ZED_LEFT/ZED_LEFT_20251122_115356_698495.jpg,train/episode_170_part5/images/road_img/ZED_LEFT_20251122_115356_698495.jpg,0.55,0.502606,0.517239,0.521583,0.527091
20251122_115356_948495,44.8875,-0.005499999999999937,0.028499999999999963,-0.12999999999999948,6.800000000000006,45.16875,45.16875,45.45,45.45,-0.006265664000000011,-0.006265664000000022,-0.01253132800000001,-0.012531328,train/episode_170_part5/images/ZED_LEFT/ZED_LEFT_20251122_115356_948495.jpg,train/episode_170_part5/images/road_img/ZED_LEFT_20251122_115356_948495.jpg,0.55,0.511404,0.517239,0.519271,0.540023
20251122_115356_948495,44.901562500000004,-0.0037499999999999842,0.02739999999999999,-0.11499999999999988,6.975000000000001,45.196875000000006,45.2109375,45.478125000000006,45.464062500000004,-0.006576594750000003,-0.0068894857500000056,-0.012840298250000003,-0.012527407249999999,train/episode_170_part5/images/ZED_LEFT/ZED_LEFT_20251122_115356_948495.jpg,train/episode_170_part5/images/road_img/ZED_LEFT_20251122_115356_948495.jpg,0.55,0.511404,0.518132,0.517793,0.540267
20251122_115356_948495,44.915625000000006,-0.0019999999999999693,0.02629999999999998,-0.09999999999999974,7.150000000000003,45.225,45.253125000000004,45.50625,45.478125000000006,-0.006887525500000005,-0.0075133075000000105,-0.013149268500000005,-0.0125234865,train/episode_170_part5/images/ZED_LEFT/ZED_LEFT_20251122_115356_948495.jpg,train/episode_170_part5/images/road_img/ZED_LEFT_20251122_115356_948495.jpg,0.55,0.511404,0.519174,0.516923,0.540380
20251122_115356_948495,44.9296875,-0.00025000000000001583,0.02520000000000001,-0.08500000000000013,7.324999999999998,45.253125,45.2953125,45.534375,45.4921875,-0.007198456249999997,-0.008137129249999995,-0.013458238749999997,-0.012519565750000001,train/episode_170_part5/images/ZED_LEFT/ZED_LEFT_20251122_115356_948495.jpg,train/episode_170_part5/images/road_img/ZED_LEFT_20251122_115356_948495.jpg,0.55,0.511404,0.520345,0.516498,0.540362
20251122_115357_198495,44.94375,0.0015,0.0241,-0.07,7.5,45.28125,45.3375,45.5625,45.50625,-0.007509387,-0.008760951,-0.013767209,-0.012515645,train/episode_170_part5/images/ZED_LEFT/ZED_LEFT_20251122_115357_198495.jpg,train/episode_170_part5/images/road_img/ZED_LEFT_20251122_115357_198495.jpg,0.55,0.560654,0.521892,0.524517,0.506196
20251122_115357_198495,44.9578125,-0.0011500000000000468,0.025900000000000034,-0.004999999999998853,7.550000000000001,45.28125,45.309374999999996,45.5765625,45.50625,-0.007194540249999995,-0.007820713249999982,-0.01376290675,-0.012199233749999995,train/episode_170_part5/images/ZED_LEFT/ZED_LEFT_20251122_115357_198495.jpg,train/episode_170_part5/images/road_img/ZED_LEFT_20251122_115357_198495.jpg,0.55,0.560654,0.522937,0.530357,0.506390
20251122_115357_198495,44.971875,-0.0038,0.027700000000000002,0.06,7.6,45.28125,45.28125,45.590625,45.50625,-0.006879693500000001,-0.006880475499999999,-0.0137586045,-0.011882822500000001,train/episode_170_part5/images/ZED_LEFT/ZED_LEFT_20251122_115357_198495.jpg,train/episode_170_part5/images/road_img/ZED_LEFT_20251122_115357_198495.jpg,0.55,0.560654,0.523674,0.534614,0.506727
20251122_115357_198495,44.9859375,-0.006450000000000048,0.029500000000000033,0.12500000000000117,7.650000000000001,45.28125,45.253125,45.6046875,45.50625,-0.0065648467499999945,-0.005940237749999983,-0.01375430225,-0.011566411249999995,train/episode_170_part5/images/ZED_LEFT/ZED_LEFT_20251122_115357_198495.jpg,train/episode_170_part5/images/road_img/ZED_LEFT_20251122_115357_198495.jpg,0.55,0.560654,0.524737,0.537788,0.507465
20251122_115357_448495,45.0,-0.0091,0.0313,0.19,7.7,45.28125,45.225,45.61875,45.50625,-0.00625,-0.005,-0.01375,-0.01125,train/episode_170_part5/images/ZED_LEFT/ZED_LEFT_20251122_115357_448495.jpg,train/episode_170_part5/images/road_img/ZED_LEFT_20251122_115357_448495.jpg,0.55,0.490367,0.527980,0.528355,0.535029
20251122_115357_448495,45.0140625,-0.0004999999999998478,0.025049999999999892,0.1499999999999993,7.7,45.28125,45.2671875,45.6046875,45.50625,-0.005935939499999995,-0.005622659250000011,-0.01312148874999999,-0.010934378999999994,train/episode_170_part5/images/ZED_LEFT/ZED_LEFT_20251122_115357_448495.jpg,train/episode_170_part5/images/road_img/ZED_LEFT_20251122_115357_448495.jpg,0.55,0.490367,0.528845,0.521799,0.535327
20251122_115357_448495,45.028125,0.008100000000000305,0.01879999999999978,0.10999999999999859,7.7,45.28125,45.309375,45.590624999999996,45.50625,-0.005621878999999989,-0.006245318500000022,-0.012492977499999978,-0.010618757999999989,train/episode_170_part5/images/ZED_LEFT/ZED_LEFT_20251122_115357_448495.jpg,train/episode_170_part5/images/road_img/ZED_LEFT_20251122_115357_448495.jpg,0.55,0.490367,0.527585,0.517003,0.534201
20251122_115357_448495,45.0421875,0.016700000000000156,0.012549999999999891,0.0699999999999993,7.7,45.28125,45.3515625,45.5765625,45.50625,-0.005307818499999994,-0.006867977750000011,-0.01186446624999999,-0.010303136999999993,train/episode_170_part5/images/ZED_LEFT/ZED_LEFT_20251122_115357_448495.jpg,train/episode_170_part5/images/road_img/ZED_LEFT_20251122_115357_448495.jpg,0.55,0.490367,0.528938,0.513761,0.533464
20251122_115357_698495,45.05625,0.02529999999999987,0.006300000000000077,0.029999999999999732,7.699999999999999,45.28125,45.39375,45.5625,45.50625,-0.004993758,-0.007490636999999977,-0.011235955000000011,-0.009987516,train/episode_170_part5/images/ZED_LEFT/ZED_LEFT_20251122_115357_698495.jpg,train/episode_170_part5/images/road_img/ZED_LEFT_20251122_115357_698495.jpg,0.55,0.554087,0.539044,0.523962,0.533304
20251122_115357_698495,45.0703125,0.021724999999999967,0.008475000000000019,0.022499999999999933,7.675,45.2953125,45.379687499999996,45.590625,45.5203125,-0.00499220125,-0.006864860499999994,-0.011544173250000003,-0.0099844025,train/episode_170_part5/images/ZED_LEFT/ZED_LEFT_20251122_115357_698495.jpg,train/episode_170_part5/images/road_img/ZED_LEFT_20251122_115357_698495.jpg,0.55,0.554087,0.550358,0.532511,0.534895
20251122_115357_698495,45.084375,0.018149999999999937,0.010650000000000038,0.014999999999999868,7.6499999999999995,45.309375,45.365624999999994,45.61875,45.534375000000004,-0.0049906444999999995,-0.0062390839999999885,-0.011852391500000005,-0.009981288999999999,train/episode_170_part5/images/ZED_LEFT/ZED_LEFT_20251122_115357_698495.jpg,train/episode_170_part5/images/road_img/ZED_LEFT_20251122_115357_698495.jpg,0.55,0.554087,0.561885,0.540032,0.536315
20251122_115357_698495,45.098437499999996,0.014574999999999904,0.012825000000000059,0.007499999999999802,7.624999999999999,45.3234375,45.3515625,45.646875,45.5484375,-0.00498908775,-0.005613307499999983,-0.012160609750000008,-0.0099781755,train/episode_170_part5/images/ZED_LEFT/ZED_LEFT_20251122_115357_698495.jpg,train/episode_170_part5/images/road_img/ZED_LEFT_20251122_115357_698495.jpg,0.55,0.554087,0.563352,0.545520,0.536270
20251122_115357_948495,45.1125,0.011,0.015,0.0,7.6,45.3375,45.3375,45.675,45.5625,-0.004987531,-0.004987531,-0.012468828,-0.009975062,train/episode_170_part5/images/ZED_LEFT/ZED_LEFT_20251122_115357_948495.jpg,train/episode_170_part5/images/road_img/ZED_LEFT_20251122_115357_948495.jpg,0.55,0.546843,0.549033,0.546226,0.543779
20251122_115357_948495,45.1125,0.010324999999999987,0.017575000000000045,-0.005000000000000089,7.574999999999999,45.3375,45.3515625,45.6890625,45.5484375,-0.004987531,-0.005299251750000005,-0.012780548750000006,-0.009663341499999995,train/episode_170_part5/images/ZED_LEFT/ZED_LEFT_20251122_115357_948495.jpg,train/episode_170_part5/images/road_img/ZED_LEFT_20251122_115357_948495.jpg,0.55,0.546843,0.539724,0.545388,0.541976
20251122_115357_948495,45.1125,0.009649999999999999,0.02015,-0.01,7.55,45.3375,45.365624999999994,45.703125,45.534375,-0.004987531,-0.0056109725,-0.0130922695,-0.009351621000000001,train/episode_170_part5/images/ZED_LEFT/ZED_LEFT_20251122_115357_948495.jpg,train/episode_170_part5/images/road_img/ZED_LEFT_20251122_115357_948495.jpg,0.55,0.546843,0.533493,0.543889,0.540709
20251122_115357_948495,45.1125,0.008974999999999988,0.022725000000000044,-0.015000000000000088,7.5249999999999995,45.3375,45.379687499999996,45.7171875,45.5203125,-0.004987531,-0.005922693250000006,-0.013403990250000006,-0.009039900499999995,train/episode_170_part5/images/ZED_LEFT/ZED_LEFT_20251122_115357_948495.jpg,train/episode_170_part5/images/road_img/ZED_LEFT_20251122_115357_948495.jpg,0.55,0.546843,0.529347,0.542233,0.540231
20251122_115358_198495,45.1125,0.008299999999999797,0.025299999999999826,-0.019999999999996538,7.5,45.3375,45.39375,45.73125,45.50625,-0.004987531,-0.0062344139999999885,-0.013715710999999978,-0.00872818,train/episode_170_part5/images/ZED_LEFT/ZED_LEFT_20251122_115358_198495.jpg,train/episode_170_part5/images/road_img/ZED_LEFT_20251122_115358_198495.jpg,0.55,0.546610,0.527099,0.540712,0.542127
20251122_115358_198495,45.140625,0.0025999999999999496,0.020374999999999956,0.07750000000000087,7.5,45.365625,45.4078125,45.73125,45.534375000000004,-0.00498442925,-0.005919591499999997,-0.013085290749999996,-0.008722752,train/episode_170_part5/images/ZED_LEFT/ZED_LEFT_20251122_115358_198495.jpg,train/episode_170_part5/images/road_img/ZED_LEFT_20251122_115358_198495.jpg,0.55,0.546610,0.525290,0.539392,0.541712
20251122_115358_198495,45.16875,-0.003100000000000101,0.015449999999999913,0.17500000000000177,7.5,45.393750000000004,45.421875,45.73125,45.5625,-0.0049813274999999995,-0.005604768999999995,-0.01245487049999999,-0.008717324,train/episode_170_part5/images/ZED_LEFT/ZED_LEFT_20251122_115358_198495.jpg,train/episode_170_part5/images/road_img/ZED_LEFT_20251122_115358_198495.jpg,0.55,0.546610,0.524620,0.538381,0.540638
20251122_115358_198495,45.196875,-0.008799999999999948,0.010525000000000045,0.27249999999999913,7.5,45.421875,45.4359375,45.73125,45.590624999999996,-0.00497822575,-0.005289946500000003,-0.011824450250000007,-0.008711896,train/episode_170_part5/images/ZED_LEFT/ZED_LEFT_20251122_115358_198495.jpg,train/episode_170_part5/images/road_img/ZED_LEFT_20251122_115358_198495.jpg,0.55,0.546610,0.528318,0.538203,0.539781
20251122_115358_448495,45.225,-0.0145,0.0056,0.37,7.5,45.45,45.45,45.73125,45.61875,-0.004975124,-0.004975124,-0.01119403,-0.008706468,train/episode_170_part5/images/ZED_LEFT/ZED_LEFT_20251122_115358_448495.jpg,train/episode_170_part5/images/road_img/ZED_LEFT_20251122_115358_448495.jpg,0.55,0.499156,0.542331,0.532554,0.526277
20251122_115358_448495,45.2390625,-0.012674999999999968,0.008825000000000057,0.37250000000000005,7.449999999999999,45.4359375,45.45,45.73125,45.61875,-0.004352460999999989,-0.004663019999999994,-0.010879994499999995,-0.008393204999999994,train/episode_170_part5/images/ZED_LEFT/ZED_LEFT_20251122_115358_448495.jpg,train/episode_170_part5/images/road_img/ZED_LEFT_20251122_115358_448495.jpg,0.55,0.499156,0.554403,0.529964,0.526861
20251122_115358_448495,45.253125,-0.01085,0.012049999999999998,0.375,7.4,45.421875,45.45,45.73125,45.61875,-0.0037297980000000003,-0.004350916,-0.010565959,-0.008079942,train/episode_170_part5/images/ZED_LEFT/ZED_LEFT_20251122_115358_448495.jpg,train/episode_170_part5/images/road_img/ZED_LEFT_20251122_115358_448495.jpg,0.55,0.499156,0.561191,0.528653,0.527101
20251122_115358_448495,45.2671875,-0.009024999999999967,0.015275000000000056,0.37750000000000006,7.349999999999999,45.4078125,45.45,45.73125,45.61875,-0.003107134999999989,-0.004038811999999994,-0.010251923499999996,-0.007766678999999994,train/episode_170_part5/images/ZED_LEFT/ZED_LEFT_20251122_115358_448495.jpg,train/episode_170_part5/images/road_img/ZED_LEFT_20251122_115358_448495.jpg,0.55,0.499156,0.558621,0.527081,0.526597
20251122_115358_698495,45.28125,-0.0072,0.0185,0.38,7.3,45.39375,45.45,45.73125,45.61875,-0.002484472,-0.003726708,-0.009937888,-0.007453416,train/episode_170_part5/images/ZED_LEFT/ZED_LEFT_20251122_115358_698495.jpg,train/episode_170_part5/images/road_img/ZED_LEFT_20251122_115358_698495.jpg,0.55,0.581661,0.546669,0.539192,0.554479
20251122_115358_698495,45.28125,-0.010225000000000053,0.017074999999999976,0.3850000000000001,7.2749999999999995,45.39375,45.464062500000004,45.73125,45.646875,-0.002484472,-0.004037267000000006,-0.009937888,-0.008074534000000012,train/episode_170_part5/images/ZED_LEFT/ZED_LEFT_20251122_115358_698495.jpg,train/episode_170_part5/images/road_img/ZED_LEFT_20251122_115358_698495.jpg,0.55,0.581661,0.540547,0.546988,0.553760
20251122_115358_698495,45.28125,-0.013250000000000109,0.01564999999999995,0.3900000000000002,7.249999999999999,45.39375,45.478125000000006,45.73125,45.675000000000004,-0.002484472,-0.004347826000000011,-0.009937888,-0.008695652000000022,train/episode_170_part5/images/ZED_LEFT/ZED_LEFT_20251122_115358_698495.jpg,train/episode_170_part5/images/road_img/ZED_LEFT_20251122_115358_698495.jpg,0.55,0.581661,0.539350,0.552372,0.553735
20251122_115358_698495,45.28125,-0.016275000000000053,0.014224999999999974,0.39500000000000013,7.225,45.39375,45.4921875,45.73125,45.703125,-0.002484472,-0.004658385000000006,-0.009937888,-0.009316770000000012,train/episode_170_part5/images/ZED_LEFT/ZED_LEFT_20251122_115358_698495.jpg,train/episode_170_part5/images/road_img/ZED_LEFT_20251122_115358_698495.jpg,0.55,0.581661,0.542782,0.556580,0.554255
20251122_115358_948495,45.28125,-0.019300000000000136,0.01280000000000004,0.40000000000000063,7.200000000000001,45.39375,45.50625,45.73125,45.73125,-0.002484472000000033,-0.004968944000000012,-0.009937888000000034,-0.009937888000000011,train/episode_170_part5/images/ZED_LEFT/ZED_LEFT_20251122_115358_948495.jpg,train/episode_170_part5/images/road_img/ZED_LEFT_20251122_115358_948495.jpg,0.55,0.528137,0.550982,0.550786,0.523549
20251122_115358_948495,45.28125,-0.023075000000000033,0.01390000000000001,0.41750000000000015,7.2250000000000005,45.4359375,45.5203125,45.7734375,45.745312500000004,-0.0034161490000000085,-0.005279503000000003,-0.010869565000000008,-0.010248447000000003,train/episode_170_part5/images/ZED_LEFT/ZED_LEFT_20251122_115358_948495.jpg,train/episode_170_part5/images/road_img/ZED_LEFT_20251122_115358_948495.jpg,0.55,0.528137,0.558778,0.547679,0.524744
20251122_115358_948495,45.28125,-0.026850000000000068,0.01500000000000002,0.4350000000000003,7.25,45.478125,45.534375000000004,45.815625000000004,45.759375000000006,-0.004347826000000016,-0.005590062000000006,-0.011801242000000017,-0.010559006000000006,train/episode_170_part5/images/ZED_LEFT/ZED_LEFT_20251122_115358_948495.jpg,train/episode_170_part5/images/road_img/ZED_LEFT_20251122_115358_948495.jpg,0.55,0.528137,0.565821,0.546321,0.526132
20251122_115358_948495,45.28125,-0.030625000000000104,0.01610000000000003,0.45250000000000046,7.275,45.5203125,45.5484375,45.8578125,45.7734375,-0.005279503000000025,-0.005900621000000009,-0.012732919000000025,-0.010869565000000008,train/episode_170_part5/images/ZED_LEFT/ZED_LEFT_20251122_115358_948495.jpg,train/episode_170_part5/images/road_img/ZED_LEFT_20251122_115358_948495.jpg,0.55,0.528137,0.572188,0.546049,0.527721
20251122_115359_198495,45.28125,-0.0344,0.0172,0.47,7.3,45.5625,45.5625,45.9,45.7875,-0.00621118,-0.00621118,-0.013664596,-0.011180124,train/episode_170_part5/images/ZED_LEFT/ZED_LEFT_20251122_115359_198495.jpg,train/episode_170_part5/images/road_img/ZED_LEFT_20251122_115359_198495.jpg,0.55,0.547349,0.578555,0.550130,0.537953
20251122_115359_198495,45.28125,-0.035800000000000026,0.018525000000000024,0.4875000000000003,7.2749999999999995,45.5484375,45.5625,45.8859375,45.7734375,-0.005900620999999995,-0.00621118,-0.013354036999999994,-0.010869564999999994,train/episode_170_part5/images/ZED_LEFT/ZED_LEFT_20251122_115359_198495.jpg,train/episode_170_part5/images/road_img/ZED_LEFT_20251122_115359_198495.jpg,0.55,0.547349,0.583892,0.553603,0.539009
20251122_115359_198495,45.28125,-0.0372,0.01985,0.505,7.25,45.534375,45.5625,45.871875,45.759375000000006,-0.005590062,-0.00621118,-0.013043478,-0.010559006,train/episode_170_part5/images/ZED_LEFT/ZED_LEFT_20251122_115359_198495.jpg,train/episode_170_part5/images/road_img/ZED_LEFT_20251122_115359_198495.jpg,0.55,0.547349,0.588632,0.556543,0.539835
20251122_115359_198495,45.28125,-0.03860000000000002,0.021175000000000024,0.5225000000000003,7.225,45.5203125,45.5625,45.8578125,45.745312500000004,-0.005279502999999994,-0.00621118,-0.012732918999999995,-0.010248446999999996,train/episode_170_part5/images/ZED_LEFT/ZED_LEFT_20251122_115359_198495.jpg,train/episode_170_part5/images/road_img/ZED_LEFT_20251122_115359_198495.jpg,0.55,0.547349,0.592611,0.558983,0.540494
20251122_115359_448495,45.28125,-0.03999999999999986,0.02249999999999993,0.5399999999999965,7.199999999999999,45.50625,45.5625,45.84375,45.73125,-0.004968943999999989,-0.006211179999999978,-0.012422359999999955,-0.00993788799999999,train/episode_170_part5/images/ZED_LEFT/ZED_LEFT_20251122_115359_448495.jpg,train/episode_170_part5/images/road_img/ZED_LEFT_20251122_115359_448495.jpg,0.55,0.515658,0.596612,0.554630,0.524129
20251122_115359_448495,45.309375,-0.036174999999999964,0.02052499999999998,0.43999999999999917,7.175,45.5203125,45.5625,45.815625,45.745312500000004,-0.004656075999999998,-0.005587752999999995,-0.01117550599999999,-0.009621941499999998,train/episode_170_part5/images/ZED_LEFT/ZED_LEFT_20251122_115359_448495.jpg,train/episode_170_part5/images/road_img/ZED_LEFT_20251122_115359_448495.jpg,0.55,0.515658,0.596250,0.550966,0.523806
20251122_115359_448495,45.3375,-0.032349999999999934,0.018549999999999962,0.33999999999999825,7.1499999999999995,45.534375000000004,45.5625,45.7875,45.759375000000006,-0.004343207999999994,-0.004964325999999989,-0.009928651999999979,-0.009305994999999994,train/episode_170_part5/images/ZED_LEFT/ZED_LEFT_20251122_115359_448495.jpg,train/episode_170_part5/images/road_img/ZED_LEFT_20251122_115359_448495.jpg,0.55,0.515658,0.591020,0.547463,0.522446
20251122_115359_448495,45.365624999999994,-0.028525000000000036,0.016575000000000017,0.24000000000000088,7.125,45.5484375,45.5625,45.759375000000006,45.7734375,-0.004030340000000003,-0.004340899000000006,-0.008681798000000011,-0.008990048500000002,train/episode_170_part5/images/ZED_LEFT/ZED_LEFT_20251122_115359_448495.jpg,train/episode_170_part5/images/road_img/ZED_LEFT_20251122_115359_448495.jpg,0.55,0.515658,0.581041,0.543865,0.520070
20251122_115359_698495,45.39375,-0.0247,0.0146,0.14,7.1,45.5625,45.5625,45.73125,45.7875,-0.003717472,-0.003717472,-0.007434944,-0.008674102,train/episode_170_part5/images/ZED_LEFT/ZED_LEFT_20251122_115359_698495.jpg,train/episode_170_part5/images/road_img/ZED_LEFT_20251122_115359_698495.jpg,0.55,0.530774,0.567865,0.543392,0.528398
20251122_115359_698495,45.4078125,-0.012224999999999778,0.01407499999999999,0.20000000000000107,7.049999999999999,45.520312499999996,45.5484375,45.745312500000004,45.7171875,-0.002478697999999978,-0.003097509999999989,-0.00743264375,-0.006814982499999967,train/episode_170_part5/images/ZED_LEFT/ZED_LEFT_20251122_115359_698495.jpg,train/episode_170_part5/images/road_img/ZED_LEFT_20251122_115359_698495.jpg,0.55,0.530774,0.554982,0.541966,0.525544
20251122_115359_698495,45.421875,0.0002500000000000002,0.01355,0.26,7.0,45.478125,45.534375,45.759375000000006,45.646875,-0.0012399239999999999,-0.002477548,-0.0074303435000000004,-0.004955863,train/episode_170_part5/images/ZED_LEFT/ZED_LEFT_20251122_115359_698495.jpg,train/episode_170_part5/images/road_img/ZED_LEFT_20251122_115359_698495.jpg,0.55,0.530774,0.541673,0.539739,0.523547
20251122_115359_698495,45.4359375,0.012725000000000222,0.013024999999999991,0.32000000000000106,6.949999999999999,45.435937499999994,45.5203125,45.7734375,45.5765625,-1.1499999999775579e-06,-0.0018575859999999892,-0.00742804325,-0.003096743499999966,train/episode_170_part5/images/ZED_LEFT/ZED_LEFT_20251122_115359_698495.jpg,train/episode_170_part5/images/road_img/ZED_LEFT_20251122_115359_698495.jpg,0.55,0.530774,0.532728,0.537266,0.523291
20251122_115359_948495,45.45,0.0252,0.0125,0.38,6.9,45.39375,45.50625,45.7875,45.50625,0.001237624,-0.001237624,-0.007425743,-0.001237624,train/episode_170_part5/images/ZED_LEFT/ZED_LEFT_20251122_115359_948495.jpg,train/episode_170_part5/images/road_img/ZED_LEFT_20251122_115359_948495.jpg,0.55,0.529113,0.543769,0.536510,0.529086
20251122_115359_948495,45.4359375,0.016524999999999845,0.013250000000000014,0.3724999999999999,6.774999999999999,45.379687499999996,45.421875,45.73125,45.4921875,0.00123800725,0.0003109392500000275,-0.006498675249999984,-0.00123800725,train/episode_170_part5/images/ZED_LEFT/ZED_LEFT_20251122_115359_948495.jpg,train/episode_170_part5/images/road_img/ZED_LEFT_20251122_115359_948495.jpg,0.55,0.529113,0.562097,0.538111,0.531557
20251122_115359_948495,45.421875,0.00784999999999969,0.014000000000000026,0.3649999999999997,6.649999999999996,45.365624999999994,45.3375,45.675,45.478125,0.0012383905000000002,0.001859502500000055,-0.005571607499999967,-0.0012383905000000002,train/episode_170_part5/images/ZED_LEFT/ZED_LEFT_20251122_115359_948495.jpg,train/episode_170_part5/images/road_img/ZED_LEFT_20251122_115359_948495.jpg,0.55,0.529113,0.576315,0.540781,0.532914
20251122_115359_948495,45.4078125,-0.0008250000000001555,0.014750000000000013,0.3574999999999999,6.524999999999999,45.3515625,45.253125000000004,45.61875,45.464062500000004,0.0012387737500000001,0.003408065750000028,-0.004644539749999984,-0.0012387737500000001,train/episode_170_part5/images/ZED_LEFT/ZED_LEFT_20251122_115359_948495.jpg,train/episode_170_part5/images/road_img/ZED_LEFT_20251122_115359_948495.jpg,0.55,0.529113,0.570851,0.541991,0.531338
20251122_115400_198495,45.39375,-0.009500000000000024,0.015500000000000057,0.3499999999999997,6.4,45.3375,45.16875,45.5625,45.449999999999996,0.001239157000000033,0.004956628999999978,-0.003717471999999945,-0.001239156999999879,train/episode_170_part5/images/ZED_LEFT/ZED_LEFT_20251122_115400_198495.jpg,train/episode_170_part5/images/road_img/ZED_LEFT_20251122_115400_198495.jpg,0.55,0.516454,0.546366,0.537745,0.521061
20251122_115400_198495,45.4078125,-0.010200000000000006,0.017125000000000015,0.3424999999999999,6.4,45.309374999999996,45.2109375,45.50625,45.309375,0.0021669915000000085,0.004336283749999994,-0.002169291999999986,0.00216469175000003,train/episode_170_part5/images/ZED_LEFT/ZED_LEFT_20251122_115400_198495.jpg,train/episode_170_part5/images/road_img/ZED_LEFT_20251122_115400_198495.jpg,0.55,0.516454,0.536935,0.533756,0.517733
20251122_115400_198495,45.421875,-0.010900000000000012,0.018750000000000027,0.33499999999999985,6.4,45.28125,45.253125000000004,45.449999999999996,45.16875,0.0030948260000000167,0.0037159384999999887,-0.0006211119999999723,0.00556854050000006,train/episode_170_part5/images/ZED_LEFT/ZED_LEFT_20251122_115400_198495.jpg,train/episode_170_part5/images/road_img/ZED_LEFT_20251122_115400_198495.jpg,0.55,0.516454,0.535893,0.530896,0.515941
20251122_115400_198495,45.4359375,-0.011600000000000018,0.020375000000000042,0.3274999999999998,6.4,45.253125,45.2953125,45.39375,45.028124999999996,0.004022660500000025,0.0030955932499999836,0.0009270680000000417,0.00897238925000009,train/episode_170_part5/images/ZED_LEFT/ZED_LEFT_20251122_115400_198495.jpg,train/episode_170_part5/images/road_img/ZED_LEFT_20251122_115400_198495.jpg,0.55,0.516454,0.542313,0.529698,0.515488
20251122_115400_448495,45.45,-0.0123,0.022,0.32,6.4,45.225,45.3375,45.3375,44.8875,0.004950495,0.002475248,0.002475248,0.012376238,train/episode_170_part5/images/ZED_LEFT/ZED_LEFT_20251122_115400_448495.jpg,train/episode_170_part5/images/road_img/ZED_LEFT_20251122_115400_448495.jpg,0.55,0.539973,0.549570,0.533984,0.528990
20251122_115400_448495,45.464062500000004,-0.013100000000000014,0.021874999999999995,0.3149999999999999,6.425000000000001,45.2390625,45.2953125,45.3796875,45.0140625,0.00494896525,0.003710577000000022,0.001856435999999989,0.009900225499999955,train/episode_170_part5/images/ZED_LEFT/ZED_LEFT_20251122_115400_448495.jpg,train/episode_170_part5/images/road_img/ZED_LEFT_20251122_115400_448495.jpg,0.55,0.539973,0.553843,0.537561,0.531592
20251122_115400_448495,45.478125000000006,-0.0139,0.02175,0.31,6.45,45.253125,45.253125,45.421875,45.140625,0.0049474355,0.004945906,0.001237624,0.007424213,train/episode_170_part5/images/ZED_LEFT/ZED_LEFT_20251122_115400_448495.jpg,train/episode_170_part5/images/road_img/ZED_LEFT_20251122_115400_448495.jpg,0.55,0.539973,0.556830,0.540484,0.533966
20251122_115400_448495,45.4921875,-0.014700000000000015,0.021624999999999995,0.3049999999999999,6.4750000000000005,45.2671875,45.2109375,45.464062500000004,45.2671875,0.00494590575,0.006181235000000022,0.000618811999999989,0.004948200499999955,train/episode_170_part5/images/ZED_LEFT/ZED_LEFT_20251122_115400_448495.jpg,train/episode_170_part5/images/road_img/ZED_LEFT_20251122_115400_448495.jpg,0.55,0.539973,0.558975,0.542839,0.535477
20251122_115400_698495,45.50625,-0.015499999999999925,0.021500000000000085,0.29999999999999893,6.500000000000003,45.28125,45.16875,45.50625,45.39375,0.004944376000000033,0.007416564000000021,0.0,0.002472188000000011,train/episode_170_part5/images/ZED_LEFT/ZED_LEFT_20251122_115400_698495.jpg,train/episode_170_part5/images/road_img/ZED_LEFT_20251122_115400_698495.jpg,0.55,0.540354,0.559951,0.544705,0.527666
20251122_115400_698495,45.50625,-0.013399999999999981,0.02390000000000002,0.26999999999999974,6.575000000000001,45.239062499999996,45.140625,45.50625,45.379687499999996,0.005871446500000009,0.008034611000000006,0.0,0.002781211500000003,train/episode_170_part5/images/ZED_LEFT/ZED_LEFT_20251122_115400_698495.jpg,train/episode_170_part5/images/road_img/ZED_LEFT_20251122_115400_698495.jpg,0.55,0.540354,0.565739,0.546786,0.530642
20251122_115400_698495,45.50625,-0.011299999999999963,0.026300000000000042,0.23999999999999946,6.650000000000001,45.196875,45.1125,45.50625,45.365624999999994,0.006798517000000017,0.008652658000000011,0.0,0.0030902350000000054,train/episode_170_part5/images/ZED_LEFT/ZED_LEFT_20251122_115400_698495.jpg,train/episode_170_part5/images/road_img/ZED_LEFT_20251122_115400_698495.jpg,0.55,0.540354,0.578900,0.549910,0.536853
20251122_115400_698495,45.50625,-0.009200000000000019,0.02869999999999998,0.21000000000000024,6.725,45.1546875,45.084375,45.50625,45.3515625,0.007725587499999993,0.009270704999999995,0.0,0.003399258499999997,train/episode_170_part5/images/ZED_LEFT/ZED_LEFT_20251122_115400_698495.jpg,train/episode_170_part5/images/road_img/ZED_LEFT_20251122_115400_698495.jpg,0.55,0.540354,0.608121,0.555433,0.547407
20251122_115400_948495,45.50625,-0.0071,0.0311,0.18,6.8,45.1125,45.05625,45.50625,45.3375,0.008652658,0.009888752,0.0,0.003708282,train/episode_170_part5/images/ZED_LEFT/ZED_LEFT_20251122_115400_948495.jpg,train/episode_170_part5/images/road_img/ZED_LEFT_20251122_115400_948495.jpg,0.55,0.551418,0.652144,0.565370,0.571067
20251122_115400_948495,45.50625,-0.009025000000000035,0.025799999999999906,0.19500000000000026,6.875000000000001,45.196875,45.0984375,45.478125,45.3796875,0.0067985169999999675,0.008961681499999985,0.000618047000000011,0.0027812114999999837,train/episode_170_part5/images/ZED_LEFT/ZED_LEFT_20251122_115400_948495.jpg,train/episode_170_part5/images/road_img/ZED_LEFT_20251122_115400_948495.jpg,0.55,0.551418,0.662404,0.571212,0.577518
20251122_115400_948495,45.50625,-0.010950000000000001,0.0205,0.21,6.949999999999999,45.28125,45.140625,45.45,45.421875,0.004944376,0.008034611,0.001236094,0.0018541410000000001,train/episode_170_part5/images/ZED_LEFT/ZED_LEFT_20251122_115400_948495.jpg,train/episode_170_part5/images/road_img/ZED_LEFT_20251122_115400_948495.jpg,0.55,0.551418,0.641800,0.573588,0.566129
20251122_115400_948495,45.50625,-0.012875000000000036,0.015199999999999908,0.22500000000000026,7.025000000000001,45.365625,45.182812500000004,45.421875,45.464062500000004,0.0030902349999999672,0.007107540499999984,0.001854141000000011,0.0009270704999999836,train/episode_170_part5/images/ZED_LEFT/ZED_LEFT_20251122_115400_948495.jpg,train/episode_170_part5/images/road_img/ZED_LEFT_20251122_115400_948495.jpg,0.55,0.551418,0.592401,0.570765,0.542186
20251122_115401_198495,45.50625,-0.0148,0.0099,0.24,7.1,45.45,45.225,45.39375,45.50625,0.001236094,0.00618047,0.002472188,0.0,train/episode_170_part5/images/ZED_LEFT/ZED_LEFT_20251122_115401_198495.jpg,train/episode_170_part5/images/road_img/ZED_LEFT_20251122_115401_198495.jpg,0.55,0.478815,0.555385,0.549940,0.530355
20251122_115401_198495,45.4921875,-0.01580000000000002,0.00814999999999997,0.20999999999999946,7.200000000000001,45.3375,45.1828125,45.4078125,45.4640625,0.0034023180000000383,0.006801194000000011,0.0018541409999999893,0.0006188120000000111,train/episode_170_part5/images/ZED_LEFT/ZED_LEFT_20251122_115401_198495.jpg,train/episode_170_part5/images/road_img/ZED_LEFT_20251122_115401_198495.jpg,0.55,0.478815,0.544606,0.534235,0.523788
20251122_115401_198495,45.478125,-0.016800000000000037,0.006399999999999939,0.17999999999999894,7.300000000000003,45.224999999999994,45.140625,45.421875,45.421875,0.0055685420000000764,0.007421918000000022,0.0012360939999999782,0.0012376240000000222,train/episode_170_part5/images/ZED_LEFT/ZED_LEFT_20251122_115401_198495.jpg,train/episode_170_part5/images/road_img/ZED_LEFT_20251122_115401_198495.jpg,0.55,0.478815,0.544742,0.523093,0.522197
20251122_115401_198495,45.464062500000004,-0.017800000000000017,0.004649999999999969,0.14999999999999947,7.400000000000002,45.1125,45.098437499999996,45.4359375,45.379687499999996,0.007734766000000038,0.008042642000000011,0.0006180469999999892,0.0018564360000000112,train/episode_170_part5/images/ZED_LEFT/ZED_LEFT_20251122_115401_198495.jpg,train/episode_170_part5/images/road_img/ZED_LEFT_20251122_115401_198495.jpg,0.55,0.478815,0.548870,0.515432,0.522856
20251122_115401_448495,45.45,-0.018800000000000015,0.0028999999999999226,0.12000000000000052,7.5,45.0,45.05625,45.45,45.3375,0.009900989999999967,0.008663365999999968,-1.103327207374599e-17,0.002475248,train/episode_170_part5/images/ZED_LEFT/ZED_LEFT_20251122_115401_448495.jpg,train/episode_170_part5/images/road_img/ZED_LEFT_20251122_115401_448495.jpg,0.55,0.568945,0.550709,0.529900,0.516870
20251122_115401_448495,45.4078125,-0.019200000000000005,0.0007249999999999804,0.13500000000000012,7.5,45.0,45.05625,45.421875,45.2953125,0.008978537499999993,0.007739760499999992,-0.0003105590000000028,0.0024775540000000003,train/episode_170_part5/images/ZED_LEFT/ZED_LEFT_20251122_115401_448495.jpg,train/episode_170_part5/images/road_img/ZED_LEFT_20251122_115401_448495.jpg,0.55,0.568945,0.556169,0.540413,0.517767
20251122_115401_448495,45.365625,-0.01960000000000001,-0.001450000000000039,0.15000000000000024,7.5,45.0,45.05625,45.39375,45.253125,0.008056084999999984,0.0068161549999999835,-0.0006211180000000056,0.0024798600000000004,train/episode_170_part5/images/ZED_LEFT/ZED_LEFT_20251122_115401_448495.jpg,train/episode_170_part5/images/road_img/ZED_LEFT_20251122_115401_448495.jpg,0.55,0.568945,0.564225,0.548493,0.519189
20251122_115401_448495,45.3234375,-0.02000000000000001,-0.003625000000000058,0.1650000000000004,7.5,45.0,45.05625,45.365625,45.2109375,0.007133632499999976,0.005892549499999976,-0.0009316770000000084,0.002482166,train/episode_170_part5/images/ZED_LEFT/ZED_LEFT_20251122_115401_448495.jpg,train/episode_170_part5/images/road_img/ZED_LEFT_20251122_115401_448495.jpg,0.55,0.568945,0.575645,0.555354,0.521175
20251122_115401_698495,45.28125,-0.0204,-0.0058,0.18,7.5,45.0,45.05625,45.3375,45.16875,0.00621118,0.004968944,-0.001242236,0.002484472,train/episode_170_part5/images/ZED_LEFT/ZED_LEFT_20251122_115401_698495.jpg,train/episode_170_part5/images/road_img/ZED_LEFT_20251122_115401_698495.jpg,0.55,0.588250,0.590800,0.565516,0.535093
20251122_115401_698495,45.225,-0.023450000000000054,0.0019000000000001377,0.1349999999999992,7.525,45.0,45.05625,45.3234375,45.16875,0.004970494749999979,0.003726707999999978,-0.002180116500000017,0.001239134249999978,train/episode_170_part5/images/ZED_LEFT/ZED_LEFT_20251122_115401_698495.jpg,train/episode_170_part5/images/road_img/ZED_LEFT_20251122_115401_698495.jpg,0.55,0.588250,0.595122,0.573163,0.535012
20251122_115401_698495,45.16875,-0.0265,0.009600000000000001,0.09,7.55,45.0,45.05625,45.309375,45.16875,0.0037298095000000003,0.002484472,-0.003117997,-6.203499999999935e-06,train/episode_170_part5/images/ZED_LEFT/ZED_LEFT_20251122_115401_698495.jpg,train/episode_170_part5/images/road_img/ZED_LEFT_20251122_115401_698495.jpg,0.55,0.588250,0.588385,0.577706,0.532724
20251122_115401_698495,45.1125,-0.029550000000000052,0.017300000000000138,0.04499999999999921,7.575,45.0,45.05625,45.2953125,45.16875,0.0024891242499999787,0.0012422359999999777,-0.0040558775000000165,-0.001251541250000022,train/episode_170_part5/images/ZED_LEFT/ZED_LEFT_20251122_115401_698495.jpg,train/episode_170_part5/images/road_img/ZED_LEFT_20251122_115401_698495.jpg,0.55,0.588250,0.574304,0.579069,0.530238
20251122_115401_948495,45.05625,-0.03259999999999943,0.02499999999999968,1.0658141036401445e-15,7.600000000000002,45.0,45.05625,45.28125,45.16875,0.0012484390000000554,3.318225694215453e-17,-0.004993757999999989,-0.0024968789999999666,train/episode_170_part5/images/ZED_LEFT/ZED_LEFT_20251122_115401_948495.jpg,train/episode_170_part5/images/road_img/ZED_LEFT_20251122_115401_948495.jpg,0.55,0.540175,0.556622,0.569559,0.538845
20251122_115401_948495,45.084375,-0.016649999999999856,0.015949999999999923,0.030000000000000263,7.675000000000001,44.957812499999996,45.0421875,45.2953125,45.1546875,0.0028043242500000137,0.0009339975000000083,-0.004679315999999998,-0.0015613267499999918,train/episode_170_part5/images/ZED_LEFT/ZED_LEFT_20251122_115401_948495.jpg,train/episode_170_part5/images/road_img/ZED_LEFT_20251122_115401_948495.jpg,0.55,0.540175,0.542846,0.561106,0.538076
20251122_115401_948495,45.112500000000004,-0.0006999999999997147,0.00689999999999984,0.060000000000000525,7.750000000000002,44.915625,45.028124999999996,45.309375,45.140625,0.004360209500000028,0.0018679950000000166,-0.004364873999999994,-0.0006257744999999836,train/episode_170_part5/images/ZED_LEFT/ZED_LEFT_20251122_115401_948495.jpg,train/episode_170_part5/images/road_img/ZED_LEFT_20251122_115401_948495.jpg,0.55,0.540175,0.534626,0.554055,0.537868
20251122_115401_948495,45.140625,0.015249999999999861,-0.0021499999999999193,0.08999999999999973,7.824999999999999,44.8734375,45.0140625,45.3234375,45.1265625,0.005916094749999986,0.0028019924999999916,-0.004050432000000003,0.0003097777499999916,train/episode_170_part5/images/ZED_LEFT/ZED_LEFT_20251122_115401_948495.jpg,train/episode_170_part5/images/road_img/ZED_LEFT_20251122_115401_948495.jpg,0.55,0.540175,0.549613,0.551226,0.541382
20251122_115402_198495,45.16875,0.0312,-0.0112,0.12,7.9,44.83125,45.0,45.3375,45.1125,0.00747198,0.00373599,-0.00373599,0.00124533,train/episode_170_part5/images/ZED_LEFT/ZED_LEFT_20251122_115402_198495.jpg,train/episode_170_part5/images/road_img/ZED_LEFT_20251122_115402_198495.jpg,0.55,0.549089,0.573485,0.554023,0.528944
20251122_115402_198495,45.182812500000004,0.02612499999999991,-0.004874999999999888,0.0749999999999992,7.925000000000001,44.817187499999996,44.957812499999996,45.28125,45.0703125,0.008091547250000011,0.004978609500000022,-0.002180101999999972,0.002488723750000022,train/episode_170_part5/images/ZED_LEFT/ZED_LEFT_20251122_115402_198495.jpg,train/episode_170_part5/images/road_img/ZED_LEFT_20251122_115402_198495.jpg,0.55,0.549089,0.586948,0.557768,0.539852
20251122_115402_198495,45.196875000000006,0.02105,0.00145,0.03,7.95,44.803124999999994,44.915625,45.224999999999994,45.028125,0.008711114499999999,0.006221229,-0.0006242139999999997,0.0037321175,train/episode_170_part5/images/ZED_LEFT/ZED_LEFT_20251122_115402_198495.jpg,train/episode_170_part5/images/road_img/ZED_LEFT_20251122_115402_198495.jpg,0.55,0.549089,0.594243,0.561219,0.550549
20251122_115402_198495,45.2109375,0.01597499999999991,0.007775000000000113,-0.01500000000000079,7.9750000000000005,44.7890625,44.873437499999994,45.168749999999996,44.9859375,0.00933068175000001,0.007463848500000022,0.0009316740000000281,0.004975511250000022,train/episode_170_part5/images/ZED_LEFT/ZED_LEFT_20251122_115402_198495.jpg,train/episode_170_part5/images/road_img/ZED_LEFT_20251122_115402_198495.jpg,0.55,0.549089,0.595163,0.563587,0.552712
20251122_115402_448495,45.225,0.0109,0.0141,-0.06,8.0,44.775,44.83125,45.1125,44.94375,0.009950249,0.008706468,0.002487562,0.006218905,train/episode_170_part5/images/ZED_LEFT/ZED_LEFT_20251122_115402_448495.jpg,train/episode_170_part5/images/road_img/ZED_LEFT_20251122_115402_448495.jpg,0.55,0.536302,0.594117,0.562625,0.550949
20251122_115402_448495,45.1828125,0.004274999999999882,0.01810000000000007,-0.04999999999999982,7.924999999999999,44.775,44.8453125,45.1125,44.94375,0.009023235999999983,0.007466180499999978,0.0015535617499999835,0.005288398499999984,train/episode_170_part5/images/ZED_LEFT/ZED_LEFT_20251122_115402_448495.jpg,train/episode_170_part5/images/road_img/ZED_LEFT_20251122_115402_448495.jpg,0.55,0.536302,0.595692,0.561841,0.546891
20251122_115402_448495,45.140625,-0.0023500000000002356,0.02210000000000014,-0.03999999999999965,7.849999999999998,44.775,44.859375,45.1125,44.94375,0.008096222999999967,0.006225892999999956,0.000619561499999967,0.004357891999999967,train/episode_170_part5/images/ZED_LEFT/ZED_LEFT_20251122_115402_448495.jpg,train/episode_170_part5/images/road_img/ZED_LEFT_20251122_115402_448495.jpg,0.55,0.536302,0.599155,0.561374,0.544740
20251122_115402_448495,45.098437499999996,-0.008975000000000354,0.026100000000000213,-0.02999999999999947,7.774999999999996,44.775,44.8734375,45.1125,44.94375,0.00716920999999995,0.004985605499999934,-0.0003144387500000497,0.0034273854999999505,train/episode_170_part5/images/ZED_LEFT/ZED_LEFT_20251122_115402_448495.jpg,train/episode_170_part5/images/road_img/ZED_LEFT_20251122_115402_448495.jpg,0.55,0.536302,0.612985,0.562074,0.546141
20251122_115402_698495,45.05625,-0.0156,0.0301,-0.02,7.7,44.775,44.8875,45.1125,44.94375,0.006242197,0.003745318,-0.001248439,0.002496879,train/episode_170_part5/images/ZED_LEFT/ZED_LEFT_20251122_115402_698495.jpg,train/episode_170_part5/images/road_img/ZED_LEFT_20251122_115402_698495.jpg,0.55,0.566456,0.636560,0.570531,0.556870
20251122_115402_698495,45.1125,-0.015850000000000003,0.023174999999999876,0.015000000000000614,7.624999999999999,44.7890625,44.8734375,45.084374999999994,44.915625,0.007166119750000016,0.005293460500000027,0.0006164657500000333,0.004357131250000033,train/episode_170_part5/images/ZED_LEFT/ZED_LEFT_20251122_115402_698495.jpg,train/episode_170_part5/images/road_img/ZED_LEFT_20251122_115402_698495.jpg,0.55,0.566456,0.625340,0.575143,0.553694
20251122_115402_698495,45.16875,-0.01610000000000001,0.01624999999999975,0.050000000000001224,7.549999999999997,44.803125,44.859375,45.05625,44.887499999999996,0.008090042500000033,0.006841603000000055,0.0024813705000000666,0.006217383500000066,train/episode_170_part5/images/ZED_LEFT/ZED_LEFT_20251122_115402_698495.jpg,train/episode_170_part5/images/road_img/ZED_LEFT_20251122_115402_698495.jpg,0.55,0.566456,0.587320,0.574695,0.545034
20251122_115402_698495,45.225,-0.016350000000000014,0.009324999999999632,0.08500000000000185,7.474999999999996,44.817187499999996,44.8453125,45.028124999999996,44.859375,0.00901396525000005,0.008389745500000084,0.004346275250000099,0.008077635750000098,train/episode_170_part5/images/ZED_LEFT/ZED_LEFT_20251122_115402_698495.jpg,train/episode_170_part5/images/road_img/ZED_LEFT_20251122_115402_698495.jpg,0.55,0.566456,0.556659,0.571152,0.533907
20251122_115402_948495,45.28124999999999,-0.01659999999999982,0.002400000000000165,0.12000000000000462,7.399999999999997,44.83124999999999,44.83124999999999,45.0,44.83125,0.009937888000000002,0.009937888000000002,0.0062111799999999785,0.009937887999999935,train/episode_170_part5/images/ZED_LEFT/ZED_LEFT_20251122_115402_948495.jpg,train/episode_170_part5/images/road_img/ZED_LEFT_20251122_115402_948495.jpg,0.55,0.507159,0.535131,0.555069,0.529217
20251122_115402_948495,45.225,-0.01405,0.004725,0.185,7.3500000000000005,44.775,44.775,44.9578125,44.817187499999996,0.009950295000000001,0.009950295000000001,0.0059068245,0.00901396525,train/episode_170_part5/images/ZED_LEFT/ZED_LEFT_20251122_115402_948495.jpg,train/episode_170_part5/images/road_img/ZED_LEFT_20251122_115402_948495.jpg,0.55,0.507159,0.531447,0.543461,0.525833
20251122_115402_948495,45.16875,-0.0115,0.007050000000000001,0.25,7.300000000000001,44.71875,44.71875,44.915625,44.803124999999994,0.009962702,0.009962702,0.0056024690000000005,0.0080900425,train/episode_170_part5/images/ZED_LEFT/ZED_LEFT_20251122_115402_948495.jpg,train/episode_170_part5/images/road_img/ZED_LEFT_20251122_115402_948495.jpg,0.55,0.507159,0.533666,0.535637,0.525319
20251122_115402_948495,45.1125,-0.00895,0.009375000000000001,0.315,7.25,44.6625,44.6625,44.873437499999994,44.7890625,0.009975109,0.009975109,0.0052981135,0.00716611975,train/episode_170_part5/images/ZED_LEFT/ZED_LEFT_20251122_115402_948495.jpg,train/episode_170_part5/images/road_img/ZED_LEFT_20251122_115402_948495.jpg,0.55,0.507159,0.535516,0.530412,0.526413
20251122_115403_198495,45.05625,-0.0064,0.0117,0.38,7.2,44.60625,44.60625,44.83125,44.775,0.009987516,0.009987516,0.004993758,0.006242197,train/episode_170_part5/images/ZED_LEFT/ZED_LEFT_20251122_115403_198495.jpg,train/episode_170_part5/images/road_img/ZED_LEFT_20251122_115403_198495.jpg,0.55,0.575862,0.536330,0.539453,0.526352
20251122_115403_198495,45.028124999999996,-0.010450000000000072,0.009899999999999968,0.3975000000000003,7.1499999999999995,44.60625,44.60625,44.817187499999996,44.746874999999996,0.009367983749999989,0.009367983749999989,0.004683991749999995,0.00624610325,train/episode_170_part5/images/ZED_LEFT/ZED_LEFT_20251122_115403_198495.jpg,train/episode_170_part5/images/road_img/ZED_LEFT_20251122_115403_198495.jpg,0.55,0.575862,0.538134,0.546007,0.527640
20251122_115403_198495,45.0,-0.014499999999999857,0.008100000000000064,0.41499999999999937,7.100000000000001,44.60625,44.60625,44.803125,44.71875,0.008748451500000021,0.008748451500000021,0.004374225500000011,0.0062500095,train/episode_170_part5/images/ZED_LEFT/ZED_LEFT_20251122_115403_198495.jpg,train/episode_170_part5/images/road_img/ZED_LEFT_20251122_115403_198495.jpg,0.55,0.575862,0.541072,0.550930,0.528542
20251122_115403_198495,44.971875000000004,-0.018549999999999928,0.006300000000000032,0.4324999999999997,7.050000000000001,44.60625,44.60625,44.7890625,44.690625000000004,0.008128919250000012,0.008128919250000012,0.004064459250000005,0.006253915749999999,train/episode_170_part5/images/ZED_LEFT/ZED_LEFT_20251122_115403_198495.jpg,train/episode_170_part5/images/road_img/ZED_LEFT_20251122_115403_198495.jpg,0.55,0.575862,0.545855,0.554900,0.529338
20251122_115403_448495,44.94375,-0.0226,0.0045,0.45,7.0,44.60625,44.60625,44.775,44.6625,0.007509387,0.007509387,0.003754693,0.006257822,train/episode_170_part5/images/ZED_LEFT/ZED_LEFT_20251122_115403_448495.jpg,train/episode_170_part5/images/road_img/ZED_LEFT_20251122_115403_448495.jpg,0.55,0.500514,0.557101,0.544983,0.527326
20251122_115403_448495,44.9578125,-0.015649999999999876,0.0056500000000000205,0.4374999999999998,6.699999999999995,44.521875,44.521875,44.71875,44.5921875,0.00969454025000004,0.00969454025000004,0.005316019750000027,0.008130866500000033,train/episode_170_part5/images/ZED_LEFT/ZED_LEFT_20251122_115403_448495.jpg,train/episode_170_part5/images/road_img/ZED_LEFT_20251122_115403_448495.jpg,0.55,0.500514,0.560613,0.538190,0.527452
20251122_115403_448495,44.971875000000004,-0.008699999999999753,0.00680000000000004,0.4249999999999996,6.39999999999999,44.4375,44.4375,44.662499999999994,44.521875,0.011879693500000078,0.011879693500000078,0.006877346500000056,0.010003911000000067,train/episode_170_part5/images/ZED_LEFT/ZED_LEFT_20251122_115403_448495.jpg,train/episode_170_part5/images/road_img/ZED_LEFT_20251122_115403_448495.jpg,0.55,0.500514,0.554225,0.532601,0.527603
20251122_115403_448495,44.9859375,-0.001750000000000123,0.00794999999999998,0.41250000000000026,6.100000000000005,44.353125,44.353125,44.606249999999996,44.4515625,0.014064846749999962,0.014064846749999962,0.008438673249999973,0.011876955499999967,train/episode_170_part5/images/ZED_LEFT/ZED_LEFT_20251122_115403_448495.jpg,train/episode_170_part5/images/road_img/ZED_LEFT_20251122_115403_448495.jpg,0.55,0.500514,0.546595,0.527834,0.528399
20251122_115403_698495,45.0,0.0052,0.0091,0.4,5.8,44.26875,44.26875,44.55,44.38125,0.01625,0.01625,0.01,0.01375,train/episode_170_part5/images/ZED_LEFT/ZED_LEFT_20251122_115403_698495.jpg,train/episode_170_part5/images/road_img/ZED_LEFT_20251122_115403_698495.jpg,0.55,0.541680,0.546091,0.532483,0.526930
20251122_115403_698495,44.971875,-0.003350000000000153,0.007574999999999973,0.4025000000000001,5.7749999999999995,44.1984375,44.2125,44.5078125,44.296875,0.017200031250000018,0.01688674800000001,0.010319548750000006,0.015011748000000023,train/episode_170_part5/images/ZED_LEFT/ZED_LEFT_20251122_115403_698495.jpg,train/episode_170_part5/images/road_img/ZED_LEFT_20251122_115403_698495.jpg,0.55,0.541680,0.547615,0.535941,0.528631
20251122_115403_698495,44.94375,-0.011900000000000306,0.006049999999999946,0.4050000000000001,5.749999999999999,44.128125,44.15625,44.465624999999996,44.2125,0.018150062500000032,0.01752349600000002,0.010639097500000012,0.016273496000000044,train/episode_170_part5/images/ZED_LEFT/ZED_LEFT_20251122_115403_698495.jpg,train/episode_170_part5/images/road_img/ZED_LEFT_20251122_115403_698495.jpg,0.55,0.541680,0.548541,0.538505,0.529178
20251122_115403_698495,44.915625,-0.020450000000000457,0.004524999999999919,0.40750000000000014,5.724999999999999,44.05781249999999,44.1,44.4234375,44.128125,0.01910009375000005,0.018160244000000034,0.010958646250000016,0.017535244000000068,train/episode_170_part5/images/ZED_LEFT/ZED_LEFT_20251122_115403_698495.jpg,train/episode_170_part5/images/road_img/ZED_LEFT_20251122_115403_698495.jpg,0.55,0.541680,0.549002,0.540389,0.528824
20251122_115403_948495,44.8875,-0.029,0.003,0.41,5.7,43.9875,44.04375,44.38125,44.04375,0.020050125,0.018796992,0.011278195,0.018796992,train/episode_170_part5/images/ZED_LEFT/ZED_LEFT_20251122_115403_948495.jpg,train/episode_170_part5/images/road_img/ZED_LEFT_20251122_115403_948495.jpg,0.55,0.577254,0.550005,0.547972,0.519657
20251122_115403_948495,44.8734375,-0.020949999999999858,0.0036500000000000117,0.37999999999999945,5.7250000000000005,43.959374999999994,43.9734375,44.2828125,44.015625,0.020370090500000004,0.020057593500000023,0.013163790500000034,0.019116564500000006,train/episode_170_part5/images/ZED_LEFT/ZED_LEFT_20251122_115403_948495.jpg,train/episode_170_part5/images/road_img/ZED_LEFT_20251122_115403_948495.jpg,0.55,0.577254,0.551115,0.553408,0.518794
20251122_115403_948495,44.859375,-0.012899999999999717,0.004300000000000023,0.3499999999999989,5.750000000000001,43.93125,43.903125,44.184374999999996,43.9875,0.020690056000000012,0.021318195000000043,0.015049386000000067,0.01943613700000001,train/episode_170_part5/images/ZED_LEFT/ZED_LEFT_20251122_115403_948495.jpg,train/episode_170_part5/images/road_img/ZED_LEFT_20251122_115403_948495.jpg,0.55,0.577254,0.550908,0.557174,0.518438
20251122_115403_948495,44.8453125,-0.004849999999999573,0.004950000000000034,0.3199999999999984,5.775000000000001,43.903124999999996,43.832812499999996,44.08593749999999,43.959375,0.021010021500000017,0.022578796500000067,0.016934981500000102,0.019755709500000017,train/episode_170_part5/images/ZED_LEFT/ZED_LEFT_20251122_115403_948495.jpg,train/episode_170_part5/images/road_img/ZED_LEFT_20251122_115403_948495.jpg,0.55,0.577254,0.549435,0.559618,0.518565
20251122_115404_198495,44.83125,0.0032000000000003037,0.0055999999999997,0.2899999999999994,5.800000000000005,43.87499999999999,43.762499999999996,43.98749999999999,43.93124999999999,0.02132998700000018,0.023839398000000178,0.018820577000000113,0.020075282000000177,train/episode_170_part5/images/ZED_LEFT/ZED_LEFT_20251122_115404_198495.jpg,train/episode_170_part5/images/road_img/ZED_LEFT_20251122_115404_198495.jpg,0.55,0.540899,0.547909,0.554932,0.540051
20251122_115404_198495,44.83125,0.007474999999999999,0.0013750000000000004,0.2825,5.875,43.7625,43.650000000000006,43.9171875,43.81875,0.0238393975,0.02634880825,0.020388958500000002,0.02258469225,train/episode_170_part5/images/ZED_LEFT/ZED_LEFT_20251122_115404_198495.jpg,train/episode_170_part5/images/road_img/ZED_LEFT_20251122_115404_198495.jpg,0.55,0.540899,0.549289,0.551861,0.541236
20251122_115404_198495,44.83125,0.011749999999999998,-0.0028499999999999992,0.275,5.949999999999999,43.65,43.5375,43.846875,43.70625,0.026348808,0.028858218499999998,0.02195734,0.0250941025,train/episode_170_part5/images/ZED_LEFT/ZED_LEFT_20251122_115404_198495.jpg,train/episode_170_part5/images/road_img/ZED_LEFT_20251122_115404_198495.jpg,0.55,0.540899,0.551952,0.550101,0.542898
20251122_115404_198495,44.83125,0.016024999999999998,-0.007074999999999997,0.2675,6.0249999999999995,43.537499999999994,43.425,43.7765625,43.59375,0.0288582185,0.03136762875,0.0235257215,0.02760351275,train/episode_170_part5/images/ZED_LEFT/ZED_LEFT_20251122_115404_198495.jpg,train/episode_170_part5/images/road_img/ZED_LEFT_20251122_115404_198495.jpg,0.55,0.540899,0.554926,0.549302,0.544778
20251122_115404_448495,44.83125,0.0203,-0.0113,0.26,6.1,43.425,43.3125,43.70625,43.48125,0.031367629,0.033877039,0.025094103,0.030112923,train/episode_170_part5/images/ZED_LEFT/ZED_LEFT_20251122_115404_448495.jpg,train/episode_170_part5/images/road_img/ZED_LEFT_20251122_115404_448495.jpg,0.55,0.517752,0.558105,0.545351,0.534729
20251122_115404_448495,44.817187499999996,0.009374999999999805,-0.007474999999999931,0.2875000000000005,6.175000000000001,43.396874999999994,43.2984375,43.6640625,43.453125,0.031691551000000005,0.03388767875,0.02573012500000001,0.030436451000000007,train/episode_170_part5/images/ZED_LEFT/ZED_LEFT_20251122_115404_448495.jpg,train/episode_170_part5/images/road_img/ZED_LEFT_20251122_115404_448495.jpg,0.55,0.517752,0.559795,0.542680,0.535298
20251122_115404_448495,44.803125,-0.0015499999999996142,-0.0036500000000001358,0.31499999999999906,6.249999999999997,43.36875,43.284375000000004,43.621875,43.425000000000004,0.03201547299999999,0.033898318499999996,0.02636614699999998,0.03075997899999999,train/episode_170_part5/images/ZED_LEFT/ZED_LEFT_20251122_115404_448495.jpg,train/episode_170_part5/images/road_img/ZED_LEFT_20251122_115404_448495.jpg,0.55,0.517752,0.560421,0.540765,0.534769
20251122_115404_448495,44.7890625,-0.012474999999999806,0.00017499999999993215,0.3424999999999995,6.324999999999999,43.340625,43.2703125,43.5796875,43.396875,0.03233939499999999,0.03390895825,0.02700216899999999,0.031083506999999993,train/episode_170_part5/images/ZED_LEFT/ZED_LEFT_20251122_115404_448495.jpg,train/episode_170_part5/images/road_img/ZED_LEFT_20251122_115404_448495.jpg,0.55,0.517752,0.560231,0.539285,0.533463
20251122_115404_698495,44.775,-0.0234,0.004,0.37,6.4,43.3125,43.25625,43.5375,43.36875,0.032663317,0.033919598,0.027638191,0.031407035,train/episode_170_part5/images/ZED_LEFT/ZED_LEFT_20251122_115404_698495.jpg,train/episode_170_part5/images/road_img/ZED_LEFT_20251122_115404_698495.jpg,0.55,0.508465,0.558750,0.536268,0.548969
20251122_115404_698495,44.746874999999996,-0.018774999999999917,-0.0005750000000000815,0.29499999999999865,6.525000000000002,43.199999999999996,43.171875,43.453125,43.2984375,0.03457305450000003,0.035200403750000026,0.028915041250000023,0.03237139725000002,train/episode_170_part5/images/ZED_LEFT/ZED_LEFT_20251122_115404_698495.jpg,train/episode_170_part5/images/road_img/ZED_LEFT_20251122_115404_698495.jpg,0.55,0.508465,0.558064,0.533907,0.547932
20251122_115404_698495,44.71875,-0.014149999999999835,-0.005150000000000163,0.21999999999999734,6.650000000000005,43.08749999999999,43.0875,43.36875,43.228125,0.03648279200000007,0.03648120950000005,0.030191891500000043,0.033335759500000034,train/episode_170_part5/images/ZED_LEFT/ZED_LEFT_20251122_115404_698495.jpg,train/episode_170_part5/images/road_img/ZED_LEFT_20251122_115404_698495.jpg,0.55,0.508465,0.558620,0.532166,0.547774
20251122_115404_698495,44.690625000000004,-0.00952500000000008,-0.00972499999999992,0.14500000000000132,6.774999999999999,42.975,43.003125000000004,43.284375000000004,43.1578125,0.03839252949999997,0.037762015249999975,0.03146874174999997,0.03430012174999998,train/episode_170_part5/images/ZED_LEFT/ZED_LEFT_20251122_115404_698495.jpg,train/episode_170_part5/images/road_img/ZED_LEFT_20251122_115404_698495.jpg,0.55,0.508465,0.560346,0.530991,0.548311
20251122_115404_948495,44.6625,-0.0049,-0.0143,0.07,6.9,42.8625,42.91875,43.2,43.0875,0.040302267,0.039042821,0.032745592,0.035264484,train/episode_170_part5/images/ZED_LEFT/ZED_LEFT_20251122_115404_948495.jpg,train/episode_170_part5/images/road_img/ZED_LEFT_20251122_115404_948495.jpg,0.55,0.516937,0.562702,0.531933,0.536667
20251122_115404_948495,44.60625,-0.002249999999999953,-0.012324999999999964,0.059999999999999824,7.000000000000002,42.834374999999994,42.890625,43.171875,43.059374999999996,0.03972037124999999,0.038459330999999986,0.03215413074999999,0.034676210999999985,train/episode_170_part5/images/ZED_LEFT/ZED_LEFT_20251122_115404_948495.jpg,train/episode_170_part5/images/road_img/ZED_LEFT_20251122_115404_948495.jpg,0.55,0.516937,0.563927,0.532649,0.537415
20251122_115404_948495,44.55,0.00040000000000009386,-0.010349999999999929,0.04999999999999964,7.100000000000003,42.80625,42.8625,43.14375,43.03125,0.039138475499999985,0.03787584099999998,0.031562669499999974,0.03408793799999998,train/episode_170_part5/images/ZED_LEFT/ZED_LEFT_20251122_115404_948495.jpg,train/episode_170_part5/images/road_img/ZED_LEFT_20251122_115404_948495.jpg,0.55,0.516937,0.564228,0.533108,0.537910
20251122_115404_948495,44.49375,0.003050000000000141,-0.008374999999999893,0.03999999999999947,7.2000000000000055,42.778124999999996,42.834375,43.115625,43.003125,0.03855657974999997,0.037292350999999974,0.030971208249999965,0.03349966499999997,train/episode_170_part5/images/ZED_LEFT/ZED_LEFT_20251122_115404_948495.jpg,train/episode_170_part5/images/road_img/ZED_LEFT_20251122_115404_948495.jpg,0.55,0.516937,0.563672,0.533305,0.538126
20251122_115405_198495,44.4375,0.0057,-0.0064,0.03,7.3,42.75,42.80625,43.0875,42.975,0.037974684,0.036708861,0.030379747,0.032911392,train/episode_170_part5/images/ZED_LEFT/ZED_LEFT_20251122_115405_198495.jpg,train/episode_170_part5/images/road_img/ZED_LEFT_20251122_115405_198495.jpg,0.55,0.568583,0.562441,0.543188,0.529621
20251122_115405_198495,44.395312499999996,0.003149999999999955,-0.008850000000000044,0.019999999999999823,7.5000000000000036,42.69375,42.7359375,43.003125,42.9046875,0.03832853525000001,0.03737916800000001,0.031361684500000014,0.03357808025000001,train/episode_170_part5/images/ZED_LEFT/ZED_LEFT_20251122_115405_198495.jpg,train/episode_170_part5/images/road_img/ZED_LEFT_20251122_115405_198495.jpg,0.55,0.568583,0.561836,0.550000,0.529447
20251122_115405_198495,44.353125,0.0005999999999999096,-0.011300000000000088,0.009999999999999645,7.700000000000006,42.637499999999996,42.665625,42.918749999999996,42.834375,0.03868238650000001,0.03804947500000003,0.03234362200000003,0.03424476850000002,train/episode_170_part5/images/ZED_LEFT/ZED_LEFT_20251122_115405_198495.jpg,train/episode_170_part5/images/road_img/ZED_LEFT_20251122_115405_198495.jpg,0.55,0.568583,0.561880,0.554742,0.529241
20251122_115405_198495,44.310937499999994,-0.0019500000000001365,-0.01375000000000013,-5.342948306008566e-16,7.90000000000001,42.58125,42.59531249999999,42.834374999999994,42.764062499999994,0.03903623775000002,0.038719782000000036,0.03332555950000005,0.034911456750000035,train/episode_170_part5/images/ZED_LEFT/ZED_LEFT_20251122_115405_198495.jpg,train/episode_170_part5/images/road_img/ZED_LEFT_20251122_115405_198495.jpg,0.55,0.568583,0.562622,0.558126,0.529027
20251122_115405_448495,44.26874999999999,-0.004499999999999686,-0.016200000000000003,-0.010000000000003909,8.1,42.525,42.52499999999999,42.75,42.69375,0.03939008899999996,0.03939008899999998,0.03430749699999996,0.03557814499999996,train/episode_170_part5/images/ZED_LEFT/ZED_LEFT_20251122_115405_448495.jpg,train/episode_170_part5/images/road_img/ZED_LEFT_20251122_115405_448495.jpg,0.55,0.526640,0.564098,0.553445,0.542005
20251122_115405_448495,44.1984375,-7.499999999999955e-05,-0.016225,-0.065,8.1,42.4828125,42.46875,42.7078125,42.6515625,0.0388136665,0.039133359500000006,0.03372295,0.03499562925,train/episode_170_part5/images/ZED_LEFT/ZED_LEFT_20251122_115405_448495.jpg,train/episode_170_part5/images/road_img/ZED_LEFT_20251122_115405_448495.jpg,0.55,0.526640,0.565064,0.550228,0.542008
20251122_115405_448495,44.128125,0.004350000000000001,-0.016249999999999997,-0.12,8.1,42.440625,42.412499999999994,42.665625,42.609375,0.038237244000000004,0.03887663,0.033138403,0.034413113499999995,train/episode_170_part5/images/ZED_LEFT/ZED_LEFT_20251122_115405_448495.jpg,train/episode_170_part5/images/road_img/ZED_LEFT_20251122_115405_448495.jpg,0.55,0.526640,0.565546,0.547976,0.542188
20251122_115405_448495,44.0578125,0.008775000000000002,-0.016274999999999998,-0.175,8.1,42.3984375,42.356249999999996,42.623437499999994,42.5671875,0.0376608215,0.0386199005,0.032553856,0.03383059775,train/episode_170_part5/images/ZED_LEFT/ZED_LEFT_20251122_115405_448495.jpg,train/episode_170_part5/images/road_img/ZED_LEFT_20251122_115405_448495.jpg,0.55,0.526640,0.565484,0.546338,0.542504
20251122_115405_698495,43.9875,0.0132,-0.0163,-0.23,8.1,42.35625,42.3,42.58125,42.525,0.037084399,0.038363171,0.031969309,0.033248082,train/episode_170_part5/images/ZED_LEFT/ZED_LEFT_20251122_115405_698495.jpg,train/episode_170_part5/images/road_img/ZED_LEFT_20251122_115405_698495.jpg,0.55,0.523057,0.564809,0.544399,0.578202
20251122_115405_698495,43.93125,0.000824999999999779,-0.01795000000000003,-0.1899999999999993,8.175,42.370312500000004,42.3703125,42.609375,42.5671875,0.03552538149999997,0.03552045024999995,0.030082380249999967,0.031041459999999958,train/episode_170_part5/images/ZED_LEFT/ZED_LEFT_20251122_115405_698495.jpg,train/episode_170_part5/images/road_img/ZED_LEFT_20251122_115405_698495.jpg,0.55,0.523057,0.564138,0.542900,0.577553
20251122_115405_698495,43.875,-0.01154999999999956,-0.01959999999999994,-0.15000000000000144,8.249999999999996,42.384375,42.440625,42.637499999999996,42.609375,0.033966364000000054,0.0326777295000001,0.02819545150000007,0.028834838000000078,train/episode_170_part5/images/ZED_LEFT/ZED_LEFT_20251122_115405_698495.jpg,train/episode_170_part5/images/road_img/ZED_LEFT_20251122_115405_698495.jpg,0.55,0.523057,0.564406,0.541825,0.576011
20251122_115405_698495,43.81875,-0.023924999999999783,-0.02124999999999997,-0.11000000000000072,8.325,42.3984375,42.5109375,42.665625,42.6515625,0.03240734650000003,0.02983500875000005,0.026308522750000035,0.026628216000000038,train/episode_170_part5/images/ZED_LEFT/ZED_LEFT_20251122_115405_698495.jpg,train/episode_170_part5/images/road_img/ZED_LEFT_20251122_115405_698495.jpg,0.55,0.523057,0.566715,0.541273,0.574887
20251122_115405_948495,43.7625,-0.0363,-0.0229,-0.07,8.4,42.4125,42.58125,42.69375,42.69375,0.030848329,0.026992288,0.024421594,0.024421594,train/episode_170_part5/images/ZED_LEFT/ZED_LEFT_20251122_115405_948495.jpg,train/episode_170_part5/images/road_img/ZED_LEFT_20251122_115405_948495.jpg,0.55,0.573344,0.574917,0.551087,0.535606
20251122_115405_948495,43.678125,-0.02344999999999977,-0.012299999999999813,-0.09500000000000045,8.475000000000001,42.384375,42.5390625,42.7078125,42.7078125,0.029612930749999978,0.026073231499999985,0.02220220574999996,0.02220220574999996,train/episode_170_part5/images/ZED_LEFT/ZED_LEFT_20251122_115405_948495.jpg,train/episode_170_part5/images/road_img/ZED_LEFT_20251122_115405_948495.jpg,0.55,0.573344,0.578589,0.558432,0.534924
20251122_115405_948495,43.59375,-0.010599999999999544,-0.0016999999999996254,-0.1200000000000009,8.550000000000002,42.356249999999996,42.496874999999996,42.721875000000004,42.721875000000004,0.028377532499999955,0.025154174999999966,0.019982817499999923,0.019982817499999923,train/episode_170_part5/images/ZED_LEFT/ZED_LEFT_20251122_115405_948495.jpg,train/episode_170_part5/images/road_img/ZED_LEFT_20251122_115405_948495.jpg,0.55,0.573344,0.569853,0.562445,0.530858
20251122_115405_948495,43.509375,0.002249999999999773,0.008899999999999807,-0.14499999999999957,8.624999999999998,42.328125,42.4546875,42.7359375,42.7359375,0.027142134250000022,0.024235118500000014,0.01776342925000004,0.01776342925000004,train/episode_170_part5/images/ZED_LEFT/ZED_LEFT_20251122_115405_948495.jpg,train/episode_170_part5/images/road_img/ZED_LEFT_20251122_115405_948495.jpg,0.55,0.573344,0.559259,0.563825,0.528563
20251122_115406_198495,43.425,0.0151,0.0195,-0.17,8.7,42.3,42.4125,42.75,42.75,0.025906736,0.023316062,0.015544041,0.015544041,train/episode_170_part5/images/ZED_LEFT/ZED_LEFT_20251122_115406_198495.jpg,train/episode_170_part5/images/road_img/ZED_LEFT_20251122_115406_198495.jpg,0.55,0.509411,0.557274,0.553729,0.534648
20251122_115406_198495,43.3828125,0.017675000000000045,0.005099999999999744,-0.13749999999999943,8.775,42.328125,42.3984375,42.778125,42.8203125,0.024306514999999973,0.02268860699999999,0.01393371349999997,0.012958420749999953,train/episode_170_part5/images/ZED_LEFT/ZED_LEFT_20251122_115406_198495.jpg,train/episode_170_part5/images/road_img/ZED_LEFT_20251122_115406_198495.jpg,0.55,0.509411,0.558601,0.546644,0.540007
20251122_115406_198495,43.340624999999996,0.02025000000000009,-0.009300000000000513,-0.10499999999999886,8.850000000000001,42.35625,42.384375,42.80625,42.890625,0.022706293999999943,0.022061151999999976,0.012323385999999943,0.010372800499999908,train/episode_170_part5/images/ZED_LEFT/ZED_LEFT_20251122_115406_198495.jpg,train/episode_170_part5/images/road_img/ZED_LEFT_20251122_115406_198495.jpg,0.55,0.509411,0.559741,0.541643,0.544356
20251122_115406_198495,43.2984375,0.022825000000000137,-0.023700000000000766,-0.07249999999999827,8.925000000000004,42.384375,42.370312500000004,42.834375,42.96093750000001,0.021106072999999916,0.021433696999999967,0.010713058499999914,0.007787180249999862,train/episode_170_part5/images/ZED_LEFT/ZED_LEFT_20251122_115406_198495.jpg,train/episode_170_part5/images/road_img/ZED_LEFT_20251122_115406_198495.jpg,0.55,0.509411,0.557164,0.537690,0.544118
20251122_115406_448495,43.256249999999994,0.02539999999999969,-0.038099999999999426,-0.04000000000000089,9.0,42.4125,42.35625000000001,42.8625,43.03124999999999,0.019505851999999792,0.020806241999999746,0.009102730999999885,0.005201560000000001,train/episode_170_part5/images/ZED_LEFT/ZED_LEFT_20251122_115406_448495.jpg,train/episode_170_part5/images/road_img/ZED_LEFT_20251122_115406_448495.jpg,0.55,0.533141,0.552812,0.538729,0.539637
20251122_115406_448495,43.171875,0.021074999999999924,-0.02994999999999986,-0.05250000000000023,9.0,42.4546875,42.4265625,42.848437499999996,42.946875,0.01659531299999995,0.017242951499999937,0.007482356249999971,0.005211786,train/episode_170_part5/images/ZED_LEFT/ZED_LEFT_20251122_115406_448495.jpg,train/episode_170_part5/images/road_img/ZED_LEFT_20251122_115406_448495.jpg,0.55,0.533141,0.553097,0.539535,0.538493
20251122_115406_448495,43.0875,0.01674999999999985,-0.021799999999999712,-0.06500000000000045,9.0,42.496875,42.496875,42.834374999999994,42.8625,0.013684773999999896,0.013679660999999873,0.005861981499999942,0.005222012,train/episode_170_part5/images/ZED_LEFT/ZED_LEFT_20251122_115406_448495.jpg,train/episode_170_part5/images/road_img/ZED_LEFT_20251122_115406_448495.jpg,0.55,0.533141,0.551528,0.539946,0.536868
20251122_115406_448495,43.003125,0.01242499999999977,-0.013649999999999565,-0.07750000000000067,9.0,42.5390625,42.56718750000001,42.8203125,42.778124999999996,0.010774234999999844,0.01011637049999981,0.004241606749999913,0.005232238,train/episode_170_part5/images/ZED_LEFT/ZED_LEFT_20251122_115406_448495.jpg,train/episode_170_part5/images/road_img/ZED_LEFT_20251122_115406_448495.jpg,0.55,0.533141,0.535590,0.538226,0.527991
20251122_115406_698495,42.91875,0.008099999999999647,-0.005500000000000298,-0.0899999999999943,8.999999999999991,42.58125,42.6375,42.80625,42.69375,0.007863695999999953,0.006553079999999954,0.002621231999999883,0.005242463999999907,train/episode_170_part5/images/ZED_LEFT/ZED_LEFT_20251122_115406_698495.jpg,train/episode_170_part5/images/road_img/ZED_LEFT_20251122_115406_698495.jpg,0.55,0.513866,0.505729,0.529820,0.529977
20251122_115406_698495,42.890625,0.003149999999999648,-0.009700000000000299,-0.009999999999994319,8.874999999999991,42.58125,42.6375,42.8484375,42.721875000000004,0.007211832499999953,0.005900355249999954,0.0009803787499998832,0.003931847999999906,train/episode_170_part5/images/ZED_LEFT/ZED_LEFT_20251122_115406_698495.jpg,train/episode_170_part5/images/road_img/ZED_LEFT_20251122_115406_698495.jpg,0.55,0.513866,0.480599,0.520595,0.516831
20251122_115406_698495,42.8625,-0.0017999999999999995,-0.013900000000000001,0.07,8.75,42.58125,42.6375,42.890625,42.75,0.0065599690000000006,0.0052476305,-0.0006604745000000005,0.002621232,train/episode_170_part5/images/ZED_LEFT/ZED_LEFT_20251122_115406_698495.jpg,train/episode_170_part5/images/road_img/ZED_LEFT_20251122_115406_698495.jpg,0.55,0.513866,0.464481,0.512195,0.510245
20251122_115406_698495,42.834375,-0.006749999999999999,-0.018099999999999998,0.15,8.625,42.58125,42.6375,42.9328125,42.778125,0.0059081055,0.00459490575,-0.0023013277500000006,0.0013106159999999997,train/episode_170_part5/images/ZED_LEFT/ZED_LEFT_20251122_115406_698495.jpg,train/episode_170_part5/images/road_img/ZED_LEFT_20251122_115406_698495.jpg,0.55,0.513866,0.466298,0.506716,0.513336
20251122_115406_948495,42.80625,-0.0117,-0.0223,0.23,8.5,42.58125,42.6375,42.975,42.80625,0.005256242,0.003942181,-0.003942181,0.0,train/episode_170_part5/images/ZED_LEFT/ZED_LEFT_20251122_115406_948495.jpg,train/episode_170_part5/images/road_img/ZED_LEFT_20251122_115406_948495.jpg,0.55,0.530296,0.497871,0.509727,0.487441
20251122_115406_948495,42.75,-0.009924999999999969,-0.019299999999999946,0.2350000000000001,7.999999999999991,42.58125,42.651562500000004,43.003125000000004,42.8484375,0.003942181499999977,0.002296133749999971,-0.005928894750000036,-0.002311757000000041,train/episode_170_part5/images/ZED_LEFT/ZED_LEFT_20251122_115406_948495.jpg,train/episode_170_part5/images/road_img/ZED_LEFT_20251122_115406_948495.jpg,0.55,0.530296,0.552677,0.518735,0.503684
20251122_115406_948495,42.693749999999994,-0.008149999999999937,-0.016299999999999894,0.24000000000000019,7.499999999999982,42.58125,42.665625000000006,43.03125,42.890625,0.0026281209999999534,0.0006500864999999419,-0.00791560850000007,-0.004623514000000082,train/episode_170_part5/images/ZED_LEFT/ZED_LEFT_20251122_115406_948495.jpg,train/episode_170_part5/images/road_img/ZED_LEFT_20251122_115406_948495.jpg,0.55,0.530296,0.628314,0.533420,0.522988
20251122_115406_948495,42.637499999999996,-0.006375000000000032,-0.013300000000000053,0.2449999999999999,7.000000000000009,42.58125,42.6796875,43.059374999999996,42.9328125,0.0013140605000000229,-0.0009959607499999707,-0.009902322249999963,-0.006935270999999958,train/episode_170_part5/images/ZED_LEFT/ZED_LEFT_20251122_115406_948495.jpg,train/episode_170_part5/images/road_img/ZED_LEFT_20251122_115406_948495.jpg,0.55,0.530296,0.680279,0.542782,0.531897
20251122_115407_198495,42.58125,-0.0046,-0.0103,0.25,6.5,42.58125,42.69375,43.0875,42.975,0.0,-0.002642008,-0.011889036,-0.009247028,train/episode_170_part5/images/ZED_LEFT/ZED_LEFT_20251122_115407_198495.jpg,train/episode_170_part5/images/road_img/ZED_LEFT_20251122_115407_198495.jpg,0.55,0.567928,0.671244,0.559595,0.541687
20251122_115407_198495,42.525,0.004600000000000165,-0.003624999999999881,0.25,6.525,42.637499999999996,42.721875000000004,43.1015625,43.003125000000004,-0.0026560425000000474,-0.004637548500000035,-0.01356485125000003,-0.011251340000000035,train/episode_170_part5/images/ZED_LEFT/ZED_LEFT_20251122_115407_198495.jpg,train/episode_170_part5/images/road_img/ZED_LEFT_20251122_115407_198495.jpg,0.55,0.567928,0.636879,0.568233,0.541196
20251122_115407_198495,42.46875,0.01380000000000033,0.0030500000000002383,0.25,6.550000000000001,42.69375,42.75,43.115625,43.03125,-0.005312085000000095,-0.006633089000000071,-0.01524066650000006,-0.013255652000000069,train/episode_170_part5/images/ZED_LEFT/ZED_LEFT_20251122_115407_198495.jpg,train/episode_170_part5/images/road_img/ZED_LEFT_20251122_115407_198495.jpg,0.55,0.567928,0.605577,0.571580,0.540243
20251122_115407_198495,42.4125,0.023000000000000492,0.009725000000000355,0.25,6.575000000000001,42.75,42.778125,43.129687499999996,43.059375,-0.007968127500000142,-0.008628629500000106,-0.01691648175000009,-0.015259964000000105,train/episode_170_part5/images/ZED_LEFT/ZED_LEFT_20251122_115407_198495.jpg,train/episode_170_part5/images/road_img/ZED_LEFT_20251122_115407_198495.jpg,0.55,0.567928,0.580570,0.571722,0.538627
20251122_115407_448495,42.35625,0.0322,0.0164,0.25,6.6,42.80625,42.80625,43.14375,43.0875,-0.01062417,-0.01062417,-0.018592297,-0.017264276,train/episode_170_part5/images/ZED_LEFT/ZED_LEFT_20251122_115407_448495.jpg,train/episode_170_part5/images/road_img/ZED_LEFT_20251122_115407_448495.jpg,0.55,0.608366,0.563190,0.578288,0.542666
20251122_115407_448495,42.384375000000006,0.018324999999999755,0.009174999999999872,0.3000000000000009,6.675000000000001,42.8765625,42.890625,43.228125,43.171875,-0.011610511500000018,-0.011941637500000024,-0.019904487750000026,-0.018577346000000022,train/episode_170_part5/images/ZED_LEFT/ZED_LEFT_20251122_115407_448495.jpg,train/episode_170_part5/images/road_img/ZED_LEFT_20251122_115407_448495.jpg,0.55,0.608366,0.557506,0.582376,0.542016
20251122_115407_448495,42.4125,0.00444999999999951,0.0019499999999997436,0.35000000000000175,6.750000000000003,42.946875,42.975,43.3125,43.25625,-0.012596853000000035,-0.013259105000000049,-0.021216678500000048,-0.019890416000000046,train/episode_170_part5/images/ZED_LEFT/ZED_LEFT_20251122_115407_448495.jpg,train/episode_170_part5/images/road_img/ZED_LEFT_20251122_115407_448495.jpg,0.55,0.608366,0.561774,0.585656,0.543626
20251122_115407_448495,42.440625000000004,-0.009425000000000738,-0.0052750000000003835,0.4000000000000027,6.825000000000005,43.017187500000006,43.059375,43.39687500000001,43.340625,-0.013583194500000052,-0.014576572500000072,-0.02252886925000007,-0.02120348600000007,train/episode_170_part5/images/ZED_LEFT/ZED_LEFT_20251122_115407_448495.jpg,train/episode_170_part5/images/road_img/ZED_LEFT_20251122_115407_448495.jpg,0.55,0.608366,0.572551,0.588930,0.547021
20251122_115407_698495,42.46875,-0.02329999999999982,-0.012499999999999479,0.45000000000000123,6.900000000000011,43.087500000000006,43.143750000000004,43.48125,43.425,-0.014569536000000141,-0.015894040000000168,-0.02384106000000012,-0.022516556000000118,train/episode_170_part5/images/ZED_LEFT/ZED_LEFT_20251122_115407_698495.jpg,train/episode_170_part5/images/road_img/ZED_LEFT_20251122_115407_698495.jpg,0.55,0.527190,0.589352,0.576359,0.556674
20251122_115407_698495,42.440625,-0.020749999999999956,-0.00514999999999987,0.4675000000000003,7.0500000000000025,43.14375,43.2140625,43.5234375,43.4671875,-0.016571242250000034,-0.018228631000000044,-0.02551691725000003,-0.02419153375000003,train/episode_170_part5/images/ZED_LEFT/ZED_LEFT_20251122_115407_698495.jpg,train/episode_170_part5/images/road_img/ZED_LEFT_20251122_115407_698495.jpg,0.55,0.527190,0.599368,0.568189,0.559259
20251122_115407_698495,42.4125,-0.01819999999999991,0.0022000000000002608,0.48500000000000065,7.2000000000000055,43.2,43.284375,43.565625000000004,43.509375,-0.01857294850000007,-0.020563222000000082,-0.02719277450000006,-0.02586651150000006,train/episode_170_part5/images/ZED_LEFT/ZED_LEFT_20251122_115407_698495.jpg,train/episode_170_part5/images/road_img/ZED_LEFT_20251122_115407_698495.jpg,0.55,0.527190,0.602349,0.562393,0.560169
20251122_115407_698495,42.384375,-0.015649999999999865,0.009550000000000392,0.502500000000001,7.3500000000000085,43.25625,43.354687500000004,43.6078125,43.5515625,-0.020574654750000105,-0.022897813000000124,-0.02886863175000009,-0.02754148925000009,train/episode_170_part5/images/ZED_LEFT/ZED_LEFT_20251122_115407_698495.jpg,train/episode_170_part5/images/road_img/ZED_LEFT_20251122_115407_698495.jpg,0.55,0.527190,0.596029,0.557579,0.559045
20251122_115407_948495,42.35625,-0.013100000000000948,0.016900000000000002,0.5200000000000065,7.500000000000014,43.31250000000001,43.425,43.650000000000006,43.59375000000001,-0.02257636100000002,-0.025232403999999996,-0.030544489000000022,-0.029216467000000045,train/episode_170_part5/images/ZED_LEFT/ZED_LEFT_20251122_115407_948495.jpg,train/episode_170_part5/images/road_img/ZED_LEFT_20251122_115407_948495.jpg,0.55,0.524136,0.584607,0.552520,0.560881
20251122_115407_948495,42.39843750000001,-0.026425000000000948,0.016925000000000003,0.6100000000000064,7.700000000000014,43.368750000000006,43.4671875,43.706250000000004,43.66406250000001,-0.022884651750000023,-0.02520737175,-0.03084487475000002,-0.029848858250000044,train/episode_170_part5/images/ZED_LEFT/ZED_LEFT_20251122_115407_948495.jpg,train/episode_170_part5/images/road_img/ZED_LEFT_20251122_115407_948495.jpg,0.55,0.524136,0.579697,0.548562,0.559410
20251122_115407_948495,42.440625,-0.03975000000000001,0.01695,0.7,7.9,43.425,43.509375,43.7625,43.734375,-0.0231929425,-0.0251823395,-0.0311452605,-0.0304812495,train/episode_170_part5/images/ZED_LEFT/ZED_LEFT_20251122_115407_948495.jpg,train/episode_170_part5/images/road_img/ZED_LEFT_20251122_115407_948495.jpg,0.55,0.524136,0.578063,0.545663,0.558944
20251122_115407_948495,42.4828125,-0.053075000000000004,0.016975,0.79,8.100000000000001,43.48125,43.5515625,43.81875,43.8046875,-0.02350123325,-0.02515730725,-0.03144564625,-0.03111364075,train/episode_170_part5/images/ZED_LEFT/ZED_LEFT_20251122_115407_948495.jpg,train/episode_170_part5/images/road_img/ZED_LEFT_20251122_115407_948495.jpg,0.55,0.524136,0.579510,0.543742,0.559305
20251122_115408_198495,42.525,-0.0664,0.017,0.88,8.3,43.5375,43.59375,43.875,43.875,-0.023809524,-0.025132275,-0.031746032,-0.031746032,train/episode_170_part5/images/ZED_LEFT/ZED_LEFT_20251122_115408_198495.jpg,train/episode_170_part5/images/road_img/ZED_LEFT_20251122_115408_198495.jpg,0.55,0.592498,0.586008,0.557781,0.552179
20251122_115408_198495,42.553125,-0.05999999999999989,0.018500000000000027,0.8624999999999997,8.325000000000001,43.6078125,43.6640625,43.9453125,43.9734375,-0.024783264250000017,-0.026105143000000018,-0.032714537250000016,-0.03337416775000003,train/episode_170_part5/images/ZED_LEFT/ZED_LEFT_20251122_115408_198495.jpg,train/episode_170_part5/images/road_img/ZED_LEFT_20251122_115408_198495.jpg,0.55,0.592498,0.591079,0.568055,0.552855
20251122_115408_198495,42.581250000000004,-0.05359999999999977,0.020000000000000052,0.8449999999999994,8.350000000000001,43.678125,43.734375,44.015625,44.071875,-0.025757004500000034,-0.027078011000000034,-0.03368304250000003,-0.03500230350000006,train/episode_170_part5/images/ZED_LEFT/ZED_LEFT_20251122_115408_198495.jpg,train/episode_170_part5/images/road_img/ZED_LEFT_20251122_115408_198495.jpg,0.55,0.592498,0.592206,0.575357,0.553185
20251122_115408_198495,42.609375,-0.04720000000000012,0.021499999999999974,0.8275000000000003,8.375,43.7484375,43.8046875,44.0859375,44.170312499999994,-0.026730744749999983,-0.02805087899999998,-0.034651547749999984,-0.03663043924999997,train/episode_170_part5/images/ZED_LEFT/ZED_LEFT_20251122_115408_198495.jpg,train/episode_170_part5/images/road_img/ZED_LEFT_20251122_115408_198495.jpg,0.55,0.592498,0.588064,0.579995,0.552861
20251122_115408_448495,42.6375,-0.0408,0.023,0.81,8.4,43.81875,43.875,44.15625,44.26875,-0.027704485,-0.029023747,-0.035620053,-0.038258575,train/episode_170_part5/images/ZED_LEFT/ZED_LEFT_20251122_115408_448495.jpg,train/episode_170_part5/images/road_img/ZED_LEFT_20251122_115408_448495.jpg,0.55,0.562054,0.581368,0.576870,0.546154
20251122_115408_448495,42.6375,-0.02987499999999981,0.01962499999999994,0.7674999999999993,8.375,43.903125,43.9734375,44.268750000000004,44.3390625,-0.029683377000000035,-0.03133245400000004,-0.038258575250000044,-0.03990765150000003,train/episode_170_part5/images/ZED_LEFT/ZED_LEFT_20251122_115408_448495.jpg,train/episode_170_part5/images/road_img/ZED_LEFT_20251122_115408_448495.jpg,0.55,0.562054,0.577174,0.574247,0.545970
20251122_115408_448495,42.6375,-0.018949999999999616,0.01624999999999988,0.7249999999999985,8.35,43.987500000000004,44.071875,44.38125000000001,44.409375,-0.03166226900000007,-0.033641161000000086,-0.04089709750000009,-0.04155672800000006,train/episode_170_part5/images/ZED_LEFT/ZED_LEFT_20251122_115408_448495.jpg,train/episode_170_part5/images/road_img/ZED_LEFT_20251122_115408_448495.jpg,0.55,0.562054,0.575472,0.572254,0.546165
20251122_115408_448495,42.6375,-0.008024999999999421,0.012874999999999819,0.6824999999999978,8.325,44.071875000000006,44.1703125,44.493750000000006,44.479687500000004,-0.03364116100000011,-0.03594986800000013,-0.04353561975000014,-0.04320580450000009,train/episode_170_part5/images/ZED_LEFT/ZED_LEFT_20251122_115408_448495.jpg,train/episode_170_part5/images/road_img/ZED_LEFT_20251122_115408_448495.jpg,0.55,0.562054,0.575243,0.570872,0.546582
20251122_115408_698495,42.6375,0.0029,0.0095,0.64,8.3,44.15625,44.26875,44.60625,44.55,-0.035620053,-0.038258575,-0.046174142,-0.044854881,train/episode_170_part5/images/ZED_LEFT/ZED_LEFT_20251122_115408_698495.jpg,train/episode_170_part5/images/road_img/ZED_LEFT_20251122_115408_698495.jpg,0.55,0.523709,0.575614,0.563117,0.555804
20251122_115408_698495,42.651562500000004,-0.008200000000000198,0.01635000000000012,0.4799999999999972,8.074999999999996,44.240625,44.353125,44.6625,44.606249999999996,-0.03725522425000003,-0.03989287725000003,-0.04714707550000002,-0.045828249000000015,train/episode_170_part5/images/ZED_LEFT/ZED_LEFT_20251122_115408_698495.jpg,train/episode_170_part5/images/road_img/ZED_LEFT_20251122_115408_698495.jpg,0.55,0.523709,0.574570,0.557383,0.555922
20251122_115408_698495,42.665625000000006,-0.019300000000000397,0.02320000000000024,0.31999999999999434,7.8499999999999925,44.325,44.4375,44.71875,44.6625,-0.038890395500000056,-0.04152717950000006,-0.04812000900000003,-0.04680161700000003,train/episode_170_part5/images/ZED_LEFT/ZED_LEFT_20251122_115408_698495.jpg,train/episode_170_part5/images/road_img/ZED_LEFT_20251122_115408_698495.jpg,0.55,0.523709,0.573075,0.553050,0.555753
20251122_115408_698495,42.6796875,-0.030400000000000593,0.03005000000000036,0.15999999999999148,7.6249999999999885,44.409375000000004,44.52187500000001,44.775,44.71875,-0.04052556675000009,-0.043161481750000084,-0.049092942500000056,-0.047774985000000054,train/episode_170_part5/images/ZED_LEFT/ZED_LEFT_20251122_115408_698495.jpg,train/episode_170_part5/images/road_img/ZED_LEFT_20251122_115408_698495.jpg,0.55,0.523709,0.572063,0.549782,0.555399
20251122_115408_948495,42.69375,-0.04149999999999894,0.03690000000000045,2.131628207280308e-15,7.399999999999993,44.493750000000006,44.60625,44.831250000000004,44.775000000000006,-0.04216073800000007,-0.04479578400000002,-0.05006587600000007,-0.04874835300000009,train/episode_170_part5/images/ZED_LEFT/ZED_LEFT_20251122_115408_948495.jpg,train/episode_170_part5/images/road_img/ZED_LEFT_20251122_115408_948495.jpg,0.55,0.584157,0.570067,0.558425,0.559541
20251122_115408_948495,42.7078125,-0.026549999999999734,0.04322500000000011,0.03000000000000053,7.299999999999999,44.55,44.634375000000006,44.887499999999996,44.8453125,-0.04313371150000002,-0.045109996000000006,-0.05103624900000002,-0.05004810675000002,train/episode_170_part5/images/ZED_LEFT/ZED_LEFT_20251122_115408_948495.jpg,train/episode_170_part5/images/road_img/ZED_LEFT_20251122_115408_948495.jpg,0.55,0.584157,0.565846,0.563923,0.558664
20251122_115408_948495,42.721875000000004,-0.011599999999999468,0.049550000000000226,0.06000000000000106,7.199999999999997,44.60625,44.6625,44.94375,44.915625,-0.044106685000000034,-0.045424208000000015,-0.05200662200000004,-0.05134786050000005,train/episode_170_part5/images/ZED_LEFT/ZED_LEFT_20251122_115408_948495.jpg,train/episode_170_part5/images/road_img/ZED_LEFT_20251122_115408_948495.jpg,0.55,0.584157,0.559678,0.566987,0.557563
20251122_115408_948495,42.7359375,0.003350000000000797,0.055875000000000334,0.09000000000000159,7.099999999999994,44.6625,44.690625000000004,45.0,44.985937500000006,-0.04507965850000006,-0.045738420000000016,-0.052976995000000054,-0.05264761425000007,train/episode_170_part5/images/ZED_LEFT/ZED_LEFT_20251122_115408_948495.jpg,train/episode_170_part5/images/road_img/ZED_LEFT_20251122_115408_948495.jpg,0.55,0.584157,0.551912,0.568181,0.556421
20251122_115409_198495,42.75000000000001,0.018299999999999355,0.0621999999999998,0.11999999999999893,7.0,44.71875,44.71875,45.05625,45.05625,-0.04605263199999993,-0.046052631999999954,-0.053947367999999954,-0.05394736799999986,train/episode_170_part5/images/ZED_LEFT/ZED_LEFT_20251122_115409_198495.jpg,train/episode_170_part5/images/road_img/ZED_LEFT_20251122_115409_198495.jpg,0.55,0.540432,0.543090,0.560197,0.539378
20251122_115409_198495,42.806250000000006,0.009224999999999355,0.0593999999999998,0.10499999999999893,7.0,44.7328125,44.746875,45.084375,45.028124999999996,-0.04501067824999993,-0.04533790324999995,-0.05322230599999995,-0.05191340549999986,train/episode_170_part5/images/ZED_LEFT/ZED_LEFT_20251122_115409_198495.jpg,train/episode_170_part5/images/road_img/ZED_LEFT_20251122_115409_198495.jpg,0.55,0.540432,0.538210,0.553972,0.539267
20251122_115409_198495,42.8625,0.00015000000000000083,0.0566,0.09,7.0,44.746875,44.775,45.1125,45.0,-0.0439687245,-0.0446231745,-0.052497244,-0.049879443,train/episode_170_part5/images/ZED_LEFT/ZED_LEFT_20251122_115409_198495.jpg,train/episode_170_part5/images/road_img/ZED_LEFT_20251122_115409_198495.jpg,0.55,0.540432,0.536669,0.549395,0.539360
20251122_115409_198495,42.91875,-0.008924999999999999,0.0538,0.075,7.0,44.7609375,44.803124999999994,45.140625,44.971875,-0.042926770749999996,-0.04390844575,-0.051772182,-0.0478454805,train/episode_170_part5/images/ZED_LEFT/ZED_LEFT_20251122_115409_198495.jpg,train/episode_170_part5/images/road_img/ZED_LEFT_20251122_115409_198495.jpg,0.55,0.540432,0.537091,0.546237,0.539321
20251122_115409_448495,42.975,-0.018,0.051,0.06,7.0,44.775,44.83125,45.16875,44.94375,-0.041884817,-0.043193717,-0.05104712,-0.045811518,train/episode_170_part5/images/ZED_LEFT/ZED_LEFT_20251122_115409_448495.jpg,train/episode_170_part5/images/road_img/ZED_LEFT_20251122_115409_448495.jpg,0.55,0.559720,0.539842,0.547481,0.551226
20251122_115409_448495,43.059375,-0.01697499999999998,0.04864999999999996,0.1000000000000007,6.924999999999999,44.7890625,44.859375,45.182812500000004,44.9859375,-0.04017984649999997,-0.04181087224999997,-0.04932430099999997,-0.04474824899999998,train/episode_170_part5/images/ZED_LEFT/ZED_LEFT_20251122_115409_448495.jpg,train/episode_170_part5/images/road_img/ZED_LEFT_20251122_115409_448495.jpg,0.55,0.559720,0.543172,0.548805,0.551144
20251122_115409_448495,43.143750000000004,-0.015949999999999964,0.04629999999999991,0.1400000000000014,6.849999999999998,44.803125,44.8875,45.196875000000006,45.028125,-0.038474875999999936,-0.04042802749999995,-0.04760148199999994,-0.043684979999999964,train/episode_170_part5/images/ZED_LEFT/ZED_LEFT_20251122_115409_448495.jpg,train/episode_170_part5/images/road_img/ZED_LEFT_20251122_115409_448495.jpg,0.55,0.559720,0.545444,0.550037,0.551083
20251122_115409_448495,43.228125,-0.014925000000000018,0.04395000000000004,0.17999999999999927,6.775000000000001,44.817187499999996,44.915625,45.2109375,45.0703125,-0.036769905500000026,-0.039045182750000025,-0.04587866300000003,-0.04262171100000002,train/episode_170_part5/images/ZED_LEFT/ZED_LEFT_20251122_115409_448495.jpg,train/episode_170_part5/images/road_img/ZED_LEFT_20251122_115409_448495.jpg,0.55,0.559720,0.546603,0.551048,0.550938
20251122_115409_698495,43.3125,-0.0139,0.0416,0.22,6.7,44.83125,44.94375,45.225,45.1125,-0.035064935,-0.037662338,-0.044155844,-0.041558442,train/episode_170_part5/images/ZED_LEFT/ZED_LEFT_20251122_115409_698495.jpg,train/episode_170_part5/images/road_img/ZED_LEFT_20251122_115409_698495.jpg,0.55,0.544361,0.546734,0.549392,0.539310
20251122_115409_698495,43.354687500000004,-0.014325000000000006,0.041975000000000005,0.32500000000000184,6.7,44.859375,44.9296875,45.225,45.1125,-0.034707498249999996,-0.036332135249999974,-0.04314275624999998,-0.040547874249999984,train/episode_170_part5/images/ZED_LEFT/ZED_LEFT_20251122_115409_698495.jpg,train/episode_170_part5/images/road_img/ZED_LEFT_20251122_115409_698495.jpg,0.55,0.544361,0.546283,0.548172,0.539147
20251122_115409_698495,43.396875,-0.014750000000000015,0.04235000000000001,0.4300000000000037,6.7,44.8875,44.915625,45.225,45.1125,-0.03435006149999999,-0.03500193249999995,-0.04212966849999996,-0.039537306499999966,train/episode_170_part5/images/ZED_LEFT/ZED_LEFT_20251122_115409_698495.jpg,train/episode_170_part5/images/road_img/ZED_LEFT_20251122_115409_698495.jpg,0.55,0.544361,0.545218,0.547160,0.538940
20251122_115409_698495,43.439062500000006,-0.015175000000000022,0.04272500000000002,0.5350000000000056,6.7,44.915625,44.901562500000004,45.225,45.1125,-0.033992624749999985,-0.03367172974999993,-0.041116580749999944,-0.03852673874999995,train/episode_170_part5/images/ZED_LEFT/ZED_LEFT_20251122_115409_698495.jpg,train/episode_170_part5/images/road_img/ZED_LEFT_20251122_115409_698495.jpg,0.55,0.544361,0.543554,0.546195,0.538751
20251122_115409_948495,43.48125,-0.0156,0.0431,0.64,6.7,44.94375,44.8875,45.225,45.1125,-0.033635188,-0.032341527,-0.040103493,-0.037516171,train/episode_170_part5/images/ZED_LEFT/ZED_LEFT_20251122_115409_948495.jpg,train/episode_170_part5/images/road_img/ZED_LEFT_20251122_115409_948495.jpg,0.55,0.537508,0.541570,0.544228,0.553055
20251122_115409_948495,43.565625000000004,-0.013124999999999956,0.04232499999999999,0.6575000000000003,6.7,44.971875000000004,44.9578125,45.28125,45.1828125,-0.03228672474999998,-0.031958327499999994,-0.03938442324999999,-0.03712300749999999,train/episode_170_part5/images/ZED_LEFT/ZED_LEFT_20251122_115409_948495.jpg,train/episode_170_part5/images/road_img/ZED_LEFT_20251122_115409_948495.jpg,0.55,0.537508,0.540515,0.542691,0.553123
20251122_115409_948495,43.650000000000006,-0.010649999999999913,0.041549999999999976,0.6750000000000006,6.7,45.0,45.028125,45.337500000000006,45.253125,-0.030938261499999953,-0.03157512799999999,-0.03866535349999997,-0.036729843999999984,train/episode_170_part5/images/ZED_LEFT/ZED_LEFT_20251122_115409_948495.jpg,train/episode_170_part5/images/road_img/ZED_LEFT_20251122_115409_948495.jpg,0.55,0.537508,0.540142,0.541560,0.553295
20251122_115409_948495,43.73437500000001,-0.008174999999999868,0.04077499999999996,0.6925000000000009,6.7,45.028125,45.09843750000001,45.393750000000004,45.323437500000004,-0.029589798249999927,-0.03119192849999998,-0.03794628374999996,-0.03633668049999998,train/episode_170_part5/images/ZED_LEFT/ZED_LEFT_20251122_115409_948495.jpg,train/episode_170_part5/images/road_img/ZED_LEFT_20251122_115409_948495.jpg,0.55,0.537508,0.540402,0.540814,0.553510
20251122_115410_198495,43.81875000000001,-0.005700000000000114,0.04000000000000002,0.7099999999999955,6.7,45.056250000000006,45.16875,45.45000000000001,45.393750000000004,-0.028241334999999926,-0.030808728999999882,-0.037227213999999904,-0.035943516999999904,train/episode_170_part5/images/ZED_LEFT/ZED_LEFT_20251122_115410_198495.jpg,train/episode_170_part5/images/road_img/ZED_LEFT_20251122_115410_198495.jpg,0.55,0.572530,0.540896,0.545322,0.538248
20251122_115410_198495,43.931250000000006,-0.007300000000000029,0.04032500000000001,0.6474999999999989,6.7,45.1265625,45.2109375,45.50625,45.449999999999996,-0.02721657949999998,-0.02914212499999997,-0.03586196074999998,-0.034581525999999974,train/episode_170_part5/images/ZED_LEFT/ZED_LEFT_20251122_115410_198495.jpg,train/episode_170_part5/images/road_img/ZED_LEFT_20251122_115410_198495.jpg,0.55,0.572530,0.540813,0.548576,0.538227
20251122_115410_198495,44.04375,-0.008900000000000057,0.04065000000000001,0.5849999999999977,6.7,45.196875,45.253125000000004,45.5625,45.50625,-0.02619182399999996,-0.02747552099999994,-0.03449670749999995,-0.03321953499999995,train/episode_170_part5/images/ZED_LEFT/ZED_LEFT_20251122_115410_198495.jpg,train/episode_170_part5/images/road_img/ZED_LEFT_20251122_115410_198495.jpg,0.55,0.572530,0.540191,0.550865,0.538119
20251122_115410_198495,44.15625000000001,-0.010500000000000086,0.04097500000000002,0.5224999999999966,6.7,45.267187500000006,45.2953125,45.61875,45.5625,-0.025167068499999945,-0.02580891699999991,-0.03313145424999993,-0.03185754399999993,train/episode_170_part5/images/ZED_LEFT/ZED_LEFT_20251122_115410_198495.jpg,train/episode_170_part5/images/road_img/ZED_LEFT_20251122_115410_198495.jpg,0.55,0.572530,0.539024,0.552397,0.537928
20251122_115410_448495,44.268750000000004,-0.012100000000000487,0.04130000000000028,0.4600000000000006,6.7,45.3375,45.3375,45.675,45.61875,-0.02414231299999995,-0.02414231299999995,-0.03176620099999997,-0.030495552999999953,train/episode_170_part5/images/ZED_LEFT/ZED_LEFT_20251122_115410_448495.jpg,train/episode_170_part5/images/road_img/ZED_LEFT_20251122_115410_448495.jpg,0.55,0.554401,0.537387,0.550474,0.537208
20251122_115410_448495,44.325,-0.018950000000000487,0.04517500000000028,0.4675000000000005,6.7,45.365625,45.365625,45.7171875,45.646875,-0.02347968049999995,-0.02347968049999995,-0.03140998574999997,-0.029824888499999955,train/episode_170_part5/images/ZED_LEFT/ZED_LEFT_20251122_115410_448495.jpg,train/episode_170_part5/images/road_img/ZED_LEFT_20251122_115410_448495.jpg,0.55,0.554401,0.536351,0.548975,0.537411
20251122_115410_448495,44.381249999999994,-0.025800000000000003,0.04905,0.475,6.7,45.39375,45.39375,45.759375,45.675,-0.022817048,-0.022817048,-0.0310537705,-0.029154224,train/episode_170_part5/images/ZED_LEFT/ZED_LEFT_20251122_115410_448495.jpg,train/episode_170_part5/images/road_img/ZED_LEFT_20251122_115410_448495.jpg,0.55,0.554401,0.540041,0.548465,0.538438
20251122_115410_448495,44.4375,-0.03265,0.052925,0.4825,6.7,45.421875,45.421875,45.8015625,45.703125,-0.0221544155,-0.0221544155,-0.03069755525,-0.028483559500000002,train/episode_170_part5/images/ZED_LEFT/ZED_LEFT_20251122_115410_448495.jpg,train/episode_170_part5/images/road_img/ZED_LEFT_20251122_115410_448495.jpg,0.55,0.554401,0.552590,0.549971,0.541029
20251122_115410_698495,44.49375,-0.0395,0.0568,0.49,6.7,45.45,45.45,45.84375,45.73125,-0.021491783,-0.021491783,-0.03034134,-0.027812895,train/episode_170_part5/images/ZED_LEFT/ZED_LEFT_20251122_115410_698495.jpg,train/episode_170_part5/images/road_img/ZED_LEFT_20251122_115410_698495.jpg,0.55,0.550220,0.592024,0.556190,0.539175
20251122_115410_698495,44.5359375,-0.03552499999999993,0.04367499999999977,0.46999999999999964,6.7,45.4921875,45.50625,45.885937500000004,45.7734375,-0.021471482,-0.021786343500000006,-0.03031268,-0.0277866235,train/episode_170_part5/images/ZED_LEFT/ZED_LEFT_20251122_115410_698495.jpg,train/episode_170_part5/images/road_img/ZED_LEFT_20251122_115410_698495.jpg,0.55,0.550220,0.594588,0.560712,0.539079
20251122_115410_698495,44.578125,-0.031549999999999856,0.030549999999999536,0.4499999999999993,6.7,45.534375000000004,45.5625,45.928125,45.815625000000004,-0.021451181,-0.022080904000000012,-0.03028402,-0.027760352,train/episode_170_part5/images/ZED_LEFT/ZED_LEFT_20251122_115410_698495.jpg,train/episode_170_part5/images/road_img/ZED_LEFT_20251122_115410_698495.jpg,0.55,0.550220,0.558540,0.558767,0.533661
20251122_115410_698495,44.6203125,-0.02757500000000007,0.017425000000000232,0.4300000000000003,6.7,45.5765625,45.61875,45.9703125,45.8578125,-0.02143088,-0.022375464499999994,-0.03025536,-0.0277340805,train/episode_170_part5/images/ZED_LEFT/ZED_LEFT_20251122_115410_698495.jpg,train/episode_170_part5/images/road_img/ZED_LEFT_20251122_115410_698495.jpg,0.55,0.550220,0.544646,0.555383,0.530275
20251122_115410_948495,44.6625,-0.0236,0.0043,0.41,6.7,45.61875,45.675,46.0125,45.9,-0.021410579,-0.022670025,-0.0302267,-0.027707809,train/episode_170_part5/images/ZED_LEFT/ZED_LEFT_20251122_115410_948495.jpg,train/episode_170_part5/images/road_img/ZED_LEFT_20251122_115410_948495.jpg,0.55,0.545768,0.552152,0.553451,0.547387
20251122_115410_948495,44.690625000000004,-0.017199999999999886,0.007050000000000049,0.31749999999999834,6.7,45.646875,45.6890625,46.0125,45.928125,-0.02139713025,-0.022341714749999995,-0.029579572749999988,-0.027690404499999998,train/episode_170_part5/images/ZED_LEFT/ZED_LEFT_20251122_115410_948495.jpg,train/episode_170_part5/images/road_img/ZED_LEFT_20251122_115410_948495.jpg,0.55,0.545768,0.563263,0.553756,0.548403
20251122_115410_948495,44.71875,-0.010799999999999773,0.009800000000000097,0.2249999999999967,6.7,45.675000000000004,45.703125,46.0125,45.956250000000004,-0.021383681499999998,-0.02201340449999999,-0.028932445499999977,-0.027673,train/episode_170_part5/images/ZED_LEFT/ZED_LEFT_20251122_115410_948495.jpg,train/episode_170_part5/images/road_img/ZED_LEFT_20251122_115410_948495.jpg,0.55,0.545768,0.568522,0.554731,0.548979
20251122_115410_948495,44.746875,-0.004399999999999661,0.012550000000000146,0.13249999999999507,6.7,45.703125,45.7171875,46.0125,45.984375,-0.02137023275,-0.02168509424999998,-0.028285318249999965,-0.027655595499999998,train/episode_170_part5/images/ZED_LEFT/ZED_LEFT_20251122_115410_948495.jpg,train/episode_170_part5/images/road_img/ZED_LEFT_20251122_115410_948495.jpg,0.55,0.545768,0.567991,0.555316,0.548871
20251122_115411_198495,44.775,0.002,0.0153,0.04,6.7,45.73125,45.73125,46.0125,46.0125,-0.021356784,-0.021356784,-0.027638191,-0.027638191,train/episode_170_part5/images/ZED_LEFT/ZED_LEFT_20251122_115411_198495.jpg,train/episode_170_part5/images/road_img/ZED_LEFT_20251122_115411_198495.jpg,0.55,0.511111,0.564104,0.549530,0.547613
20251122_115411_198495,44.7890625,-0.0024000000000000774,0.022350000000000123,0.06000000000000035,6.624999999999999,45.7875,45.7734375,46.0828125,46.040625000000006,-0.022291113750000018,-0.021977437500000013,-0.028884226750000023,-0.027943197750000006,train/episode_170_part5/images/ZED_LEFT/ZED_LEFT_20251122_115411_198495.jpg,train/episode_170_part5/images/road_img/ZED_LEFT_20251122_115411_198495.jpg,0.55,0.511111,0.559204,0.544560,0.546500
20251122_115411_198495,44.803125,-0.006800000000000155,0.02940000000000025,0.08000000000000071,6.549999999999997,45.84375,45.815625000000004,46.153125,46.06875,-0.023225443500000033,-0.02259809100000002,-0.030130262500000046,-0.028248204500000013,train/episode_170_part5/images/ZED_LEFT/ZED_LEFT_20251122_115411_198495.jpg,train/episode_170_part5/images/road_img/ZED_LEFT_20251122_115411_198495.jpg,0.55,0.511111,0.553166,0.540123,0.545487
20251122_115411_198495,44.817187499999996,-0.011200000000000232,0.03645000000000037,0.10000000000000106,6.474999999999996,45.9,45.8578125,46.22343750000001,46.096875000000004,-0.02415977325000005,-0.023218744500000034,-0.031376298250000066,-0.028553211250000016,train/episode_170_part5/images/ZED_LEFT/ZED_LEFT_20251122_115411_198495.jpg,train/episode_170_part5/images/road_img/ZED_LEFT_20251122_115411_198495.jpg,0.55,0.511111,0.546213,0.536035,0.544651
20251122_115411_448495,44.83125,-0.015599999999999939,0.04349999999999987,0.11999999999999893,6.399999999999999,45.95625,45.9,46.29375,46.125,-0.025094102999999975,-0.023839398,-0.032622334,-0.028858218000000022,train/episode_170_part5/images/ZED_LEFT/ZED_LEFT_20251122_115411_448495.jpg,train/episode_170_part5/images/road_img/ZED_LEFT_20251122_115411_448495.jpg,0.55,0.578693,0.538840,0.543685,0.541202
20251122_115411_448495,44.859375,-0.014749999999999985,0.041699999999999966,0.10499999999999973,6.375,45.9703125,45.928125,46.321875000000006,46.167187500000004,-0.024765508499999995,-0.023824479750000002,-0.0326019195,-0.029153050250000007,train/episode_170_part5/images/ZED_LEFT/ZED_LEFT_20251122_115411_448495.jpg,train/episode_170_part5/images/road_img/ZED_LEFT_20251122_115411_448495.jpg,0.55,0.578693,0.535204,0.548690,0.541279
20251122_115411_448495,44.8875,-0.01389999999999997,0.039899999999999936,0.08999999999999947,6.35,45.984375,45.956250000000004,46.35,46.209375,-0.02443691399999999,-0.0238095615,-0.032581505,-0.029447882500000012,train/episode_170_part5/images/ZED_LEFT/ZED_LEFT_20251122_115411_448495.jpg,train/episode_170_part5/images/road_img/ZED_LEFT_20251122_115411_448495.jpg,0.55,0.578693,0.534478,0.552216,0.541626
20251122_115411_448495,44.915625,-0.013049999999999954,0.038099999999999905,0.0749999999999992,6.324999999999998,45.9984375,45.984375,46.378125000000004,46.251562500000006,-0.024108319499999982,-0.02379464325,-0.0325610905,-0.029742714750000017,train/episode_170_part5/images/ZED_LEFT/ZED_LEFT_20251122_115411_448495.jpg,train/episode_170_part5/images/road_img/ZED_LEFT_20251122_115411_448495.jpg,0.55,0.578693,0.534520,0.554793,0.541736
20251122_115411_698495,44.94375000000001,-0.012199999999999695,0.036300000000000186,0.060000000000003016,6.3,46.0125,46.0125,46.40625,46.29375,-0.023779724999999956,-0.023779724999999932,-0.03254067599999991,-0.03003754699999991,train/episode_170_part5/images/ZED_LEFT/ZED_LEFT_20251122_115411_698495.jpg,train/episode_170_part5/images/road_img/ZED_LEFT_20251122_115411_698495.jpg,0.55,0.548707,0.534626,0.551210,0.547401
20251122_115411_698495,45.00000000000001,-0.007899999999999695,0.03892500000000019,0.10250000000000302,6.3,46.040625000000006,46.026562500000004,46.40625,46.29375,-0.023127446249999954,-0.022816113749999933,-0.031254821999999904,-0.02875481024999991,train/episode_170_part5/images/ZED_LEFT/ZED_LEFT_20251122_115411_698495.jpg,train/episode_170_part5/images/road_img/ZED_LEFT_20251122_115411_698495.jpg,0.55,0.548707,0.534451,0.548638,0.547355
20251122_115411_698495,45.056250000000006,-0.0036000000000000008,0.041550000000000004,0.14500000000000002,6.3,46.06875,46.040625000000006,46.40625,46.29375,-0.0224751675,-0.021852502500000003,-0.029968968,-0.0274720735,train/episode_170_part5/images/ZED_LEFT/ZED_LEFT_20251122_115411_698495.jpg,train/episode_170_part5/images/road_img/ZED_LEFT_20251122_115411_698495.jpg,0.55,0.548707,0.533730,0.546708,0.547641
20251122_115411_698495,45.112500000000004,0.0006999999999999975,0.044175,0.1875,6.3,46.096875,46.0546875,46.40625,46.29375,-0.021822888749999998,-0.02088889125,-0.028683114,-0.02618933675,train/episode_170_part5/images/ZED_LEFT/ZED_LEFT_20251122_115411_698495.jpg,train/episode_170_part5/images/road_img/ZED_LEFT_20251122_115411_698495.jpg,0.55,0.548707,0.533439,0.545284,0.548674
20251122_115411_948495,45.16875,0.005,0.0468,0.23,6.3,46.125,46.06875,46.40625,46.29375,-0.02117061,-0.01992528,-0.02739726,-0.0249066,train/episode_170_part5/images/ZED_LEFT/ZED_LEFT_20251122_115411_948495.jpg,train/episode_170_part5/images/road_img/ZED_LEFT_20251122_115411_948495.jpg,0.55,0.554091,0.538007,0.545765,0.546669
20251122_115411_948495,45.2109375,0.0022999999999999523,0.043524999999999946,0.24000000000000019,6.3,46.096875,46.040625,46.378125,46.2796875,-0.01960004174999997,-0.01835587074999997,-0.02582089774999997,-0.02364272924999998,train/episode_170_part5/images/ZED_LEFT/ZED_LEFT_20251122_115411_948495.jpg,train/episode_170_part5/images/road_img/ZED_LEFT_20251122_115411_948495.jpg,0.55,0.554091,0.545098,0.547028,0.548992
20251122_115411_948495,45.253125000000004,-0.0004000000000000956,0.04024999999999988,0.2500000000000004,6.3,46.06875,46.012499999999996,46.35,46.265625,-0.018029473499999945,-0.016786461499999943,-0.024244535499999942,-0.022378858499999956,train/episode_170_part5/images/ZED_LEFT/ZED_LEFT_20251122_115411_948495.jpg,train/episode_170_part5/images/road_img/ZED_LEFT_20251122_115411_948495.jpg,0.55,0.554091,0.548805,0.548404,0.550066
20251122_115411_948495,45.2953125,-0.0030999999999999526,0.036975000000000056,0.25999999999999984,6.3,46.040625000000006,45.984375,46.321875000000006,46.2515625,-0.016458905250000027,-0.015217052250000026,-0.022668173250000027,-0.021114987750000022,train/episode_170_part5/images/ZED_LEFT/ZED_LEFT_20251122_115411_948495.jpg,train/episode_170_part5/images/road_img/ZED_LEFT_20251122_115411_948495.jpg,0.55,0.554091,0.544958,0.548805,0.549119
20251122_115412_198495,45.3375,-0.0058,0.0337,0.27,6.3,46.0125,45.95625,46.29375,46.2375,-0.014888337,-0.013647643,-0.021091811,-0.019851117,train/episode_170_part5/images/ZED_LEFT/ZED_LEFT_20251122_115412_198495.jpg,train/episode_170_part5/images/road_img/ZED_LEFT_20251122_115412_198495.jpg,0.55,0.506189,0.535076,0.540105,0.552902
20251122_115412_198495,45.3796875,-0.006875000000000018,0.03279999999999998,0.19249999999999862,6.3,45.9984375,45.9984375,46.307812500000004,46.2375,-0.013638440749999977,-0.0136349905,-0.020454210499999986,-0.018905642999999986,train/episode_170_part5/images/ZED_LEFT/ZED_LEFT_20251122_115412_198495.jpg,train/episode_170_part5/images/road_img/ZED_LEFT_20251122_115412_198495.jpg,0.55,0.506189,0.528309,0.533056,0.550526
20251122_115412_198495,45.421875,-0.007950000000000037,0.03189999999999997,0.11499999999999724,6.3,45.984375,46.040625,46.321875000000006,46.2375,-0.012388544499999956,-0.013622338,-0.019816609999999978,-0.017960168999999967,train/episode_170_part5/images/ZED_LEFT/ZED_LEFT_20251122_115412_198495.jpg,train/episode_170_part5/images/road_img/ZED_LEFT_20251122_115412_198495.jpg,0.55,0.506189,0.524292,0.527565,0.548865
20251122_115412_198495,45.464062500000004,-0.009025000000000057,0.03099999999999995,0.03749999999999587,6.3,45.9703125,46.0828125,46.3359375,46.2375,-0.011138648249999935,-0.0136096855,-0.019179009499999965,-0.01701469499999995,train/episode_170_part5/images/ZED_LEFT/ZED_LEFT_20251122_115412_198495.jpg,train/episode_170_part5/images/road_img/ZED_LEFT_20251122_115412_198495.jpg,0.55,0.506189,0.521865,0.523392,0.547752
20251122_115412_448495,45.50625,-0.0101,0.0301,-0.04,6.3,45.95625,46.125,46.35,46.2375,-0.009888752,-0.013597033,-0.018541409,-0.016069221,train/episode_170_part5/images/ZED_LEFT/ZED_LEFT_20251122_115412_448495.jpg,train/episode_170_part5/images/road_img/ZED_LEFT_20251122_115412_448495.jpg,0.55,0.565808,0.520476,0.529841,0.542367
20251122_115412_448495,45.5484375,-0.005999999999999927,0.030400000000000003,0.020000000000001072,6.375000000000001,45.9703125,46.1109375,46.35,46.2515625,-0.00926385474999999,-0.012352947249999979,-0.01760063799999998,-0.01543861524999999,train/episode_170_part5/images/ZED_LEFT/ZED_LEFT_20251122_115412_448495.jpg,train/episode_170_part5/images/road_img/ZED_LEFT_20251122_115412_448495.jpg,0.55,0.565808,0.519904,0.534464,0.542064
20251122_115412_448495,45.590625,-0.001899999999999855,0.030700000000000012,0.08000000000000215,6.450000000000003,45.984375,46.096875,46.35,46.265625,-0.008638957499999978,-0.011108861499999956,-0.016659866999999967,-0.01480800949999998,train/episode_170_part5/images/ZED_LEFT/ZED_LEFT_20251122_115412_448495.jpg,train/episode_170_part5/images/road_img/ZED_LEFT_20251122_115412_448495.jpg,0.55,0.565808,0.519900,0.537870,0.542183
20251122_115412_448495,45.6328125,0.0022000000000002174,0.031000000000000017,0.1400000000000032,6.525000000000004,45.9984375,46.0828125,46.35,46.2796875,-0.008014060249999967,-0.009864775749999933,-0.01571909599999995,-0.014177403749999967,train/episode_170_part5/images/ZED_LEFT/ZED_LEFT_20251122_115412_448495.jpg,train/episode_170_part5/images/road_img/ZED_LEFT_20251122_115412_448495.jpg,0.55,0.565808,0.520976,0.540535,0.542924
20251122_115412_698495,45.675,0.006299999999999771,0.03129999999999984,0.1999999999999986,6.600000000000026,46.0125,46.06875,46.35,46.29375,-0.007389162999999956,-0.008620689999999957,-0.014778324999999934,-0.013546797999999955,train/episode_170_part5/images/ZED_LEFT/ZED_LEFT_20251122_115412_698495.jpg,train/episode_170_part5/images/road_img/ZED_LEFT_20251122_115412_698495.jpg,0.55,0.600461,0.524504,0.549467,0.554167
20251122_115412_698495,45.7171875,0.0030749999999999432,0.02904999999999996,0.17999999999999966,6.975000000000007,46.026562500000004,46.0828125,46.35,46.307812500000004,-0.006768865999999989,-0.007999259749999989,-0.013844479999999984,-0.01292083474999999,train/episode_170_part5/images/ZED_LEFT/ZED_LEFT_20251122_115412_698495.jpg,train/episode_170_part5/images/road_img/ZED_LEFT_20251122_115412_698495.jpg,0.55,0.600461,0.527579,0.556598,0.556292
20251122_115412_698495,45.759375,-0.00015000000000011358,0.02679999999999992,0.15999999999999928,7.350000000000013,46.040625000000006,46.096875000000004,46.35,46.321875000000006,-0.006148568999999978,-0.007377829499999978,-0.012910634999999967,-0.012294871499999978,train/episode_170_part5/images/ZED_LEFT/ZED_LEFT_20251122_115412_698495.jpg,train/episode_170_part5/images/road_img/ZED_LEFT_20251122_115412_698495.jpg,0.55,0.600461,0.528539,0.562140,0.556322
20251122_115412_698495,45.8015625,-0.0033750000000001713,0.02454999999999988,0.13999999999999893,7.725000000000019,46.0546875,46.1109375,46.35,46.3359375,-0.005528271999999967,-0.006756399249999967,-0.01197678999999995,-0.011668908249999967,train/episode_170_part5/images/ZED_LEFT/ZED_LEFT_20251122_115412_698495.jpg,train/episode_170_part5/images/road_img/ZED_LEFT_20251122_115412_698495.jpg,0.55,0.600461,0.527092,0.566291,0.553814
20251122_115412_948495,45.84375,-0.006600000000000371,0.02230000000000011,0.11999999999999804,8.1,46.06875,46.125,46.35,46.35,-0.004907974999999957,-0.006134968999999978,-0.011042944999999978,-0.011042944999999957,train/episode_170_part5/images/ZED_LEFT/ZED_LEFT_20251122_115412_948495.jpg,train/episode_170_part5/images/road_img/ZED_LEFT_20251122_115412_948495.jpg,0.55,0.541838,0.523994,0.557084,0.544592
20251122_115412_948495,45.871875,-0.011825000000000372,0.02385000000000011,0.09249999999999804,8.1,46.06875,46.1390625,46.3640625,46.35,-0.004292976249999957,-0.005825216999999978,-0.010730189249999978,-0.010424191499999956,train/episode_170_part5/images/ZED_LEFT/ZED_LEFT_20251122_115412_948495.jpg,train/episode_170_part5/images/road_img/ZED_LEFT_20251122_115412_948495.jpg,0.55,0.541838,0.523429,0.550502,0.542816
20251122_115412_948495,45.9,-0.017050000000000003,0.0254,0.065,8.1,46.06875,46.153125,46.378125,46.35,-0.0036779775000000004,-0.005515465,-0.0104174335,-0.009805438,train/episode_170_part5/images/ZED_LEFT/ZED_LEFT_20251122_115412_948495.jpg,train/episode_170_part5/images/road_img/ZED_LEFT_20251122_115412_948495.jpg,0.55,0.541838,0.524571,0.545950,0.542132
20251122_115412_948495,45.928124999999994,-0.022275000000000003,0.02695,0.037500000000000006,8.1,46.06875,46.1671875,46.3921875,46.35,-0.0030629787500000005,-0.005205713,-0.010104677749999999,-0.0091866845,train/episode_170_part5/images/ZED_LEFT/ZED_LEFT_20251122_115412_948495.jpg,train/episode_170_part5/images/road_img/ZED_LEFT_20251122_115412_948495.jpg,0.55,0.541838,0.528046,0.543099,0.542752
20251122_115413_198495,45.95625,-0.0275,0.0285,0.01,8.1,46.06875,46.18125,46.40625,46.35,-0.00244798,-0.004895961,-0.009791922,-0.008567931,train/episode_170_part5/images/ZED_LEFT/ZED_LEFT_20251122_115413_198495.jpg,train/episode_170_part5/images/road_img/ZED_LEFT_20251122_115413_198495.jpg,0.55,0.580218,0.542565,0.549838,0.558062
20251122_115413_198495,45.9703125,-0.025699999999999966,0.026024999999999958,0.004999999999999912,8.1,46.0828125,46.1953125,46.4203125,46.35,-0.002447232,-0.00489446475,-0.00978892925,-0.008259688999999995,train/episode_170_part5/images/ZED_LEFT/ZED_LEFT_20251122_115413_198495.jpg,train/episode_170_part5/images/road_img/ZED_LEFT_20251122_115413_198495.jpg,0.55,0.580218,0.555611,0.556032,0.559976
20251122_115413_198495,45.984375,-0.023899999999999935,0.02354999999999991,-1.7694179454963432e-16,8.1,46.096875000000004,46.209375,46.434375,46.35,-0.002446484,-0.0048929685,-0.0097859365,-0.00795144699999999,train/episode_170_part5/images/ZED_LEFT/ZED_LEFT_20251122_115413_198495.jpg,train/episode_170_part5/images/road_img/ZED_LEFT_20251122_115413_198495.jpg,0.55,0.580218,0.556157,0.560389,0.559039
20251122_115413_198495,45.9984375,-0.02210000000000003,0.021075000000000045,-0.004999999999999911,8.1,46.1109375,46.223437499999996,46.4484375,46.35,-0.002445736,-0.00489147225,-0.00978294375,-0.007643205000000005,train/episode_170_part5/images/ZED_LEFT/ZED_LEFT_20251122_115413_198495.jpg,train/episode_170_part5/images/road_img/ZED_LEFT_20251122_115413_198495.jpg,0.55,0.580218,0.546134,0.562238,0.555623
20251122_115413_448495,46.0125,-0.0203,0.0186,-0.01,8.1,46.125,46.2375,46.4625,46.35,-0.002444988,-0.004889976,-0.009779951,-0.007334963,train/episode_170_part5/images/ZED_LEFT/ZED_LEFT_20251122_115413_448495.jpg,train/episode_170_part5/images/road_img/ZED_LEFT_20251122_115413_448495.jpg,0.55,0.553720,0.535220,0.557408,0.532977
20251122_115413_448495,46.0125,-0.012824999999999866,0.017524999999999978,0.005000000000000268,8.175,46.1390625,46.2515625,46.4765625,46.378125000000004,-0.0027506115000000054,-0.0051955992500000055,-0.010085574500000005,-0.00794621000000001,train/episode_170_part5/images/ZED_LEFT/ZED_LEFT_20251122_115413_448495.jpg,train/episode_170_part5/images/road_img/ZED_LEFT_20251122_115413_448495.jpg,0.55,0.553720,0.531070,0.553481,0.531118
20251122_115413_448495,46.0125,-0.0053499999999997334,0.01644999999999996,0.020000000000000538,8.250000000000004,46.153125,46.265625,46.490625,46.40625,-0.003056235000000011,-0.00550122250000001,-0.010391198000000011,-0.008557457000000022,train/episode_170_part5/images/ZED_LEFT/ZED_LEFT_20251122_115413_448495.jpg,train/episode_170_part5/images/road_img/ZED_LEFT_20251122_115413_448495.jpg,0.55,0.553720,0.529730,0.550535,0.530513
20251122_115413_448495,46.0125,0.0021250000000003974,0.015374999999999943,0.0350000000000008,8.325000000000005,46.1671875,46.2796875,46.504687499999996,46.434375,-0.0033618585000000163,-0.005806845750000016,-0.010696821500000016,-0.009168704000000033,train/episode_170_part5/images/ZED_LEFT/ZED_LEFT_20251122_115413_448495.jpg,train/episode_170_part5/images/road_img/ZED_LEFT_20251122_115413_448495.jpg,0.55,0.553720,0.529187,0.548380,0.531157
20251122_115413_698495,46.0125,0.0096,0.0143,0.05,8.4,46.18125,46.29375,46.51875,46.4625,-0.003667482,-0.006112469,-0.011002445,-0.009779951,train/episode_170_part5/images/ZED_LEFT/ZED_LEFT_20251122_115413_698495.jpg,train/episode_170_part5/images/road_img/ZED_LEFT_20251122_115413_698495.jpg,0.55,0.518884,0.532671,0.541318,0.544439
20251122_115413_698495,45.9984375,0.009499999999999998,0.01089999999999994,0.0049999999999992065,8.299999999999999,46.1953125,46.307812500000004,46.5328125,46.490625,-0.0042805992500000115,-0.006726334500000011,-0.011617806750000011,-0.010700936250000017,train/episode_170_part5/images/ZED_LEFT/ZED_LEFT_20251122_115413_698495.jpg,train/episode_170_part5/images/road_img/ZED_LEFT_20251122_115413_698495.jpg,0.55,0.518884,0.540056,0.537359,0.546453
20251122_115413_698495,45.984375,0.009399999999999995,0.007499999999999879,-0.04000000000000159,8.199999999999996,46.209375,46.321875000000006,46.546875,46.518750000000004,-0.004893716500000022,-0.007340200000000022,-0.012233168500000021,-0.011621921500000033,train/episode_170_part5/images/ZED_LEFT/ZED_LEFT_20251122_115413_698495.jpg,train/episode_170_part5/images/road_img/ZED_LEFT_20251122_115413_698495.jpg,0.55,0.518884,0.549352,0.535786,0.548437
20251122_115413_698495,45.9703125,0.009299999999999994,0.004099999999999819,-0.0850000000000024,8.099999999999994,46.223437499999996,46.3359375,46.5609375,46.546875,-0.005506833750000033,-0.007954065500000034,-0.012848530250000033,-0.01254290675000005,train/episode_170_part5/images/ZED_LEFT/ZED_LEFT_20251122_115413_698495.jpg,train/episode_170_part5/images/road_img/ZED_LEFT_20251122_115413_698495.jpg,0.55,0.518884,0.561539,0.536157,0.550447
20251122_115413_948495,45.95625,0.009200000000000045,0.0006999999999999894,-0.1299999999999977,7.999999999999963,46.2375,46.35,46.575,46.575,-0.006119951,-0.008567931,-0.013463892,-0.013463892,train/episode_170_part5/images/ZED_LEFT/ZED_LEFT_20251122_115413_948495.jpg,train/episode_170_part5/images/road_img/ZED_LEFT_20251122_115413_948495.jpg,0.55,0.584304,0.576879,0.549625,0.546207
20251122_115413_948495,45.9703125,0.00982500000000001,0.0005499999999999973,-0.09749999999999942,7.474999999999991,46.2515625,46.3640625,46.589062500000004,46.589062500000004,-0.0061180805,-0.0085653125,-0.013459777249999999,-0.013459777249999999,train/episode_170_part5/images/ZED_LEFT/ZED_LEFT_20251122_115413_948495.jpg,train/episode_170_part5/images/road_img/ZED_LEFT_20251122_115413_948495.jpg,0.55,0.584304,0.591330,0.560978,0.547876
20251122_115413_948495,45.984375,0.010450000000000022,0.0003999999999999947,-0.06499999999999885,6.9499999999999815,46.265625,46.378125000000004,46.603125000000006,46.603125000000006,-0.0061162099999999995,-0.008562694,-0.0134556625,-0.0134556625,train/episode_170_part5/images/ZED_LEFT/ZED_LEFT_20251122_115413_948495.jpg,train/episode_170_part5/images/road_img/ZED_LEFT_20251122_115413_948495.jpg,0.55,0.584304,0.601853,0.570369,0.549277
20251122_115413_948495,45.9984375,0.011075000000000033,0.00024999999999999204,-0.032499999999998266,6.424999999999972,46.2796875,46.3921875,46.6171875,46.6171875,-0.0061143395,-0.0085600755,-0.013451547749999999,-0.013451547749999999,train/episode_170_part5/images/ZED_LEFT/ZED_LEFT_20251122_115413_948495.jpg,train/episode_170_part5/images/road_img/ZED_LEFT_20251122_115413_948495.jpg,0.55,0.584304,0.608066,0.577793,0.550332
20251122_115414_198495,46.0125,0.011699999999999502,0.00010000000000044764,1.5987211554602026e-15,5.9,46.29375,46.40625,46.63125,46.63125,-0.006112469000000043,-0.008557457000000022,-0.013447433000000066,-0.013447433,train/episode_170_part5/images/ZED_LEFT/ZED_LEFT_20251122_115414_198495.jpg,train/episode_170_part5/images/road_img/ZED_LEFT_20251122_115414_198495.jpg,0.55,0.572459,0.609258,0.581132,0.535655
20251122_115414_198495,46.0125,0.004699999999999504,0.006400000000000447,0.0225000000000016,5.9,46.321875000000006,46.4203125,46.673437500000006,46.63125,-0.006723716000000043,-0.008863080500000021,-0.014364303250000064,-0.013447433,train/episode_170_part5/images/ZED_LEFT/ZED_LEFT_20251122_115414_198495.jpg,train/episode_170_part5/images/road_img/ZED_LEFT_20251122_115414_198495.jpg,0.55,0.572459,0.594705,0.581529,0.534575
20251122_115414_198495,46.0125,-0.0022999999999999965,0.012699999999999998,0.045,5.9,46.35,46.434375,46.715625,46.63125,-0.007334963,-0.009168704,-0.015281173499999998,-0.013447433,train/episode_170_part5/images/ZED_LEFT/ZED_LEFT_20251122_115414_198495.jpg,train/episode_170_part5/images/road_img/ZED_LEFT_20251122_115414_198495.jpg,0.55,0.572459,0.572814,0.578857,0.532342
20251122_115414_198495,46.0125,-0.009299999999999998,0.018999999999999996,0.06749999999999999,5.9,46.378125,46.4484375,46.7578125,46.63125,-0.007946209999999999,-0.009474327500000001,-0.01619804375,-0.013447433,train/episode_170_part5/images/ZED_LEFT/ZED_LEFT_20251122_115414_198495.jpg,train/episode_170_part5/images/road_img/ZED_LEFT_20251122_115414_198495.jpg,0.55,0.572459,0.549966,0.573805,0.529488
20251122_115414_448495,46.0125,-0.0163,0.0253,0.09,5.9,46.40625,46.4625,46.8,46.63125,-0.008557457,-0.009779951,-0.017114914,-0.013447433,train/episode_170_part5/images/ZED_LEFT/ZED_LEFT_20251122_115414_448495.jpg,train/episode_170_part5/images/road_img/ZED_LEFT_20251122_115414_448495.jpg,0.55,0.544004,0.530724,0.562993,0.555929
20251122_115414_448495,46.026562500000004,-0.006974999999999832,0.024424999999999985,0.19250000000000184,5.925000000000001,46.448437500000004,46.490625,46.8421875,46.659375000000004,-0.00916534550000001,-0.010082216000000005,-0.01772019050000001,-0.013748578500000006,train/episode_170_part5/images/ZED_LEFT/ZED_LEFT_20251122_115414_448495.jpg,train/episode_170_part5/images/road_img/ZED_LEFT_20251122_115414_448495.jpg,0.55,0.544004,0.522510,0.554266,0.554527
20251122_115414_448495,46.040625000000006,0.0023500000000003345,0.02354999999999997,0.29500000000000365,5.950000000000001,46.490625,46.518750000000004,46.884375,46.6875,-0.009773234000000021,-0.010384481000000011,-0.018325467000000022,-0.01404972400000001,train/episode_170_part5/images/ZED_LEFT/ZED_LEFT_20251122_115414_448495.jpg,train/episode_170_part5/images/road_img/ZED_LEFT_20251122_115414_448495.jpg,0.55,0.544004,0.519913,0.547801,0.554460
20251122_115414_448495,46.0546875,0.011674999999999835,0.022675000000000015,0.3974999999999982,5.975,46.5328125,46.546875,46.926562499999996,46.715624999999996,-0.010381122499999989,-0.010686745999999995,-0.01893074349999999,-0.014350869499999993,train/episode_170_part5/images/ZED_LEFT/ZED_LEFT_20251122_115414_448495.jpg,train/episode_170_part5/images/road_img/ZED_LEFT_20251122_115414_448495.jpg,0.55,0.544004,0.521454,0.543495,0.555581
20251122_115414_698495,46.06875,0.021,0.0218,0.5,6.0,46.575,46.575,46.96875,46.74375,-0.010989011,-0.010989011,-0.01953602,-0.014652015,train/episode_170_part5/images/ZED_LEFT/ZED_LEFT_20251122_115414_698495.jpg,train/episode_170_part5/images/road_img/ZED_LEFT_20251122_115414_698495.jpg,0.55,0.524006,0.525983,0.537933,0.503654
20251122_115414_698495,46.06875,0.018449999999999956,0.02347500000000003,0.5150000000000002,6.100000000000001,46.5609375,46.575,46.96875,46.7859375,-0.010683760749999995,-0.010989011,-0.01953602,-0.015567765750000016,train/episode_170_part5/images/ZED_LEFT/ZED_LEFT_20251122_115414_698495.jpg,train/episode_170_part5/images/road_img/ZED_LEFT_20251122_115414_698495.jpg,0.55,0.524006,0.529147,0.534509,0.506341
20251122_115414_698495,46.06875,0.01589999999999991,0.02515000000000006,0.5300000000000006,6.200000000000004,46.546875,46.575,46.96875,46.828125,-0.01037851049999999,-0.010989011,-0.01953602,-0.01648351650000003,train/episode_170_part5/images/ZED_LEFT/ZED_LEFT_20251122_115414_698495.jpg,train/episode_170_part5/images/road_img/ZED_LEFT_20251122_115414_698495.jpg,0.55,0.524006,0.531412,0.532459,0.508813
20251122_115414_698495,46.06875,0.013349999999999865,0.026825000000000092,0.5450000000000008,6.300000000000006,46.5328125,46.575,46.96875,46.870312500000004,-0.010073260249999985,-0.010989011,-0.01953602,-0.017399267250000048,train/episode_170_part5/images/ZED_LEFT/ZED_LEFT_20251122_115414_698495.jpg,train/episode_170_part5/images/road_img/ZED_LEFT_20251122_115414_698495.jpg,0.55,0.524006,0.532678,0.531227,0.510668
20251122_115414_948495,46.06875,0.0108,0.0285,0.56,6.4,46.51875,46.575,46.96875,46.9125,-0.00976801,-0.010989011,-0.01953602,-0.018315018,train/episode_170_part5/images/ZED_LEFT/ZED_LEFT_20251122_115414_948495.jpg,train/episode_170_part5/images/road_img/ZED_LEFT_20251122_115414_948495.jpg,0.55,0.575943,0.532458,0.538318,0.538111
20251122_115414_948495,46.0828125,0.0036749999999998737,0.02732499999999998,0.5575,6.425000000000001,46.5328125,46.589062500000004,46.96875,46.9265625,-0.009765032,-0.010985660749999999,-0.019225185749999995,-0.01830943425,train/episode_170_part5/images/ZED_LEFT/ZED_LEFT_20251122_115414_948495.jpg,train/episode_170_part5/images/road_img/ZED_LEFT_20251122_115414_948495.jpg,0.55,0.575943,0.531979,0.543408,0.537945
20251122_115414_948495,46.096875000000004,-0.003450000000000253,0.026149999999999958,0.5549999999999999,6.450000000000001,46.546875,46.603125000000006,46.96875,46.940625000000004,-0.009762054,-0.0109823105,-0.01891435149999999,-0.0183038505,train/episode_170_part5/images/ZED_LEFT/ZED_LEFT_20251122_115414_948495.jpg,train/episode_170_part5/images/road_img/ZED_LEFT_20251122_115414_948495.jpg,0.55,0.575943,0.530812,0.546997,0.537119
20251122_115414_948495,46.1109375,-0.01057500000000038,0.024974999999999938,0.5524999999999999,6.475000000000001,46.5609375,46.6171875,46.96875,46.9546875,-0.009759076,-0.01097896025,-0.018603517249999986,-0.01829826675,train/episode_170_part5/images/ZED_LEFT/ZED_LEFT_20251122_115414_948495.jpg,train/episode_170_part5/images/road_img/ZED_LEFT_20251122_115414_948495.jpg,0.55,0.575943,0.529657,0.549537,0.535861
20251122_115415_198495,46.125,-0.017699999999999452,0.02379999999999997,0.5500000000000025,6.500000000000002,46.575,46.63125,46.96875,46.96875,-0.00975609800000002,-0.01097561,-0.018292683,-0.01829268299999998,train/episode_170_part5/images/ZED_LEFT/ZED_LEFT_20251122_115415_198495.jpg,train/episode_170_part5/images/road_img/ZED_LEFT_20251122_115415_198495.jpg,0.55,0.563328,0.529370,0.549214,0.531957
20251122_115415_198495,46.1390625,-0.009974999999999862,0.023374999999999993,0.5850000000000006,6.525,46.603125000000006,46.6453125,46.9828125,46.96875,-0.010057633750000005,-0.01097226775,-0.01828711275,-0.017982605999999995,train/episode_170_part5/images/ZED_LEFT/ZED_LEFT_20251122_115415_198495.jpg,train/episode_170_part5/images/road_img/ZED_LEFT_20251122_115415_198495.jpg,0.55,0.563328,0.531080,0.549242,0.531322
20251122_115415_198495,46.153125,-0.002249999999999726,0.022949999999999988,0.6200000000000012,6.550000000000001,46.63125,46.659375000000004,46.996875,46.96875,-0.01035916950000001,-0.010968925499999999,-0.0182815425,-0.01767252899999999,train/episode_170_part5/images/ZED_LEFT/ZED_LEFT_20251122_115415_198495.jpg,train/episode_170_part5/images/road_img/ZED_LEFT_20251122_115415_198495.jpg,0.55,0.563328,0.532730,0.549494,0.531256
20251122_115415_198495,46.1671875,0.0054750000000004136,0.02252499999999998,0.6550000000000018,6.575000000000001,46.659375000000004,46.6734375,47.0109375,46.96875,-0.010660705250000015,-0.010965583249999999,-0.01827597225,-0.017362451999999987,train/episode_170_part5/images/ZED_LEFT/ZED_LEFT_20251122_115415_198495.jpg,train/episode_170_part5/images/road_img/ZED_LEFT_20251122_115415_198495.jpg,0.55,0.563328,0.533735,0.549811,0.531720
20251122_115415_448495,46.18125,0.013199999999999934,0.022100000000000276,0.6899999999999988,6.600000000000001,46.6875,46.6875,47.025,46.96875,-0.010962240999999956,-0.010962241,-0.018270401999999956,-0.01705237499999998,train/episode_170_part5/images/ZED_LEFT/ZED_LEFT_20251122_115415_448495.jpg,train/episode_170_part5/images/road_img/ZED_LEFT_20251122_115415_448495.jpg,0.55,0.530109,0.534259,0.544456,0.551913
20251122_115415_448495,46.209375,0.012274999999999934,0.025975000000000276,0.6749999999999989,6.625000000000002,46.6875,46.715625,47.025,46.9828125,-0.010348047749999955,-0.010955580999999999,-0.017651768749999956,-0.01673824849999998,train/episode_170_part5/images/ZED_LEFT/ZED_LEFT_20251122_115415_448495.jpg,train/episode_170_part5/images/road_img/ZED_LEFT_20251122_115415_448495.jpg,0.55,0.530109,0.534826,0.540801,0.553567
20251122_115415_448495,46.2375,0.011349999999999999,0.02985,0.6599999999999999,6.65,46.6875,46.74375,47.025,46.996875,-0.0097338545,-0.010948921,-0.0170331355,-0.016424122,train/episode_170_part5/images/ZED_LEFT/ZED_LEFT_20251122_115415_448495.jpg,train/episode_170_part5/images/road_img/ZED_LEFT_20251122_115415_448495.jpg,0.55,0.530109,0.537842,0.538679,0.556538
20251122_115415_448495,46.265625,0.010425,0.033725000000000005,0.645,6.675,46.6875,46.771874999999994,47.025,47.0109375,-0.009119661250000001,-0.010942261,-0.01641450225,-0.0161099955,train/episode_170_part5/images/ZED_LEFT/ZED_LEFT_20251122_115415_448495.jpg,train/episode_170_part5/images/road_img/ZED_LEFT_20251122_115415_448495.jpg,0.55,0.530109,0.546372,0.538409,0.561848
20251122_115415_698495,46.29375,0.0095,0.0376,0.63,6.7,46.6875,46.8,47.025,47.025,-0.008505468,-0.010935601,-0.015795869,-0.015795869,train/episode_170_part5/images/ZED_LEFT/ZED_LEFT_20251122_115415_698495.jpg,train/episode_170_part5/images/road_img/ZED_LEFT_20251122_115415_698495.jpg,0.55,0.565424,0.573057,0.547613,0.574998
