id,speed_kmh,ax_g,ay_g,yaw_rate_dps,steering_angle_deg,wheel_fl_kmh,wheel_fr_kmh,wheel_rl_kmh,wheel_rr_kmh,slip_fl,slip_fr,slip_rl,slip_rr,image_path,road_image_path,rac,img,dyn,decision,feature
20251120_181733_767884,30.54375,-0.0309,-0.0676,1.15,13.0,30.375,30.6,30.6,30.6,0.005524862,-0.001841621,-0.001841621,-0.001841621,train/episode_28__dup2/images/ZED_LEFT/ZED_LEFT_20251120_181733_767884.jpg,train/episode_28__dup2/images/road_img/ZED_LEFT_20251120_181733_767884.jpg,0.8,0.815155,nan,0.815155,nan
20251120_181733_767884,30.4453125,-0.031875,-0.0638,1.0725,12.525,30.3046875,30.4875,30.515625,30.501562500000002,0.0046100645,-0.0013812157500000001,-0.0023140515,-0.00184763375,train/episode_28__dup2/images/ZED_LEFT/ZED_LEFT_20251120_181733_767884.jpg,train/episode_28__dup2/images/road_img/ZED_LEFT_20251120_181733_767884.jpg,0.8,0.815155,nan,0.815155,nan
20251120_181733_767884,30.346875,-0.03285,-0.06,0.995,12.05,30.234375,30.375,30.431250000000002,30.403125000000003,0.0036952670000000003,-0.0009208105000000003,-0.002786482,-0.0018536465,train/episode_28__dup2/images/ZED_LEFT/ZED_LEFT_20251120_181733_767884.jpg,train/episode_28__dup2/images/road_img/ZED_LEFT_20251120_181733_767884.jpg,0.8,0.815155,nan,0.815155,nan
20251120_181733_767884,30.248437499999998,-0.033825,-0.0562,0.9175,11.575,30.1640625,30.2625,30.346875,30.3046875,0.0027804695000000004,-0.0004604052500000002,-0.0032589125,-0.0018596592500000001,train/episode_28__dup2/images/ZED_LEFT/ZED_LEFT_20251120_181733_767884.jpg,train/episode_28__dup2/images/road_img/ZED_LEFT_20251120_181733_767884.jpg,0.8,0.815155,0.766336,0.806797,0.797870
20251120_181733_767884,30.15,-0.0348,-0.0524,0.8400000000000001,11.1,30.09375,30.15,30.2625,30.20625,0.001865672000000001,-4.336808689942018e-19,-0.003731343,-0.001865672,train/episode_28__dup2/images/ZED_LEFT/ZED_LEFT_20251120_181733_767884.jpg,train/episode_28__dup2/images/road_img/ZED_LEFT_20251120_181733_767884.jpg,0.8,0.815155,0.768703,0.801699,0.796281
20251120_181734_017884,30.0515625,-0.027850000000000003,-0.04350000000000001,0.7250000000000001,10.200000000000001,30.0234375,30.0515625,30.178125,30.1359375,0.0009266642500000008,0.0,-0.004216276749999999,-0.0028170234999999994,train/episode_28__dup2/images/ZED_LEFT/ZED_LEFT_20251120_181734_017884.jpg,train/episode_28__dup2/images/road_img/ZED_LEFT_20251120_181734_017884.jpg,0.8,0.815328,0.779286,0.800061,0.804075
20251120_181734_017884,29.953125,-0.020900000000000002,-0.034600000000000006,0.6100000000000001,9.3,29.953125,29.953125,30.09375,30.065625,-1.2343499999999466e-05,0.0,-0.0047012105,-0.0037683749999999996,train/episode_28__dup2/images/ZED_LEFT/ZED_LEFT_20251120_181734_017884.jpg,train/episode_28__dup2/images/road_img/ZED_LEFT_20251120_181734_017884.jpg,0.8,0.815328,0.796609,0.801691,0.809532
20251120_181734_017884,29.8546875,-0.013950000000000004,-0.025700000000000004,0.49500000000000005,8.4,29.8828125,29.8546875,30.009375000000002,29.9953125,-0.0009513512499999995,0.0,-0.00518614425,-0.004719726499999999,train/episode_28__dup2/images/ZED_LEFT/ZED_LEFT_20251120_181734_017884.jpg,train/episode_28__dup2/images/road_img/ZED_LEFT_20251120_181734_017884.jpg,0.8,0.815328,0.815027,0.805734,0.814160
20251120_181734_017884,29.75625,-0.007000000000000006,-0.01680000000000001,0.3800000000000001,7.500000000000002,29.8125,29.75625,29.925,29.925,-0.001890358999999999,0.0,-0.0056710779999999995,-0.0056710779999999995,train/episode_28__dup2/images/ZED_LEFT/ZED_LEFT_20251120_181734_017884.jpg,train/episode_28__dup2/images/road_img/ZED_LEFT_20251120_181734_017884.jpg,0.8,0.815328,0.832524,0.811342,0.818159
20251120_181734_267884,29.840625,-0.008824999999999998,0.0026749999999999795,0.36500000000000005,7.4750000000000005,29.798437500000002,29.784375,29.98125,29.9671875,0.0013859689999999962,0.001869158999999998,-0.004720598250000001,-0.004253308500000002,train/episode_28__dup2/images/ZED_LEFT/ZED_LEFT_20251120_181734_267884.jpg,train/episode_28__dup2/images/road_img/ZED_LEFT_20251120_181734_267884.jpg,0.8,0.861796,0.846045,0.823989,0.824811
20251120_181734_267884,29.925,-0.010649999999999998,0.02214999999999998,0.35000000000000003,7.45,29.784375,29.8125,30.037499999999998,30.009375,0.004662296999999996,0.003738317999999998,-0.003770118500000001,-0.002835539000000002,train/episode_28__dup2/images/ZED_LEFT/ZED_LEFT_20251120_181734_267884.jpg,train/episode_28__dup2/images/road_img/ZED_LEFT_20251120_181734_267884.jpg,0.8,0.861796,0.849391,0.833371,0.825768
20251120_181734_267884,30.009375,-0.012474999999999998,0.04162499999999998,0.335,7.425000000000001,29.770312500000003,29.840625,30.09375,30.0515625,0.007938624999999996,0.005607476999999998,-0.002819638750000001,-0.0014177695000000016,train/episode_28__dup2/images/ZED_LEFT/ZED_LEFT_20251120_181734_267884.jpg,train/episode_28__dup2/images/road_img/ZED_LEFT_20251120_181734_267884.jpg,0.8,0.861796,0.827453,0.836610,0.824389
20251120_181734_517884,30.09375,-0.0143,0.0611,0.32,7.4,29.75625,29.86875,30.15,30.09375,0.011214953,0.007476636,-0.001869159,0.0,train/episode_28__dup2/images/ZED_LEFT/ZED_LEFT_20251120_181734_517884.jpg,train/episode_28__dup2/images/road_img/ZED_LEFT_20251120_181734_517884.jpg,0.8,0.881661,0.771579,0.836265,0.834968
20251120_181734_517884,30.375,-0.011150000000000005,0.09482499999999995,0.345,7.4,29.98125,30.065624999999997,30.403125,30.346875,0.012915719249999997,0.010111981499999995,-0.0009514187500000014,0.0009009009999999984,train/episode_28__dup2/images/ZED_LEFT/ZED_LEFT_20251120_181734_517884.jpg,train/episode_28__dup2/images/road_img/ZED_LEFT_20251120_181734_517884.jpg,0.8,0.881661,0.709628,0.837410,0.826190
20251120_181734_517884,30.65625,-0.008000000000000004,0.12854999999999997,0.37,7.4,30.20625,30.2625,30.65625,30.599999999999998,0.014616485499999998,0.012747326999999996,-3.3678500000000914e-05,0.0018018019999999988,train/episode_28__dup2/images/ZED_LEFT/ZED_LEFT_20251120_181734_517884.jpg,train/episode_28__dup2/images/road_img/ZED_LEFT_20251120_181734_517884.jpg,0.8,0.881661,0.699775,0.839458,0.817815
20251120_181734_517884,30.9375,-0.0048500000000000106,0.16227499999999992,0.3949999999999999,7.4,30.43125,30.459374999999998,30.909375,30.853125,0.016317251749999998,0.015382672499999993,0.0008840617499999977,0.0027027029999999973,train/episode_28__dup2/images/ZED_LEFT/ZED_LEFT_20251120_181734_517884.jpg,train/episode_28__dup2/images/road_img/ZED_LEFT_20251120_181734_517884.jpg,0.8,0.881661,0.737203,0.842015,0.818887
20251120_181734_517884,31.21875,-0.0017000000000000088,0.19599999999999995,0.41999999999999993,7.4,30.65625,30.65625,31.1625,31.10625,0.018018017999999997,0.018018017999999993,0.0018018019999999982,0.0036036039999999977,train/episode_28__dup2/images/ZED_LEFT/ZED_LEFT_20251120_181734_517884.jpg,train/episode_28__dup2/images/road_img/ZED_LEFT_20251120_181734_517884.jpg,0.8,0.881661,0.766215,0.844815,0.823642
20251120_181734_767884,31.514062499999998,-0.000700000000000001,0.18882500000000002,0.3975,7.4,31.10625,31.1203125,31.5984375,31.528125,0.013079485750000005,0.012645458000000005,-0.0025548984999999953,-0.00033549149999999566,train/episode_28__dup2/images/ZED_LEFT/ZED_LEFT_20251120_181734_767884.jpg,train/episode_28__dup2/images/road_img/ZED_LEFT_20251120_181734_767884.jpg,0.8,0.796502,0.776467,0.828393,0.833660
20251120_181734_767884,31.809375,0.00029999999999999797,0.18165000000000003,0.37500000000000006,7.4,31.55625,31.584375,32.034375,31.95,0.008140953500000011,0.007272898000000012,-0.0069115989999999905,-0.004274586999999991,train/episode_28__dup2/images/ZED_LEFT/ZED_LEFT_20251120_181734_767884.jpg,train/episode_28__dup2/images/road_img/ZED_LEFT_20251120_181734_767884.jpg,0.8,0.796502,0.780525,0.817200,0.834135
20251120_181734_767884,32.1046875,0.0012999999999999989,0.17447500000000002,0.35250000000000004,7.4,32.006249999999994,32.0484375,32.4703125,32.371875,0.0032024212500000055,0.0019003380000000049,-0.011268299499999994,-0.008213682499999994,train/episode_28__dup2/images/ZED_LEFT/ZED_LEFT_20251120_181734_767884.jpg,train/episode_28__dup2/images/road_img/ZED_LEFT_20251120_181734_767884.jpg,0.8,0.796502,0.781813,0.809420,0.834302
20251120_181734_767884,32.4,0.0022999999999999974,0.16730000000000003,0.33000000000000007,7.4,32.45625,32.5125,32.90625,32.79375,-0.001736110999999988,-0.0034722219999999866,-0.015624999999999988,-0.012152777999999989,train/episode_28__dup2/images/ZED_LEFT/ZED_LEFT_20251120_181734_767884.jpg,train/episode_28__dup2/images/road_img/ZED_LEFT_20251120_181734_767884.jpg,0.8,0.796502,0.781873,0.803912,0.834334
20251120_181735_017884,32.7796875,0.0023749999999999995,0.1688,0.3499999999999999,7.4,32.8359375,32.878125000000004,33.285937499999996,33.2015625,-0.001716677,-0.0030187602500000013,-0.015450093250000001,-0.012845926749999997,train/episode_28__dup2/images/ZED_LEFT/ZED_LEFT_20251120_181735_017884.jpg,train/episode_28__dup2/images/road_img/ZED_LEFT_20251120_181735_017884.jpg,0.8,0.806090,0.782087,0.801826,0.831638
20251120_181735_017884,33.159375,0.00245,0.1703,0.36999999999999994,7.4,33.215624999999996,33.24375,33.665625,33.609375,-0.001697243,-0.002565298500000001,-0.015275186500000001,-0.013539075499999999,train/episode_28__dup2/images/ZED_LEFT/ZED_LEFT_20251120_181735_017884.jpg,train/episode_28__dup2/images/road_img/ZED_LEFT_20251120_181735_017884.jpg,0.8,0.806090,0.782477,0.800356,0.831739
20251120_181735_017884,33.5390625,0.002525,0.1718,0.38999999999999996,7.4,33.5953125,33.609375,34.045312499999994,34.0171875,-0.001677809,-0.0021118367500000002,-0.01510027975,-0.01423222425,train/episode_28__dup2/images/ZED_LEFT/ZED_LEFT_20251120_181735_017884.jpg,train/episode_28__dup2/images/road_img/ZED_LEFT_20251120_181735_017884.jpg,0.8,0.806090,0.783020,0.799338,0.831871
20251120_181735_267884,33.91875,0.0026,0.1733,0.41,7.4,33.975,33.975,34.425,34.425,-0.001658375,-0.001658375,-0.014925373,-0.014925373,train/episode_28__dup2/images/ZED_LEFT/ZED_LEFT_20251120_181735_267884.jpg,train/episode_28__dup2/images/road_img/ZED_LEFT_20251120_181735_267884.jpg,0.8,0.846141,0.783652,0.806284,0.820661
20251120_181735_267884,34.1859375,0.000724999999999998,0.15562499999999999,0.37999999999999995,7.4,34.073437500000004,34.0875,34.551562499999996,34.5375,0.003177440500000006,0.0027755112500000047,-0.010792100499999995,-0.010390171249999995,train/episode_28__dup2/images/ZED_LEFT/ZED_LEFT_20251120_181735_267884.jpg,train/episode_28__dup2/images/road_img/ZED_LEFT_20251120_181735_267884.jpg,0.8,0.846141,0.783042,0.811374,0.820614
20251120_181735_267884,34.453125,-0.0011499999999999956,0.13795000000000004,0.35000000000000003,7.4,34.171875,34.199999999999996,34.678124999999994,34.65,0.00801325599999999,0.007209397499999989,-0.006658828000000011,-0.00585496950000001,train/episode_28__dup2/images/ZED_LEFT/ZED_LEFT_20251120_181735_267884.jpg,train/episode_28__dup2/images/road_img/ZED_LEFT_20251120_181735_267884.jpg,0.8,0.846141,0.780760,0.814993,0.820280
20251120_181735_267884,34.7203125,-0.0030249999999999973,0.12027500000000002,0.32,7.4,34.270312499999996,34.3125,34.8046875,34.762499999999996,0.012849071499999995,0.011643283749999993,-0.0025255555000000054,-0.0013197677500000043,train/episode_28__dup2/images/ZED_LEFT/ZED_LEFT_20251120_181735_267884.jpg,train/episode_28__dup2/images/road_img/ZED_LEFT_20251120_181735_267884.jpg,0.8,0.846141,0.775955,0.817380,0.819624
20251120_181735_517884,34.9875,-0.0049,0.1026,0.29,7.4,34.36875,34.425,34.93125,34.875,0.017684887,0.01607717,0.001607717,0.003215434,train/episode_28__dup2/images/ZED_LEFT/ZED_LEFT_20251120_181735_517884.jpg,train/episode_28__dup2/images/road_img/ZED_LEFT_20251120_181735_517884.jpg,0.8,0.818354,0.766522,0.812599,0.824929
20251120_181735_517884,35.2828125,-0.006325,0.09787499999999999,0.3075,7.4,34.734375,34.790625,35.2546875,35.2125,0.01559648025,0.01400189,0.00081698525,0.0020227730000000003,train/episode_28__dup2/images/ZED_LEFT/ZED_LEFT_20251120_181735_517884.jpg,train/episode_28__dup2/images/road_img/ZED_LEFT_20251120_181735_517884.jpg,0.8,0.818354,0.756875,0.808483,0.823996
20251120_181735_517884,35.578125,-0.007749999999999994,0.09315000000000001,0.3249999999999999,7.4,35.099999999999994,35.15625,35.578125,35.55,0.013508073500000009,0.011926610000000008,2.6253500000003593e-05,0.0008301120000000052,train/episode_28__dup2/images/ZED_LEFT/ZED_LEFT_20251120_181735_517884.jpg,train/episode_28__dup2/images/road_img/ZED_LEFT_20251120_181735_517884.jpg,0.8,0.818354,0.748035,0.805054,0.822994
20251120_181735_517884,35.8734375,-0.009174999999999994,0.08842500000000002,0.3424999999999999,7.4,35.465624999999996,35.521875,35.9015625,35.8875,0.011419666750000008,0.009851330000000009,-0.0007644782499999965,-0.000362548999999995,train/episode_28__dup2/images/ZED_LEFT/ZED_LEFT_20251120_181735_517884.jpg,train/episode_28__dup2/images/road_img/ZED_LEFT_20251120_181735_517884.jpg,0.8,0.818354,0.741191,0.802417,0.822184
20251120_181735_517884,36.16875,-0.010599999999999995,0.08370000000000002,0.3599999999999999,7.4,35.83125,35.8875,36.225,36.225,0.00933126000000001,0.007776050000000008,-0.0015552099999999968,-0.0015552099999999948,train/episode_28__dup2/images/ZED_LEFT/ZED_LEFT_20251120_181735_517884.jpg,train/episode_28__dup2/images/road_img/ZED_LEFT_20251120_181735_517884.jpg,0.8,0.818354,0.738087,0.800708,0.822090
20251120_181735_767884,36.2109375,-0.004125000000000022,0.05767500000000009,0.35500000000000004,7.5,35.957812499999996,36.028125,36.3234375,36.309375,0.006998445000000008,0.005058043750000008,-0.003101391999999995,-0.002714394999999996,train/episode_28__dup2/images/ZED_LEFT/ZED_LEFT_20251120_181735_767884.jpg,train/episode_28__dup2/images/road_img/ZED_LEFT_20251120_181735_767884.jpg,0.8,0.755898,0.718177,0.784097,0.810884
20251120_181735_767884,36.253125,0.0023499999999999858,0.03165000000000006,0.35000000000000003,7.6,36.084374999999994,36.16875,36.421875,36.39375,0.004665630000000005,0.0023400375000000055,-0.004647573999999996,-0.0038735799999999976,train/episode_28__dup2/images/ZED_LEFT/ZED_LEFT_20251120_181735_767884.jpg,train/episode_28__dup2/images/road_img/ZED_LEFT_20251120_181735_767884.jpg,0.8,0.755898,0.666356,0.768701,0.809434
20251120_181735_767884,36.2953125,0.008824999999999963,0.005625000000000144,0.34500000000000003,7.699999999999999,36.2109375,36.309375,36.520312499999996,36.478125,0.0023328150000000132,-0.0003779687499999851,-0.006193755999999991,-0.005032764999999994,train/episode_28__dup2/images/ZED_LEFT/ZED_LEFT_20251120_181735_767884.jpg,train/episode_28__dup2/images/road_img/ZED_LEFT_20251120_181735_767884.jpg,0.8,0.755898,0.654567,0.757888,0.813572
20251120_181735_767884,36.3375,0.015299999999999972,-0.020399999999999877,0.34,7.799999999999999,36.3375,36.45,36.61875,36.5625,1.0408340855860843e-17,-0.0030959749999999887,-0.007739937999999993,-0.006191949999999995,train/episode_28__dup2/images/ZED_LEFT/ZED_LEFT_20251120_181735_767884.jpg,train/episode_28__dup2/images/road_img/ZED_LEFT_20251120_181735_767884.jpg,0.8,0.755898,0.677201,0.752052,0.815896
20251120_181736_017884,36.309375,0.007625000000000025,-0.026174999999999983,0.355,8.2,36.3375,36.4359375,36.6046875,36.534375000000004,-0.0007763974999999974,-0.0034865774999999987,-0.008134145999999998,-0.0061967574999999995,train/episode_28__dup2/images/ZED_LEFT/ZED_LEFT_20251120_181736_017884.jpg,train/episode_28__dup2/images/road_img/ZED_LEFT_20251120_181736_017884.jpg,0.8,0.774711,0.710103,0.754566,0.838761
20251120_181736_017884,36.28125,-4.999999999998235e-05,-0.031949999999999985,0.37,8.6,36.3375,36.421875,36.590625,36.50625,-0.0015527949999999983,-0.003877179999999999,-0.008528353999999998,-0.006201565,train/episode_28__dup2/images/ZED_LEFT/ZED_LEFT_20251120_181736_017884.jpg,train/episode_28__dup2/images/road_img/ZED_LEFT_20251120_181736_017884.jpg,0.8,0.774711,0.730802,0.757547,0.835735
20251120_181736_017884,36.253125000000004,-0.007724999999999956,-0.03772499999999997,0.38499999999999995,8.999999999999998,36.3375,36.4078125,36.5765625,36.478125000000006,-0.0023291924999999957,-0.0042677824999999975,-0.008922561999999998,-0.0062063725,train/episode_28__dup2/images/ZED_LEFT/ZED_LEFT_20251120_181736_017884.jpg,train/episode_28__dup2/images/road_img/ZED_LEFT_20251120_181736_017884.jpg,0.8,0.774711,0.766231,0.762024,0.832363
20251120_181736_017884,36.225,-0.015399999999999964,-0.04349999999999997,0.39999999999999997,9.399999999999999,36.3375,36.39375,36.5625,36.45,-0.0031055899999999966,-0.004658384999999998,-0.009316769999999999,-0.00621118,train/episode_28__dup2/images/ZED_LEFT/ZED_LEFT_20251120_181736_017884.jpg,train/episode_28__dup2/images/road_img/ZED_LEFT_20251120_181736_017884.jpg,0.8,0.774711,0.809029,0.768684,0.833842
20251120_181736_267884,36.1265625,-0.010375000000000023,-0.048424999999999975,0.5499999999999994,9.674999999999999,36.2390625,36.2953125,36.421875,36.365625,-0.00311412175,-0.00467118275,-0.008164971500000005,-0.006620708499999998,train/episode_28__dup2/images/ZED_LEFT/ZED_LEFT_20251120_181736_267884.jpg,train/episode_28__dup2/images/road_img/ZED_LEFT_20251120_181736_267884.jpg,0.8,0.784751,0.825602,0.776996,0.803949
20251120_181736_267884,36.028125,-0.005350000000000046,-0.05334999999999996,0.6999999999999986,9.949999999999998,36.140625,36.196875,36.28125,36.28125,-0.0031226535,-0.0046839805,-0.00701317300000001,-0.0070302369999999965,train/episode_28__dup2/images/ZED_LEFT/ZED_LEFT_20251120_181736_267884.jpg,train/episode_28__dup2/images/road_img/ZED_LEFT_20251120_181736_267884.jpg,0.8,0.784751,0.828329,0.783118,0.804521
20251120_181736_267884,35.9296875,-0.0003250000000000232,-0.05827499999999998,0.8499999999999994,10.225,36.042187500000004,36.0984375,36.140625,36.196875,-0.00313118525,-0.00469677825,-0.005861374500000005,-0.007439765499999998,train/episode_28__dup2/images/ZED_LEFT/ZED_LEFT_20251120_181736_267884.jpg,train/episode_28__dup2/images/road_img/ZED_LEFT_20251120_181736_267884.jpg,0.8,0.784751,0.821342,0.786894,0.806029
20251120_181736_267884,35.83125,0.004699999999999954,-0.06319999999999996,0.9999999999999987,10.499999999999998,35.94375,36.0,36.0,36.1125,-0.003139717,-0.004709576,-0.00470957600000001,-0.007849293999999996,train/episode_28__dup2/images/ZED_LEFT/ZED_LEFT_20251120_181736_267884.jpg,train/episode_28__dup2/images/road_img/ZED_LEFT_20251120_181736_267884.jpg,0.8,0.784751,0.808343,0.788482,0.808850
20251120_181736_517884,35.746874999999996,-0.00804999999999997,-0.06057500000000001,1.0,11.075,35.8171875,35.8875,35.901562500000004,35.9859375,-0.001958591250000003,-0.003928378500000002,-0.004324575000000001,-0.006679363500000002,train/episode_28__dup2/images/ZED_LEFT/ZED_LEFT_20251120_181736_517884.jpg,train/episode_28__dup2/images/road_img/ZED_LEFT_20251120_181736_517884.jpg,0.8,0.802934,0.801459,0.792666,0.805116
20251120_181736_517884,35.6625,-0.020799999999999944,-0.057950000000000015,1.0,11.649999999999999,35.690625000000004,35.775,35.803125,35.859375,-0.0007774655000000056,-0.0031471810000000032,-0.003939574000000001,-0.0055094330000000045,train/episode_28__dup2/images/ZED_LEFT/ZED_LEFT_20251120_181736_517884.jpg,train/episode_28__dup2/images/road_img/ZED_LEFT_20251120_181736_517884.jpg,0.8,0.802934,0.800963,0.795529,0.806055
20251120_181736_517884,35.578125,-0.03354999999999991,-0.05532500000000001,1.0,12.224999999999996,35.5640625,35.6625,35.704687500000006,35.7328125,0.00040366024999999176,-0.0023659835000000053,-0.0035545730000000027,-0.004339502500000007,train/episode_28__dup2/images/ZED_LEFT/ZED_LEFT_20251120_181736_517884.jpg,train/episode_28__dup2/images/road_img/ZED_LEFT_20251120_181736_517884.jpg,0.8,0.802934,0.802346,0.797682,0.805624
20251120_181736_767884,35.49375,-0.0463,-0.0527,1.0,12.8,35.4375,35.55,35.60625,35.60625,0.001584786,-0.001584786,-0.003169572,-0.003169572,train/episode_28__dup2/images/ZED_LEFT/ZED_LEFT_20251120_181736_767884.jpg,train/episode_28__dup2/images/road_img/ZED_LEFT_20251120_181736_767884.jpg,0.8,0.823068,0.800098,0.802559,0.840179
20251120_181736_767884,35.3671875,-0.041425000000000024,-0.04055000000000005,1.1749999999999992,13.2,35.296875,35.4234375,35.5078125,35.5078125,0.0019924479999999982,-0.00159051875,-0.0039848959999999965,-0.0039848959999999965,train/episode_28__dup2/images/ZED_LEFT/ZED_LEFT_20251120_181736_767884.jpg,train/episode_28__dup2/images/road_img/ZED_LEFT_20251120_181736_767884.jpg,0.8,0.823068,0.788235,0.804565,0.834266
20251120_181736_767884,35.240624999999994,-0.03655,-0.028399999999999998,1.35,13.600000000000001,35.15625,35.296875,35.409375,35.409375,0.00240011,-0.0015962515,-0.00480022,-0.00480022,train/episode_28__dup2/images/ZED_LEFT/ZED_LEFT_20251120_181736_767884.jpg,train/episode_28__dup2/images/road_img/ZED_LEFT_20251120_181736_767884.jpg,0.8,0.823068,0.767904,0.803760,0.833687
20251120_181736_767884,35.114062499999996,-0.03167500000000002,-0.016250000000000056,1.5249999999999992,13.999999999999998,35.015625,35.1703125,35.3109375,35.3109375,0.0028077719999999983,-0.00160198425,-0.005615543999999997,-0.005615543999999997,train/episode_28__dup2/images/ZED_LEFT/ZED_LEFT_20251120_181736_767884.jpg,train/episode_28__dup2/images/road_img/ZED_LEFT_20251120_181736_767884.jpg,0.8,0.823068,0.768187,0.803416,0.842672
20251120_181736_767884,34.9875,-0.026800000000000043,-0.0041000000000001105,1.6999999999999984,14.399999999999997,34.875,35.04375,35.2125,35.2125,0.0032154339999999966,-0.001607717,-0.006430867999999993,-0.006430867999999993,train/episode_28__dup2/images/ZED_LEFT/ZED_LEFT_20251120_181736_767884.jpg,train/episode_28__dup2/images/road_img/ZED_LEFT_20251120_181736_767884.jpg,0.8,0.823068,0.764386,0.802970,0.847921
20251120_181737_017884,34.9171875,-0.03604999999999998,-0.018899999999999965,1.7724999999999997,14.725,34.81875,35.015625,35.1,35.1140625,0.002816762000000001,-0.0028265332499999973,-0.005228337500000003,-0.005633523750000002,train/episode_28__dup2/images/ZED_LEFT/ZED_LEFT_20251120_181737_017884.jpg,train/episode_28__dup2/images/road_img/ZED_LEFT_20251120_181737_017884.jpg,0.8,0.791748,0.754841,0.795595,0.844180
20251120_181737_017884,34.846875,-0.04529999999999995,-0.03369999999999993,1.8449999999999998,15.049999999999999,34.7625,34.987500000000004,34.987500000000004,35.015625,0.002418090000000002,-0.004045349499999995,-0.004025807000000006,-0.0048361795000000036,train/episode_28__dup2/images/ZED_LEFT/ZED_LEFT_20251120_181737_017884.jpg,train/episode_28__dup2/images/road_img/ZED_LEFT_20251120_181737_017884.jpg,0.8,0.791748,0.774315,0.792477,0.844642
20251120_181737_017884,34.7765625,-0.05454999999999993,-0.0484999999999999,1.9174999999999995,15.374999999999998,34.70625,34.959375,34.875,34.917187500000004,0.002019418000000003,-0.005264165749999992,-0.0028232765000000084,-0.004038835250000005,train/episode_28__dup2/images/ZED_LEFT/ZED_LEFT_20251120_181737_017884.jpg,train/episode_28__dup2/images/road_img/ZED_LEFT_20251120_181737_017884.jpg,0.8,0.791748,0.802009,0.793464,0.844298
20251120_181737_267884,34.70625,-0.0638,-0.0633,1.99,15.7,34.65,34.93125,34.7625,34.81875,0.001620746,-0.006482982,-0.001620746,-0.003241491,train/episode_28__dup2/images/ZED_LEFT/ZED_LEFT_20251120_181737_267884.jpg,train/episode_28__dup2/images/road_img/ZED_LEFT_20251120_181737_267884.jpg,0.8,0.783333,0.818254,0.794527,0.804532
20251120_181737_267884,34.692187499999996,-0.05875000000000002,-0.061950000000000005,2.0175,16.549999999999997,34.565625,34.846875,34.621875,34.734375,0.003650624499999991,-0.0044563922500000085,0.0020311937499999837,-0.0012135857500000092,train/episode_28__dup2/images/ZED_LEFT/ZED_LEFT_20251120_181737_267884.jpg,train/episode_28__dup2/images/road_img/ZED_LEFT_20251120_181737_267884.jpg,0.8,0.783333,0.805850,0.793864,0.804172
20251120_181737_267884,34.678124999999994,-0.0537,-0.0606,2.045,17.4,34.48125,34.7625,34.48125,34.650000000000006,0.005680503000000001,-0.0024298024999999997,0.0056831335,0.0008143194999999997,train/episode_28__dup2/images/ZED_LEFT/ZED_LEFT_20251120_181737_267884.jpg,train/episode_28__dup2/images/road_img/ZED_LEFT_20251120_181737_267884.jpg,0.8,0.783333,0.803928,0.793217,0.807084
20251120_181737_267884,34.6640625,-0.04865000000000002,-0.059250000000000004,2.0725,18.249999999999996,34.396875,34.678125,34.340625,34.565625000000004,0.0077103814999999925,-0.0004032127500000083,0.009335073249999984,0.002842224749999991,train/episode_28__dup2/images/ZED_LEFT/ZED_LEFT_20251120_181737_267884.jpg,train/episode_28__dup2/images/road_img/ZED_LEFT_20251120_181737_267884.jpg,0.8,0.783333,0.804948,0.792930,0.808523
20251120_181737_267884,34.65,-0.04360000000000004,-0.057900000000000014,2.0999999999999996,19.099999999999994,34.3125,34.59375,34.2,34.48125,0.009740259999999983,0.0016233769999999832,0.012987012999999967,0.004870129999999982,train/episode_28__dup2/images/ZED_LEFT/ZED_LEFT_20251120_181737_267884.jpg,train/episode_28__dup2/images/road_img/ZED_LEFT_20251120_181737_267884.jpg,0.8,0.783333,0.804406,0.792701,0.809563
20251120_181737_517884,34.565625,-0.047024999999999983,-0.05305000000000002,2.299999999999999,20.324999999999996,34.228125,34.5375,34.2,34.48125,0.0097642115,0.0008076967500000037,0.010559932000000011,0.0024230892500000114,train/episode_28__dup2/images/ZED_LEFT/ZED_LEFT_20251120_181737_517884.jpg,train/episode_28__dup2/images/road_img/ZED_LEFT_20251120_181737_517884.jpg,0.8,0.820060,0.802685,0.798684,0.835624
20251120_181737_517884,34.48125,-0.05044999999999997,-0.04820000000000004,2.4999999999999982,21.54999999999999,34.143750000000004,34.48125,34.2,34.48125,0.009788162999999999,-7.983499999992616e-06,0.00813285100000002,-2.395149999997754e-05,train/episode_28__dup2/images/ZED_LEFT/ZED_LEFT_20251120_181737_517884.jpg,train/episode_28__dup2/images/road_img/ZED_LEFT_20251120_181737_517884.jpg,0.8,0.820060,0.798955,0.802365,0.835324
20251120_181737_517884,34.396875,-0.05387499999999998,-0.04335000000000002,2.6999999999999993,22.774999999999995,34.059375,34.425,34.2,34.48125,0.0098121145,-0.0008236637499999962,0.005705770000000011,-0.0024709922499999877,train/episode_28__dup2/images/ZED_LEFT/ZED_LEFT_20251120_181737_517884.jpg,train/episode_28__dup2/images/road_img/ZED_LEFT_20251120_181737_517884.jpg,0.8,0.820060,0.790987,0.803916,0.834153
20251120_181737_517884,34.3125,-0.05729999999999996,-0.03850000000000004,2.899999999999998,23.99999999999999,33.975,34.36875,34.2,34.48125,0.009836066,-0.0016393439999999927,0.003278689000000022,-0.004918032999999976,train/episode_28__dup2/images/ZED_LEFT/ZED_LEFT_20251120_181737_517884.jpg,train/episode_28__dup2/images/road_img/ZED_LEFT_20251120_181737_517884.jpg,0.8,0.820060,0.774760,0.803044,0.831139
20251120_181737_767884,34.2421875,-0.06809999999999988,-0.038375,3.1249999999999973,25.299999999999986,33.8765625,34.2984375,34.1015625,34.396875,0.01068283449999999,-0.00164273125,0.004111909249999991,-0.004514971000000004,train/episode_28__dup2/images/ZED_LEFT/ZED_LEFT_20251120_181737_767884.jpg,train/episode_28__dup2/images/road_img/ZED_LEFT_20251120_181737_767884.jpg,0.8,0.807916,0.755862,0.798146,0.808500
20251120_181737_767884,34.171875,-0.07889999999999996,-0.03825,3.3499999999999988,26.599999999999994,33.778125,34.228125,34.003125000000004,34.3125,0.011529602999999996,-0.0016461185,0.004945129499999996,-0.004111909000000001,train/episode_28__dup2/images/ZED_LEFT/ZED_LEFT_20251120_181737_767884.jpg,train/episode_28__dup2/images/road_img/ZED_LEFT_20251120_181737_767884.jpg,0.8,0.807916,0.737700,0.792979,0.801866
20251120_181737_767884,34.1015625,-0.08969999999999993,-0.038125,3.5749999999999984,27.89999999999999,33.6796875,34.1578125,33.9046875,34.228125,0.012376371499999993,-0.00164950575,0.005778349749999995,-0.0037088470000000025,train/episode_28__dup2/images/ZED_LEFT/ZED_LEFT_20251120_181737_767884.jpg,train/episode_28__dup2/images/road_img/ZED_LEFT_20251120_181737_767884.jpg,0.8,0.807916,0.725525,0.788647,0.795900
20251120_181738_017884,34.03125,-0.1005,-0.038,3.8,29.2,33.58125,34.0875,33.80625,34.14375,0.01322314,-0.001652893,0.00661157,-0.003305785,train/episode_28__dup2/images/ZED_LEFT/ZED_LEFT_20251120_181738_017884.jpg,train/episode_28__dup2/images/road_img/ZED_LEFT_20251120_181738_017884.jpg,0.8,0.900383,0.728503,0.812541,0.787975
20251120_181738_017884,33.932812500000004,-0.10137499999999999,-0.04157499999999999,3.999999999999999,30.524999999999995,33.46875,34.003125,33.6515625,34.0453125,0.013679896749999998,-0.0020757902499999982,0.008303158999999992,-0.00331545925,train/episode_28__dup2/images/ZED_LEFT/ZED_LEFT_20251120_181738_017884.jpg,train/episode_28__dup2/images/road_img/ZED_LEFT_20251120_181738_017884.jpg,0.8,0.900383,0.741600,0.830230,0.790198
20251120_181738_017884,33.834375,-0.10225,-0.04514999999999997,4.1999999999999975,31.849999999999987,33.35625,33.91875,33.496875,33.946875,0.014136653499999995,-0.0024986874999999966,0.009994747999999984,-0.0033251335,train/episode_28__dup2/images/ZED_LEFT/ZED_LEFT_20251120_181738_017884.jpg,train/episode_28__dup2/images/road_img/ZED_LEFT_20251120_181738_017884.jpg,0.8,0.900383,0.758027,0.843478,0.794310
20251120_181738_017884,33.735937500000006,-0.103125,-0.048724999999999984,4.399999999999999,33.175,33.24375,33.834375,33.3421875,33.8484375,0.014593410249999998,-0.0029215847499999984,0.011686336999999993,-0.00333480775,train/episode_28__dup2/images/ZED_LEFT/ZED_LEFT_20251120_181738_017884.jpg,train/episode_28__dup2/images/road_img/ZED_LEFT_20251120_181738_017884.jpg,0.8,0.900383,0.773950,0.853532,0.798961
20251120_181738_017884,33.6375,-0.10399999999999998,-0.05229999999999997,4.599999999999998,34.499999999999986,33.13125,33.75,33.1875,33.75,0.015050166999999996,-0.0033444819999999967,0.013377925999999984,-0.003344482,train/episode_28__dup2/images/ZED_LEFT/ZED_LEFT_20251120_181738_017884.jpg,train/episode_28__dup2/images/road_img/ZED_LEFT_20251120_181738_017884.jpg,0.8,0.900383,0.786935,0.861271,0.802770
20251120_181738_267884,33.510937500000004,-0.11439999999999997,-0.053175,4.917499999999999,36.05,32.8640625,33.510937500000004,32.9765625,33.525,0.01935214149999999,3.8327749999992125e-05,0.015975719499999996,-0.00038612050000000646,train/episode_28__dup2/images/ZED_LEFT/ZED_LEFT_20251120_181738_267884.jpg,train/episode_28__dup2/images/road_img/ZED_LEFT_20251120_181738_267884.jpg,0.8,0.813554,0.794392,0.845588,0.788162
20251120_181738_267884,33.384375000000006,-0.12479999999999995,-0.054049999999999994,5.2349999999999985,37.599999999999994,32.596875000000004,33.271875,32.765625,33.300000000000004,0.023654115999999982,0.0034211374999999844,0.01857351299999999,0.0025722409999999873,train/episode_28__dup2/images/ZED_LEFT/ZED_LEFT_20251120_181738_267884.jpg,train/episode_28__dup2/images/road_img/ZED_LEFT_20251120_181738_267884.jpg,0.8,0.813554,0.798765,0.834801,0.789134
20251120_181738_267884,33.2578125,-0.13519999999999993,-0.054924999999999995,5.552499999999998,39.14999999999999,32.329687500000006,33.032812500000006,32.5546875,33.075,0.027956090499999975,0.006803947249999976,0.021171306499999983,0.005530602499999981,train/episode_28__dup2/images/ZED_LEFT/ZED_LEFT_20251120_181738_267884.jpg,train/episode_28__dup2/images/road_img/ZED_LEFT_20251120_181738_267884.jpg,0.8,0.813554,0.801473,0.827370,0.789487
20251120_181738_517884,33.13125,-0.1456,-0.0558,5.87,40.7,32.0625,32.79375,32.34375,32.85,0.032258065,0.010186757,0.0237691,0.008488964,train/episode_28__dup2/images/ZED_LEFT/ZED_LEFT_20251120_181738_517884.jpg,train/episode_28__dup2/images/road_img/ZED_LEFT_20251120_181738_517884.jpg,0.8,0.820966,0.803279,0.823795,0.824332
20251120_181738_517884,32.9625,-0.13997500000000004,-0.05857499999999999,5.9799999999999995,42.425,31.907812500000002,32.6953125,32.146875,32.653125,0.031992509,0.008073343250000009,0.024759233999999998,0.009399651999999996,train/episode_28__dup2/images/ZED_LEFT/ZED_LEFT_20251120_181738_517884.jpg,train/episode_28__dup2/images/road_img/ZED_LEFT_20251120_181738_517884.jpg,0.8,0.820966,0.804509,0.821313,0.824458
20251120_181738_517884,32.79375,-0.13435000000000005,-0.061349999999999974,6.089999999999999,44.149999999999984,31.753125,32.596875000000004,31.950000000000003,32.456250000000004,0.031726953,0.005959929500000019,0.02574936799999999,0.010310339999999992,train/episode_28__dup2/images/ZED_LEFT/ZED_LEFT_20251120_181738_517884.jpg,train/episode_28__dup2/images/road_img/ZED_LEFT_20251120_181738_517884.jpg,0.8,0.820966,0.805311,0.819573,0.824680
20251120_181738_517884,32.625,-0.12872500000000003,-0.06412499999999999,6.199999999999999,45.87499999999999,31.598437500000003,32.4984375,31.753125,32.259375,0.031461397,0.003846515750000009,0.026739501999999995,0.011221027999999997,train/episode_28__dup2/images/ZED_LEFT/ZED_LEFT_20251120_181738_517884.jpg,train/episode_28__dup2/images/road_img/ZED_LEFT_20251120_181738_517884.jpg,0.8,0.820966,0.805704,0.818323,0.824888
20251120_181738_517884,32.45625,-0.12310000000000004,-0.06689999999999997,6.309999999999999,47.59999999999999,31.44375,32.4,31.55625,32.0625,0.031195841000000002,0.0017331020000000193,0.027729635999999988,0.012131715999999994,train/episode_28__dup2/images/ZED_LEFT/ZED_LEFT_20251120_181738_517884.jpg,train/episode_28__dup2/images/road_img/ZED_LEFT_20251120_181738_517884.jpg,0.8,0.820966,0.805659,0.817377,0.825055
20251120_181738_767884,32.3296875,-0.12887499999999996,-0.07004999999999999,6.647499999999998,48.675,31.2890625,32.23125,31.4015625,32.00625,0.03219969774999999,0.0030603899999999944,0.028719762249999996,0.00997906875000001,train/episode_28__dup2/images/ZED_LEFT/ZED_LEFT_20251120_181738_767884.jpg,train/episode_28__dup2/images/road_img/ZED_LEFT_20251120_181738_767884.jpg,0.8,0.826053,0.805881,0.817628,0.827785
20251120_181738_767884,32.203125,-0.13464999999999994,-0.07319999999999997,6.984999999999997,49.74999999999999,31.134375000000002,32.0625,31.246875,31.95,0.03320355449999999,0.004387677999999989,0.02970988849999999,0.00782642150000002,train/episode_28__dup2/images/ZED_LEFT/ZED_LEFT_20251120_181738_767884.jpg,train/episode_28__dup2/images/road_img/ZED_LEFT_20251120_181738_767884.jpg,0.8,0.826053,0.806318,0.817799,0.827833
20251120_181738_767884,32.0765625,-0.1404249999999999,-0.07634999999999996,7.322499999999995,50.82499999999999,30.9796875,31.893750000000004,31.0921875,31.89375,0.034207411249999986,0.005714965999999983,0.030700014749999983,0.00567377425000003,train/episode_28__dup2/images/ZED_LEFT/ZED_LEFT_20251120_181738_767884.jpg,train/episode_28__dup2/images/road_img/ZED_LEFT_20251120_181738_767884.jpg,0.8,0.826053,0.806916,0.817940,0.827854
20251120_181738_767884,31.950000000000003,-0.14619999999999989,-0.07949999999999995,7.659999999999994,51.89999999999998,30.825000000000003,31.725000000000005,30.937500000000004,31.8375,0.035211267999999976,0.007042253999999977,0.03169014099999998,0.003521127000000039,train/episode_28__dup2/images/ZED_LEFT/ZED_LEFT_20251120_181738_767884.jpg,train/episode_28__dup2/images/road_img/ZED_LEFT_20251120_181738_767884.jpg,0.8,0.826053,0.807696,0.818089,0.827875
20251120_181739_017884,31.7953125,-0.15114999999999998,-0.080375,7.929999999999999,53.27499999999999,30.628125,31.5703125,30.740625,31.5984375,0.03673161074999999,0.00707702275,0.03319309949999999,0.006231509499999988,train/episode_28__dup2/images/ZED_LEFT/ZED_LEFT_20251120_181739_017884.jpg,train/episode_28__dup2/images/road_img/ZED_LEFT_20251120_181739_017884.jpg,0.8,0.800090,0.808212,0.813733,0.822064
20251120_181739_017884,31.640625,-0.15609999999999996,-0.08124999999999999,8.199999999999998,54.649999999999984,30.431250000000002,31.415625000000002,30.543750000000003,31.359375000000004,0.038251953499999984,0.0071117915,0.03469605799999999,0.008941891999999976,train/episode_28__dup2/images/ZED_LEFT/ZED_LEFT_20251120_181739_017884.jpg,train/episode_28__dup2/images/road_img/ZED_LEFT_20251120_181739_017884.jpg,0.8,0.800090,0.808561,0.810760,0.822049
20251120_181739_017884,31.485937500000002,-0.16104999999999994,-0.08212499999999999,8.469999999999997,56.02499999999998,30.234375000000004,31.2609375,30.346875,31.120312500000004,0.03977229624999998,0.00714656025,0.03619901649999998,0.011652274499999964,train/episode_28__dup2/images/ZED_LEFT/ZED_LEFT_20251120_181739_017884.jpg,train/episode_28__dup2/images/road_img/ZED_LEFT_20251120_181739_017884.jpg,0.8,0.800090,0.808803,0.808739,0.822027
20251120_181739_017884,31.331250000000004,-0.16599999999999993,-0.08299999999999999,8.739999999999995,57.39999999999998,30.037500000000005,31.106250000000003,30.150000000000002,30.881250000000005,0.04129263899999997,0.007181328999999999,0.03770197499999997,0.014362656999999952,train/episode_28__dup2/images/ZED_LEFT/ZED_LEFT_20251120_181739_017884.jpg,train/episode_28__dup2/images/road_img/ZED_LEFT_20251120_181739_017884.jpg,0.8,0.800090,0.808976,0.807373,0.822002
20251120_181739_267884,31.134375000000002,-0.16020000000000012,-0.08217500000000001,8.812499999999998,59.14999999999997,29.826562500000005,30.909375000000004,29.925000000000004,30.740625000000005,0.042019202999999984,0.007227617499999999,0.03886579974999998,0.01261361350000003,train/episode_28__dup2/images/ZED_LEFT/ZED_LEFT_20251120_181739_267884.jpg,train/episode_28__dup2/images/road_img/ZED_LEFT_20251120_181739_267884.jpg,0.8,0.849241,0.808931,0.814484,0.825541
20251120_181739_267884,30.9375,-0.1544,-0.08135,8.885,60.900000000000006,29.615625,30.7125,29.7,30.6,0.042745767000000004,0.007273906,0.0400296245,0.010864569999999999,train/episode_28__dup2/images/ZED_LEFT/ZED_LEFT_20251120_181739_267884.jpg,train/episode_28__dup2/images/road_img/ZED_LEFT_20251120_181739_267884.jpg,0.8,0.849241,0.808653,0.819538,0.825511
20251120_181739_267884,30.740625,-0.1486,-0.080525,8.9575,62.650000000000006,29.4046875,30.515625,29.475,30.459375,0.043472331,0.0073201945,0.04119344925,0.009115526499999999,train/episode_28__dup2/images/ZED_LEFT/ZED_LEFT_20251120_181739_267884.jpg,train/episode_28__dup2/images/road_img/ZED_LEFT_20251120_181739_267884.jpg,0.8,0.849241,0.808108,0.823113,0.825464
20251120_181739_517884,30.54375,-0.1428,-0.0797,9.03,64.4,29.19375,30.31875,29.25,30.31875,0.044198895,0.007366483,0.042357274,0.007366483,train/episode_28__dup2/images/ZED_LEFT/ZED_LEFT_20251120_181739_517884.jpg,train/episode_28__dup2/images/road_img/ZED_LEFT_20251120_181739_517884.jpg,0.8,0.792265,0.807268,0.815840,0.821074
20251120_181739_517884,30.3609375,-0.13965000000000002,-0.07959999999999999,9.364999999999998,66.57499999999999,28.9828125,30.1359375,29.025000000000002,30.121875000000003,0.04541332224999999,0.00741165475,0.044032106499999994,0.007883352749999998,train/episode_28__dup2/images/ZED_LEFT/ZED_LEFT_20251120_181739_517884.jpg,train/episode_28__dup2/images/road_img/ZED_LEFT_20251120_181739_517884.jpg,0.8,0.792265,0.806519,0.810681,0.820946
20251120_181739_517884,30.178125,-0.13650000000000004,-0.0795,9.699999999999996,68.74999999999999,28.771875000000005,29.953125,28.800000000000004,29.925000000000004,0.04662774949999999,0.0074568264999999995,0.04570693899999998,0.008400222499999995,train/episode_28__dup2/images/ZED_LEFT/ZED_LEFT_20251120_181739_517884.jpg,train/episode_28__dup2/images/road_img/ZED_LEFT_20251120_181739_517884.jpg,0.8,0.792265,0.805845,0.807009,0.820821
20251120_181739_517884,29.9953125,-0.13335,-0.0794,10.035,70.92500000000001,28.5609375,29.7703125,28.575,29.728125,0.04784217675000001,0.00750199825,0.0473817715,0.008917092250000003,train/episode_28__dup2/images/ZED_LEFT/ZED_LEFT_20251120_181739_517884.jpg,train/episode_28__dup2/images/road_img/ZED_LEFT_20251120_181739_517884.jpg,0.8,0.792265,0.805236,0.804381,0.820701
20251120_181739_767884,29.8125,-0.1302,-0.0793,10.37,73.1,28.35,29.5875,28.35,29.53125,0.049056604,0.00754717,0.049056604,0.009433962,train/episode_28__dup2/images/ZED_LEFT/ZED_LEFT_20251120_181739_767884.jpg,train/episode_28__dup2/images/road_img/ZED_LEFT_20251120_181739_767884.jpg,0.8,0.816435,0.804729,0.806353,0.825553
20251120_181739_767884,29.615625,-0.15079999999999993,-0.07780000000000001,10.654999999999998,73.625,28.181250000000002,29.41875,28.1953125,29.376562500000002,0.04842036,0.0066293697500000035,0.04793586375,0.008044463750000007,train/episode_28__dup2/images/ZED_LEFT/ZED_LEFT_20251120_181739_767884.jpg,train/episode_28__dup2/images/road_img/ZED_LEFT_20251120_181739_767884.jpg,0.8,0.816435,0.804719,0.807710,0.825537
20251120_181739_767884,29.418750000000003,-0.17139999999999983,-0.0763,10.939999999999998,74.14999999999999,28.012500000000003,29.25,28.040625000000002,29.221875,0.047784116,0.005711569500000008,0.04681512350000001,0.006654965500000012,train/episode_28__dup2/images/ZED_LEFT/ZED_LEFT_20251120_181739_767884.jpg,train/episode_28__dup2/images/road_img/ZED_LEFT_20251120_181739_767884.jpg,0.8,0.816435,0.805166,0.808704,0.825572
20251120_181739_767884,29.221875,-0.19199999999999973,-0.07480000000000002,11.224999999999996,74.675,27.843750000000004,29.081250000000004,27.8859375,29.067187500000003,0.04714787200000001,0.004793769250000012,0.04569438325000002,0.005265467250000018,train/episode_28__dup2/images/ZED_LEFT/ZED_LEFT_20251120_181739_767884.jpg,train/episode_28__dup2/images/road_img/ZED_LEFT_20251120_181739_767884.jpg,0.8,0.816435,0.805985,0.809500,0.825642
20251120_181740_017884,29.025,-0.2126,-0.0733,11.51,75.2,27.675,28.9125,27.73125,28.9125,0.046511628,0.003875969,0.044573643,0.003875969,train/episode_28__dup2/images/ZED_LEFT/ZED_LEFT_20251120_181740_017884.jpg,train/episode_28__dup2/images/road_img/ZED_LEFT_20251120_181740_017884.jpg,0.8,0.891239,0.807079,0.822740,0.817542
20251120_181740_017884,28.85625,-0.20192500000000005,-0.07325000000000001,11.719999999999999,75.55,27.5203125,28.771875,27.5765625,28.771875,0.04629245125,0.0029069767500000043,0.04434293075,0.0029069767500000043,train/episode_28__dup2/images/ZED_LEFT/ZED_LEFT_20251120_181740_017884.jpg,train/episode_28__dup2/images/road_img/ZED_LEFT_20251120_181740_017884.jpg,0.8,0.891239,0.807697,0.832963,0.817598
20251120_181740_017884,28.6875,-0.1912500000000001,-0.0732,11.929999999999998,75.89999999999999,27.365625,28.63125,27.421875,28.63125,0.046073274500000004,0.0019379845000000086,0.0441122185,0.0019379845000000086,train/episode_28__dup2/images/ZED_LEFT/ZED_LEFT_20251120_181740_017884.jpg,train/episode_28__dup2/images/road_img/ZED_LEFT_20251120_181740_017884.jpg,0.8,0.891239,0.808048,0.840939,0.817642
20251120_181740_017884,28.518750000000004,-0.18057500000000015,-0.07315,12.139999999999997,76.24999999999999,27.2109375,28.490625000000005,27.267187500000002,28.490625000000005,0.04585409775,0.000968992250000013,0.04388150625,0.000968992250000013,train/episode_28__dup2/images/ZED_LEFT/ZED_LEFT_20251120_181740_017884.jpg,train/episode_28__dup2/images/road_img/ZED_LEFT_20251120_181740_017884.jpg,0.8,0.891239,0.808177,0.847233,0.817683
20251120_181740_017884,28.350000000000005,-0.1699000000000002,-0.0731,12.349999999999996,76.6,27.056250000000002,28.350000000000005,27.112500000000004,28.350000000000005,0.04563492100000001,1.734723475976807e-17,0.04365079400000001,1.734723475976807e-17,train/episode_28__dup2/images/ZED_LEFT/ZED_LEFT_20251120_181740_017884.jpg,train/episode_28__dup2/images/road_img/ZED_LEFT_20251120_181740_017884.jpg,0.8,0.891239,0.808025,0.852253,0.817705
20251120_181740_267884,28.1953125,-0.18217499999999995,-0.07849999999999997,12.3325,77.02499999999999,26.915625,28.223437500000003,27.0,28.209375,0.04538237725,-0.0010141987499999955,0.042372984,-0.0005070994999999977,train/episode_28__dup2/images/ZED_LEFT/ZED_LEFT_20251120_181740_267884.jpg,train/episode_28__dup2/images/road_img/ZED_LEFT_20251120_181740_267884.jpg,0.8,0.851998,0.807872,0.847828,0.819845
20251120_181740_267884,28.040625000000002,-0.1944499999999999,-0.08389999999999995,12.315,77.44999999999999,26.775,28.096875,26.887500000000003,28.06875,0.0451298335,-0.002028397499999991,0.04109517400000001,-0.0010141989999999954,train/episode_28__dup2/images/ZED_LEFT/ZED_LEFT_20251120_181740_267884.jpg,train/episode_28__dup2/images/road_img/ZED_LEFT_20251120_181740_267884.jpg,0.8,0.851998,0.807778,0.844713,0.819818
20251120_181740_267884,27.8859375,-0.20672499999999983,-0.08929999999999993,12.2975,77.87499999999999,26.634375000000002,27.970312500000002,26.775000000000002,27.928125000000005,0.04487728975,-0.0030425962499999863,0.039817364000000015,-0.001521298499999993,train/episode_28__dup2/images/ZED_LEFT/ZED_LEFT_20251120_181740_267884.jpg,train/episode_28__dup2/images/road_img/ZED_LEFT_20251120_181740_267884.jpg,0.8,0.851998,0.807751,0.842522,0.819787
20251120_181740_267884,27.731250000000003,-0.21899999999999978,-0.09469999999999991,12.28,78.29999999999998,26.493750000000002,27.843750000000004,26.662500000000005,27.787500000000005,0.04462474600000001,-0.004056794999999982,0.03853955400000002,-0.0020283979999999907,train/episode_28__dup2/images/ZED_LEFT/ZED_LEFT_20251120_181740_267884.jpg,train/episode_28__dup2/images/road_img/ZED_LEFT_20251120_181740_267884.jpg,0.8,0.851998,0.807753,0.840983,0.819742
20251120_181740_517884,27.6046875,-0.21460000000000007,-0.07757500000000031,12.302499999999998,79.92499999999997,26.353125000000002,27.7171875,26.521875000000005,27.660937500000003,0.045348724749999986,-0.004075654,0.03923524399999998,-0.0020378274999999996,train/episode_28__dup2/images/ZED_LEFT/ZED_LEFT_20251120_181740_517884.jpg,train/episode_28__dup2/images/road_img/ZED_LEFT_20251120_181740_517884.jpg,0.8,0.818148,0.807613,0.833023,0.825452
20251120_181740_517884,27.478125000000002,-0.21020000000000008,-0.06045000000000031,12.325,81.54999999999997,26.212500000000002,27.590625000000003,26.381250000000005,27.534375000000004,0.046072703499999985,-0.004094513,0.03993093399999999,-0.002047257,train/episode_28__dup2/images/ZED_LEFT/ZED_LEFT_20251120_181740_517884.jpg,train/episode_28__dup2/images/road_img/ZED_LEFT_20251120_181740_517884.jpg,0.8,0.818148,0.807303,0.827360,0.825405
20251120_181740_517884,27.3515625,-0.20579999999999998,-0.043325,12.3475,83.175,26.071875,27.464062499999997,26.240625,27.4078125,0.04679668225,-0.0041133720000000006,0.040626624,-0.0020566865,train/episode_28__dup2/images/ZED_LEFT/ZED_LEFT_20251120_181740_517884.jpg,train/episode_28__dup2/images/road_img/ZED_LEFT_20251120_181740_517884.jpg,0.8,0.818148,0.806705,0.823273,0.825344
20251120_181740_767884,27.225,-0.2014,-0.0262,12.37,84.8,25.93125,27.3375,26.1,27.28125,0.047520661,-0.004132231,0.041322314,-0.002066116,train/episode_28__dup2/images/ZED_LEFT/ZED_LEFT_20251120_181740_767884.jpg,train/episode_28__dup2/images/road_img/ZED_LEFT_20251120_181740_767884.jpg,0.8,0.790650,0.805488,0.815258,0.808075
20251120_181740_767884,27.084375,-0.18992500000000004,-0.029724999999999984,12.532499999999999,87.02499999999999,25.790625,27.2109375,25.931250000000002,27.16875,0.0477712975,-0.0046814517499999975,0.04259511099999999,-0.0031318654999999956,train/episode_28__dup2/images/ZED_LEFT/ZED_LEFT_20251120_181740_767884.jpg,train/episode_28__dup2/images/road_img/ZED_LEFT_20251120_181740_767884.jpg,0.8,0.790650,0.804006,0.809519,0.807971
20251120_181740_767884,26.94375,-0.1784500000000001,-0.03324999999999997,12.694999999999999,89.24999999999999,25.65,27.084375,25.762500000000003,27.056250000000002,0.048021933999999995,-0.005230672499999995,0.04386790799999999,-0.004197614999999991,train/episode_28__dup2/images/ZED_LEFT/ZED_LEFT_20251120_181740_767884.jpg,train/episode_28__dup2/images/road_img/ZED_LEFT_20251120_181740_767884.jpg,0.8,0.790650,0.802537,0.805363,0.807805
20251120_181740_767884,26.803125000000005,-0.16697500000000015,-0.036774999999999954,12.857499999999998,91.47499999999997,25.509375000000002,26.957812500000003,25.593750000000004,26.94375,0.048272570499999994,-0.005779893249999992,0.04514070499999998,-0.005263364499999986,train/episode_28__dup2/images/ZED_LEFT/ZED_LEFT_20251120_181740_767884.jpg,train/episode_28__dup2/images/road_img/ZED_LEFT_20251120_181740_767884.jpg,0.8,0.790650,0.801291,0.802333,0.807587
20251120_181741_017884,26.6625,-0.1555,-0.0403,13.02,93.7,25.36875,26.83125,25.425,26.83125,0.048523207,-0.006329114,0.046413502,-0.006329114,train/episode_28__dup2/images/ZED_LEFT/ZED_LEFT_20251120_181741_017884.jpg,train/episode_28__dup2/images/road_img/ZED_LEFT_20251120_181741_017884.jpg,0.8,0.821321,0.800289,0.805269,0.813353
20251120_181741_017884,26.535937500000003,-0.17262499999999992,-0.0403,13.409999999999998,93.725,25.2984375,26.746875,25.340625,26.7609375,0.046607459000000004,-0.007972641999999993,0.045025180250000005,-0.00851027624999999,train/episode_28__dup2/images/ZED_LEFT/ZED_LEFT_20251120_181741_017884.jpg,train/episode_28__dup2/images/road_img/ZED_LEFT_20251120_181741_017884.jpg,0.8,0.821321,0.800058,0.807272,0.813277
20251120_181741_017884,26.409375,-0.18974999999999986,-0.0403,13.799999999999997,93.75,25.228125,26.6625,25.25625,26.690625,0.044691711000000016,-0.009616169999999986,0.043636858500000014,-0.01069143849999998,train/episode_28__dup2/images/ZED_LEFT/ZED_LEFT_20251120_181741_017884.jpg,train/episode_28__dup2/images/road_img/ZED_LEFT_20251120_181741_017884.jpg,0.8,0.821321,0.800588,0.808722,0.813352
20251120_181741_017884,26.282812500000002,-0.20687499999999978,-0.0403,14.189999999999994,93.77499999999999,25.1578125,26.578125,25.171875,26.6203125,0.04277596300000003,-0.011259697999999978,0.04224853675000002,-0.01287260074999997,train/episode_28__dup2/images/ZED_LEFT/ZED_LEFT_20251120_181741_017884.jpg,train/episode_28__dup2/images/road_img/ZED_LEFT_20251120_181741_017884.jpg,0.8,0.821321,0.801855,0.809884,0.813562
20251120_181741_017884,26.156250000000004,-0.2239999999999997,-0.0403,14.579999999999993,93.8,25.0875,26.49375,25.0875,26.55,0.04086021500000003,-0.012903225999999973,0.04086021500000002,-0.015053762999999961,train/episode_28__dup2/images/ZED_LEFT/ZED_LEFT_20251120_181741_017884.jpg,train/episode_28__dup2/images/road_img/ZED_LEFT_20251120_181741_017884.jpg,0.8,0.821321,0.803842,0.810939,0.813873
20251120_181741_267884,26.071875000000002,-0.21850000000000003,-0.037025000000000016,14.6525,93.775,25.03125,26.465625,25.0875,26.521875,0.0399044205,-0.01512404249999999,0.03772577125000001,-0.01728160774999999,train/episode_28__dup2/images/ZED_LEFT/ZED_LEFT_20251120_181741_267884.jpg,train/episode_28__dup2/images/road_img/ZED_LEFT_20251120_181741_267884.jpg,0.8,0.836935,0.805107,0.814455,0.813029
20251120_181741_267884,25.9875,-0.21300000000000005,-0.03375000000000003,14.725,93.75,24.975,26.4375,25.0875,26.493750000000002,0.03894862600000001,-0.01734485899999998,0.034591327500000026,-0.01950945249999998,train/episode_28__dup2/images/ZED_LEFT/ZED_LEFT_20251120_181741_267884.jpg,train/episode_28__dup2/images/road_img/ZED_LEFT_20251120_181741_267884.jpg,0.8,0.836935,0.805812,0.817043,0.813181
20251120_181741_267884,25.903125000000003,-0.20750000000000007,-0.030475000000000044,14.797499999999998,93.72500000000001,24.91875,26.409375,25.0875,26.465625,0.03799283150000001,-0.01956567549999997,0.03145688375000004,-0.021737297249999968,train/episode_28__dup2/images/ZED_LEFT/ZED_LEFT_20251120_181741_267884.jpg,train/episode_28__dup2/images/road_img/ZED_LEFT_20251120_181741_267884.jpg,0.8,0.836935,0.805998,0.818908,0.813241
20251120_181741_267884,25.81875,-0.20200000000000012,-0.027200000000000057,14.869999999999997,93.7,24.8625,26.38125,25.0875,26.4375,0.037037037000000016,-0.021786491999999963,0.028322440000000056,-0.02396514199999996,train/episode_28__dup2/images/ZED_LEFT/ZED_LEFT_20251120_181741_267884.jpg,train/episode_28__dup2/images/road_img/ZED_LEFT_20251120_181741_267884.jpg,0.8,0.836935,0.805689,0.820201,0.813226
20251120_181741_517884,25.7765625,-0.20005000000000006,-0.01987500000000016,14.8,93.725,24.8625,26.4234375,25.115624999999998,26.465625,0.03545321625000004,-0.025111798749999928,0.02562779500000006,-0.026745786249999938,train/episode_28__dup2/images/ZED_LEFT/ZED_LEFT_20251120_181741_517884.jpg,train/episode_28__dup2/images/road_img/ZED_LEFT_20251120_181741_517884.jpg,0.8,0.811455,0.805250,0.816737,0.824294
20251120_181741_517884,25.734375,-0.19810000000000003,-0.012550000000000063,14.73,93.75,24.8625,26.465625,25.143749999999997,26.49375,0.03386939550000002,-0.028437105499999973,0.022933150000000024,-0.029526430499999975,train/episode_28__dup2/images/ZED_LEFT/ZED_LEFT_20251120_181741_517884.jpg,train/episode_28__dup2/images/road_img/ZED_LEFT_20251120_181741_517884.jpg,0.8,0.811455,0.804649,0.814208,0.824198
20251120_181741_517884,25.6921875,-0.19615000000000005,-0.005225000000000094,14.66,93.77499999999999,24.8625,26.5078125,25.171875,26.521875,0.032285574750000025,-0.031762412249999955,0.02023850500000004,-0.03230707474999996,train/episode_28__dup2/images/ZED_LEFT/ZED_LEFT_20251120_181741_517884.jpg,train/episode_28__dup2/images/road_img/ZED_LEFT_20251120_181741_517884.jpg,0.8,0.811455,0.803856,0.812308,0.824041
20251120_181741_517884,25.65,-0.19420000000000004,0.002099999999999873,14.590000000000002,93.8,24.8625,26.55,25.2,26.55,0.03070175400000003,-0.03508771899999995,0.01754386000000005,-0.035087718999999955,train/episode_28__dup2/images/ZED_LEFT/ZED_LEFT_20251120_181741_517884.jpg,train/episode_28__dup2/images/road_img/ZED_LEFT_20251120_181741_517884.jpg,0.8,0.811455,0.803253,0.810872,0.823821
20251120_181741_767884,25.65,-0.19080000000000008,0.011824999999999827,14.605,94.42499999999998,24.9890625,26.6484375,25.2984375,26.6765625,0.025767543500000087,-0.03892543824999994,0.01370614050000007,-0.040021929499999914,train/episode_28__dup2/images/ZED_LEFT/ZED_LEFT_20251120_181741_767884.jpg,train/episode_28__dup2/images/road_img/ZED_LEFT_20251120_181741_767884.jpg,0.8,0.859248,0.802338,0.817578,0.833781
20251120_181741_767884,25.65,-0.18740000000000007,0.02154999999999983,14.62,95.04999999999998,25.115624999999998,26.746875,25.396874999999998,26.803124999999998,0.02083333300000009,-0.04276315749999993,0.009868421000000068,-0.044956139999999915,train/episode_28__dup2/images/ZED_LEFT/ZED_LEFT_20251120_181741_767884.jpg,train/episode_28__dup2/images/road_img/ZED_LEFT_20251120_181741_767884.jpg,0.8,0.859248,0.800899,0.822438,0.833408
20251120_181741_767884,25.65,-0.184,0.031275000000000004,14.635,95.675,25.2421875,26.845312500000002,25.4953125,26.9296875,0.0158991225,-0.046600876750000006,0.006030701499999999,-0.0498903505,train/episode_28__dup2/images/ZED_LEFT/ZED_LEFT_20251120_181741_767884.jpg,train/episode_28__dup2/images/road_img/ZED_LEFT_20251120_181741_767884.jpg,0.8,0.859248,0.798931,0.825941,0.832988
20251120_181742_017884,25.65,-0.1806,0.041,14.65,96.3,25.36875,26.94375,25.59375,27.05625,0.010964912,-0.050438596,0.002192982,-0.054824561,train/episode_28__dup2/images/ZED_LEFT/ZED_LEFT_20251120_181742_017884.jpg,train/episode_28__dup2/images/road_img/ZED_LEFT_20251120_181742_017884.jpg,0.8,0.881721,0.796494,0.832860,0.839550
20251120_181742_017884,25.7625,-0.18737499999999999,0.04724999999999997,14.6825,98.62499999999999,25.495312499999997,27.1125,25.734375,27.2109375,0.010378856500000002,-0.05237636074999999,0.001105943500000005,-0.05620462774999999,train/episode_28__dup2/images/ZED_LEFT/ZED_LEFT_20251120_181742_017884.jpg,train/episode_28__dup2/images/road_img/ZED_LEFT_20251120_181742_017884.jpg,0.8,0.881721,0.794304,0.838259,0.839236
20251120_181742_017884,25.875,-0.19414999999999993,0.05349999999999995,14.715,100.94999999999997,25.621875,27.28125,25.875,27.365624999999998,0.009792801000000005,-0.054314125499999984,1.8905000000010025e-05,-0.05758469449999999,train/episode_28__dup2/images/ZED_LEFT/ZED_LEFT_20251120_181742_017884.jpg,train/episode_28__dup2/images/road_img/ZED_LEFT_20251120_181742_017884.jpg,0.8,0.881721,0.792650,0.842632,0.838977
20251120_181742_017884,25.9875,-0.2009249999999999,0.05974999999999992,14.747499999999999,103.27499999999996,25.748437499999998,27.449999999999996,26.015624999999996,27.5203125,0.009206745500000009,-0.05625189024999998,-0.0010681334999999852,-0.058964761249999983,train/episode_28__dup2/images/ZED_LEFT/ZED_LEFT_20251120_181742_017884.jpg,train/episode_28__dup2/images/road_img/ZED_LEFT_20251120_181742_017884.jpg,0.8,0.881721,0.791760,0.846319,0.838812
20251120_181742_267884,26.1,-0.2077,0.066,14.78,105.6,25.875,27.61875,26.15625,27.675,0.00862069,-0.058189655,-0.002155172,-0.060344828,train/episode_28__dup2/images/ZED_LEFT/ZED_LEFT_20251120_181742_267884.jpg,train/episode_28__dup2/images/road_img/ZED_LEFT_20251120_181742_267884.jpg,0.8,0.770279,0.791589,0.825523,0.825047
20251120_181742_267884,26.240625,-0.21252499999999996,0.06355000000000001,15.239999999999998,105.975,26.0015625,27.787499999999998,26.2546875,27.8296875,0.009102648249999998,-0.0589376,-0.0005615267500000069,-0.06055397975,train/episode_28__dup2/images/ZED_LEFT/ZED_LEFT_20251120_181742_267884.jpg,train/episode_28__dup2/images/road_img/ZED_LEFT_20251120_181742_267884.jpg,0.8,0.770279,0.792301,0.811134,0.825127
20251120_181742_267884,26.38125,-0.21734999999999996,0.06110000000000002,15.699999999999996,106.35,26.128125,27.956249999999997,26.353125,27.984375,0.009584606499999995,-0.05968554499999999,0.0010321184999999861,-0.0607631315,train/episode_28__dup2/images/ZED_LEFT/ZED_LEFT_20251120_181742_267884.jpg,train/episode_28__dup2/images/road_img/ZED_LEFT_20251120_181742_267884.jpg,0.8,0.770279,0.793891,0.801310,0.825323
20251120_181742_267884,26.521874999999998,-0.22217499999999993,0.058650000000000035,16.159999999999993,106.725,26.2546875,28.124999999999996,26.451562499999998,28.139062499999998,0.010066564749999994,-0.06043348999999999,0.002625763749999979,-0.060972283249999995,train/episode_28__dup2/images/ZED_LEFT/ZED_LEFT_20251120_181742_267884.jpg,train/episode_28__dup2/images/road_img/ZED_LEFT_20251120_181742_267884.jpg,0.8,0.770279,0.796270,0.794756,0.825611
20251120_181742_267884,26.662499999999998,-0.22699999999999992,0.05620000000000004,16.619999999999994,107.1,26.381249999999998,28.293749999999996,26.549999999999997,28.293749999999996,0.010548522999999992,-0.061181434999999985,0.004219408999999973,-0.06118143499999999,train/episode_28__dup2/images/ZED_LEFT/ZED_LEFT_20251120_181742_267884.jpg,train/episode_28__dup2/images/road_img/ZED_LEFT_20251120_181742_267884.jpg,0.8,0.770279,0.799216,0.790545,0.825976
20251120_181742_517884,26.8171875,-0.23049999999999998,0.055175,16.884999999999998,107.32499999999999,26.493750000000002,28.3921875,26.690625,28.40625,0.012035103499999995,-0.05877267425000001,0.004710948499999998,-0.059288138000000004,train/episode_28__dup2/images/ZED_LEFT/ZED_LEFT_20251120_181742_517884.jpg,train/episode_28__dup2/images/road_img/ZED_LEFT_20251120_181742_517884.jpg,0.8,0.772444,0.801484,0.788314,0.816326
20251120_181742_517884,26.971875,-0.23399999999999996,0.05415000000000001,17.15,107.55,26.60625,28.490624999999998,26.83125,28.518749999999997,0.013521683999999987,-0.05636391350000002,0.005202487999999996,-0.057394841000000016,train/episode_28__dup2/images/ZED_LEFT/ZED_LEFT_20251120_181742_517884.jpg,train/episode_28__dup2/images/road_img/ZED_LEFT_20251120_181742_517884.jpg,0.8,0.772444,0.803286,0.786995,0.816658
20251120_181742_517884,27.1265625,-0.23749999999999996,0.05312500000000001,17.414999999999996,107.77499999999999,26.71875,28.589062499999997,26.971874999999997,28.631249999999998,0.015008264499999981,-0.053955152750000034,0.005694027499999994,-0.05550154400000002,train/episode_28__dup2/images/ZED_LEFT/ZED_LEFT_20251120_181742_517884.jpg,train/episode_28__dup2/images/road_img/ZED_LEFT_20251120_181742_517884.jpg,0.8,0.772444,0.804696,0.786262,0.816929
20251120_181742_517884,27.281249999999996,-0.24099999999999994,0.05210000000000002,17.679999999999996,108.0,26.831249999999997,28.6875,27.112499999999997,28.743749999999995,0.016494844999999973,-0.051546392000000045,0.006185566999999991,-0.05360824700000003,train/episode_28__dup2/images/ZED_LEFT/ZED_LEFT_20251120_181742_517884.jpg,train/episode_28__dup2/images/road_img/ZED_LEFT_20251120_181742_517884.jpg,0.8,0.772444,0.805812,0.785899,0.817147
20251120_181742_767884,27.393749999999997,-0.24692499999999987,0.04992500000000005,17.837499999999995,107.95,26.9015625,28.799999999999997,27.196875,28.856249999999996,0.017949226999999967,-0.05133727875000001,0.007174672249999978,-0.053390769500000004,train/episode_28__dup2/images/ZED_LEFT/ZED_LEFT_20251120_181742_767884.jpg,train/episode_28__dup2/images/road_img/ZED_LEFT_20251120_181742_767884.jpg,0.8,0.792072,0.806893,0.789491,0.795393
20251120_181742_767884,27.506249999999998,-0.25284999999999996,0.04775000000000002,17.994999999999997,107.9,26.971875,28.912499999999998,27.28125,28.96875,0.01940360899999999,-0.0511281655,0.008163777499999992,-0.053173292000000004,train/episode_28__dup2/images/ZED_LEFT/ZED_LEFT_20251120_181742_767884.jpg,train/episode_28__dup2/images/road_img/ZED_LEFT_20251120_181742_767884.jpg,0.8,0.792072,0.807929,0.792180,0.795599
20251120_181742_767884,27.61875,-0.2587749999999999,0.04557500000000003,18.152499999999996,107.85,27.0421875,29.025,27.365624999999998,29.08125,0.020857990999999982,-0.050919052250000006,0.009152882749999987,-0.052955814500000004,train/episode_28__dup2/images/ZED_LEFT/ZED_LEFT_20251120_181742_767884.jpg,train/episode_28__dup2/images/road_img/ZED_LEFT_20251120_181742_767884.jpg,0.8,0.792072,0.808918,0.794231,0.795789
20251120_181742_767884,27.731249999999996,-0.2646999999999999,0.04340000000000004,18.309999999999995,107.8,27.1125,29.137499999999996,27.45,29.193749999999998,0.022312372999999976,-0.05070993900000001,0.010141987999999982,-0.05273833700000001,train/episode_28__dup2/images/ZED_LEFT/ZED_LEFT_20251120_181742_767884.jpg,train/episode_28__dup2/images/road_img/ZED_LEFT_20251120_181742_767884.jpg,0.8,0.792072,0.809871,0.795828,0.795967
20251120_181743_017884,27.815624999999997,-0.27359999999999984,0.04844999999999991,18.354999999999997,106.57500000000002,27.224999999999998,29.2359375,27.5484375,29.2640625,0.021243297750000018,-0.051058506249999996,0.009610499000000008,-0.052078802750000014,train/episode_28__dup2/images/ZED_LEFT/ZED_LEFT_20251120_181743_017884.jpg,train/episode_28__dup2/images/road_img/ZED_LEFT_20251120_181743_017884.jpg,0.8,0.817935,0.810677,0.801515,0.816711
20251120_181743_017884,27.9,-0.28249999999999986,0.05349999999999991,18.4,105.35000000000002,27.3375,29.334374999999998,27.646874999999998,29.334375,0.02017422250000002,-0.0514070735,0.009079010000000009,-0.05141926850000001,train/episode_28__dup2/images/ZED_LEFT/ZED_LEFT_20251120_181743_017884.jpg,train/episode_28__dup2/images/road_img/ZED_LEFT_20251120_181743_017884.jpg,0.8,0.817935,0.811347,0.805558,0.816844
20251120_181743_017884,27.984375,-0.2913999999999998,0.058549999999999915,18.444999999999997,104.12500000000003,27.45,29.432812499999997,27.745312499999997,29.4046875,0.01910514725000002,-0.05175564074999999,0.00854752100000001,-0.05075973425000001,train/episode_28__dup2/images/ZED_LEFT/ZED_LEFT_20251120_181743_017884.jpg,train/episode_28__dup2/images/road_img/ZED_LEFT_20251120_181743_017884.jpg,0.8,0.817935,0.811894,0.808441,0.816946
20251120_181743_267884,28.06875,-0.3003,0.0636,18.49,102.9,27.5625,29.53125,27.84375,29.475,0.018036072,-0.052104208,0.008016032,-0.0501002,train/episode_28__dup2/images/ZED_LEFT/ZED_LEFT_20251120_181743_267884.jpg,train/episode_28__dup2/images/road_img/ZED_LEFT_20251120_181743_267884.jpg,0.8,0.807438,0.812288,0.808823,0.817653
20251120_181743_267884,28.1671875,-0.2859250000000001,0.064775,18.564999999999998,100.32500000000002,27.703125,29.5734375,27.9703125,29.587500000000002,0.016491481000000006,-0.04994772125000001,0.007000166250000004,-0.05042099975,train/episode_28__dup2/images/ZED_LEFT/ZED_LEFT_20251120_181743_267884.jpg,train/episode_28__dup2/images/road_img/ZED_LEFT_20251120_181743_267884.jpg,0.8,0.807438,0.812572,0.809146,0.817670
20251120_181743_267884,28.265625,-0.2715500000000001,0.06595,18.639999999999997,97.75000000000003,27.84375,29.615624999999998,28.096875,29.7,0.014946890000000013,-0.047791234500000015,0.005984300500000008,-0.0507417995,train/episode_28__dup2/images/ZED_LEFT/ZED_LEFT_20251120_181743_267884.jpg,train/episode_28__dup2/images/road_img/ZED_LEFT_20251120_181743_267884.jpg,0.8,0.807438,0.812904,0.809434,0.817731
20251120_181743_267884,28.3640625,-0.25717500000000015,0.06712499999999999,18.714999999999996,95.17500000000003,27.984374999999996,29.6578125,28.2234375,29.8125,0.01340229900000002,-0.045634747750000024,0.004968434750000013,-0.05106259925,train/episode_28__dup2/images/ZED_LEFT/ZED_LEFT_20251120_181743_267884.jpg,train/episode_28__dup2/images/road_img/ZED_LEFT_20251120_181743_267884.jpg,0.8,0.807438,0.813466,0.809732,0.817845
20251120_181743_267884,28.4625,-0.24280000000000024,0.06829999999999997,18.79,92.60000000000004,28.124999999999996,29.7,28.349999999999998,29.924999999999997,0.011857708000000026,-0.04347826100000003,0.003952569000000018,-0.051383398999999996,train/episode_28__dup2/images/ZED_LEFT/ZED_LEFT_20251120_181743_267884.jpg,train/episode_28__dup2/images/road_img/ZED_LEFT_20251120_181743_267884.jpg,0.8,0.807438,0.814287,0.810076,0.818000
20251120_181743_517884,28.560937499999998,-0.24704999999999996,0.06347500000000002,18.097500000000004,88.17500000000001,28.265625,29.8125,28.51875,30.009375,0.010355269250000007,-0.04381727275,0.001502438500000011,-0.050720785000000004,train/episode_28__dup2/images/ZED_LEFT/ZED_LEFT_20251120_181743_517884.jpg,train/episode_28__dup2/images/road_img/ZED_LEFT_20251120_181743_517884.jpg,0.8,0.772863,0.815050,0.805071,0.805037
20251120_181743_517884,28.659374999999997,-0.25129999999999997,0.05865000000000004,17.405000000000005,83.75000000000004,28.40625,29.924999999999997,28.6875,30.09375,0.008852830500000013,-0.0441562845,-0.0009476919999999783,-0.050058171000000005,train/episode_28__dup2/images/ZED_LEFT/ZED_LEFT_20251120_181743_517884.jpg,train/episode_28__dup2/images/road_img/ZED_LEFT_20251120_181743_517884.jpg,0.8,0.772863,0.815833,0.801495,0.805128
20251120_181743_517884,28.757812499999996,-0.25554999999999994,0.05382500000000007,16.71250000000001,79.32500000000006,28.546874999999996,30.037499999999998,28.856249999999996,30.178124999999998,0.00735039175000002,-0.04449529625,-0.0033978224999999676,-0.04939555700000001,train/episode_28__dup2/images/ZED_LEFT/ZED_LEFT_20251120_181743_517884.jpg,train/episode_28__dup2/images/road_img/ZED_LEFT_20251120_181743_517884.jpg,0.8,0.772863,0.816610,0.798926,0.805167
20251120_181743_517884,28.856249999999996,-0.2597999999999999,0.049000000000000085,16.02000000000001,74.90000000000009,28.687499999999996,30.149999999999995,29.024999999999995,30.2625,0.005847953000000026,-0.044834307999999996,-0.005847952999999957,-0.048732943000000015,train/episode_28__dup2/images/ZED_LEFT/ZED_LEFT_20251120_181743_517884.jpg,train/episode_28__dup2/images/road_img/ZED_LEFT_20251120_181743_517884.jpg,0.8,0.772863,0.817360,0.797062,0.805130
20251120_181743_767884,28.996874999999996,-0.24672500000000022,0.05742499999999985,15.475000000000009,70.37500000000009,28.912499999999994,30.262499999999996,29.278124999999996,30.403124999999996,0.0029519302500000517,-0.04366397200000002,-0.009644090999999933,-0.048499994000000005,train/episode_28__dup2/images/ZED_LEFT/ZED_LEFT_20251120_181743_767884.jpg,train/episode_28__dup2/images/road_img/ZED_LEFT_20251120_181743_767884.jpg,0.8,0.774649,0.817909,0.795991,0.829483
20251120_181743_767884,29.1375,-0.23364999999999997,0.06584999999999999,14.93,65.85,29.1375,30.375,29.53125,30.54375,5.590749999999974e-05,-0.042493636,-0.013440229000000001,-0.048267045,train/episode_28__dup2/images/ZED_LEFT/ZED_LEFT_20251120_181743_767884.jpg,train/episode_28__dup2/images/road_img/ZED_LEFT_20251120_181743_767884.jpg,0.8,0.774649,0.818118,0.795143,0.829221
20251120_181743_767884,29.278124999999996,-0.22057500000000022,0.07427499999999984,14.385000000000009,61.32500000000008,29.362499999999994,30.487499999999997,29.784374999999997,30.684374999999996,-0.0028401152499999494,-0.04132330000000002,-0.017236366999999933,-0.048034096000000005,train/episode_28__dup2/images/ZED_LEFT/ZED_LEFT_20251120_181743_767884.jpg,train/episode_28__dup2/images/road_img/ZED_LEFT_20251120_181743_767884.jpg,0.8,0.774649,0.817566,0.794371,0.828797
20251120_181744_017884,29.41875,-0.2075,0.0827,13.84,56.8,29.5875,30.6,30.0375,30.825,-0.005736138,-0.040152964,-0.021032505,-0.047801147,train/episode_28__dup2/images/ZED_LEFT/ZED_LEFT_20251120_181744_017884.jpg,train/episode_28__dup2/images/road_img/ZED_LEFT_20251120_181744_017884.jpg,0.8,0.817229,0.815768,0.801038,0.831639
20251120_181744_017884,29.503125,-0.20097499999999993,0.08295,13.164999999999994,55.09999999999998,29.75625,30.740625,30.20625,30.9796875,-0.008555411750000025,-0.04192946775000002,-0.023808405250000025,-0.050028554000000024,train/episode_28__dup2/images/ZED_LEFT/ZED_LEFT_20251120_181744_017884.jpg,train/episode_28__dup2/images/road_img/ZED_LEFT_20251120_181744_017884.jpg,0.8,0.817229,0.812918,0.805315,0.831163
20251120_181744_017884,29.5875,-0.19445000000000012,0.0832,12.490000000000013,53.40000000000003,29.924999999999997,30.881249999999998,30.374999999999996,31.134375,-0.01137468549999995,-0.04370597149999997,-0.02658430549999995,-0.05225596099999996,train/episode_28__dup2/images/ZED_LEFT/ZED_LEFT_20251120_181744_017884.jpg,train/episode_28__dup2/images/road_img/ZED_LEFT_20251120_181744_017884.jpg,0.8,0.817229,0.809019,0.807758,0.830431
20251120_181744_017884,29.671875,-0.18792500000000006,0.08345,11.815000000000007,51.70000000000002,30.093749999999996,31.021875,30.54375,31.2890625,-0.014193959249999975,-0.04548247524999999,-0.029360205749999972,-0.054483367999999976,train/episode_28__dup2/images/ZED_LEFT/ZED_LEFT_20251120_181744_017884.jpg,train/episode_28__dup2/images/road_img/ZED_LEFT_20251120_181744_017884.jpg,0.8,0.817229,0.804341,0.808800,0.829557
20251120_181744_017884,29.756249999999998,-0.18140000000000023,0.08369999999999998,11.140000000000025,50.00000000000006,30.262499999999992,31.162499999999998,30.71249999999999,31.443749999999994,-0.0170132329999999,-0.04725897899999994,-0.0321361059999999,-0.05671077499999992,train/episode_28__dup2/images/ZED_LEFT/ZED_LEFT_20251120_181744_017884.jpg,train/episode_28__dup2/images/road_img/ZED_LEFT_20251120_181744_017884.jpg,0.8,0.817229,0.798313,0.808676,0.828386
20251120_181744_267884,29.981249999999996,-0.17305000000000015,0.09189999999999986,10.59500000000001,45.800000000000075,30.515624999999993,31.3453125,30.923437499999995,31.612499999999997,-0.017805796249999985,-0.04553597725000003,-0.03144152900000001,-0.05445968675000004,train/episode_28__dup2/images/ZED_LEFT/ZED_LEFT_20251120_181744_267884.jpg,train/episode_28__dup2/images/road_img/ZED_LEFT_20251120_181744_267884.jpg,0.8,0.766516,0.792257,0.799621,0.831414
20251120_181744_267884,30.20625,-0.1647,0.1001,10.05,41.6,30.768749999999997,31.528125000000003,31.134375,31.78125,-0.0185983595,-0.0438129755,-0.030746952,-0.052208598499999995,train/episode_28__dup2/images/ZED_LEFT/ZED_LEFT_20251120_181744_267884.jpg,train/episode_28__dup2/images/road_img/ZED_LEFT_20251120_181744_267884.jpg,0.8,0.766516,0.787174,0.792580,0.830520
20251120_181744_267884,30.431249999999995,-0.15635000000000016,0.10829999999999985,9.50500000000001,37.40000000000008,31.021874999999994,31.710937499999996,31.345312499999995,31.949999999999996,-0.019390922749999987,-0.04208997375000003,-0.030052375000000013,-0.04995751025000004,train/episode_28__dup2/images/ZED_LEFT/ZED_LEFT_20251120_181744_267884.jpg,train/episode_28__dup2/images/road_img/ZED_LEFT_20251120_181744_267884.jpg,0.8,0.766516,0.783846,0.787201,0.829853
20251120_181744_517884,30.65625,-0.148,0.1165,8.96,33.2,31.275,31.89375,31.55625,32.11875,-0.020183486,-0.040366972,-0.029357798,-0.047706422,train/episode_28__dup2/images/ZED_LEFT/ZED_LEFT_20251120_181744_517884.jpg,train/episode_28__dup2/images/road_img/ZED_LEFT_20251120_181744_517884.jpg,0.8,0.843614,0.782264,0.795923,0.816510
20251120_181744_517884,30.867187499999993,-0.147875,0.11737499999999998,8.467500000000014,30.25000000000008,31.514062499999994,32.0484375,31.83749999999999,32.301562499999996,-0.02094118599999998,-0.038310943250000055,-0.031393348499999946,-0.04649410225000003,train/episode_28__dup2/images/ZED_LEFT/ZED_LEFT_20251120_181744_517884.jpg,train/episode_28__dup2/images/road_img/ZED_LEFT_20251120_181744_517884.jpg,0.8,0.843614,0.780455,0.802213,0.815818
20251120_181744_517884,31.078124999999996,-0.14775,0.11824999999999998,7.975000000000009,27.300000000000054,31.753124999999997,32.203125,32.11874999999999,32.484375,-0.021698885999999987,-0.036254914500000034,-0.03342889899999996,-0.04528178250000002,train/episode_28__dup2/images/ZED_LEFT/ZED_LEFT_20251120_181744_517884.jpg,train/episode_28__dup2/images/road_img/ZED_LEFT_20251120_181744_517884.jpg,0.8,0.843614,0.777820,0.806711,0.815192
20251120_181744_517884,31.289062499999996,-0.147625,0.119125,7.482500000000005,24.350000000000026,31.9921875,32.3578125,32.4,32.6671875,-0.022456585999999994,-0.03419888575000002,-0.03546444949999998,-0.04406946275000001,train/episode_28__dup2/images/ZED_LEFT/ZED_LEFT_20251120_181744_517884.jpg,train/episode_28__dup2/images/road_img/ZED_LEFT_20251120_181744_517884.jpg,0.8,0.843614,0.773900,0.809847,0.814478
20251120_181744_517884,31.499999999999993,-0.1475,0.11999999999999997,6.990000000000018,21.400000000000105,32.231249999999996,32.512499999999996,32.68124999999999,32.849999999999994,-0.023214285999999973,-0.032142857000000066,-0.03749999999999992,-0.04285714300000004,train/episode_28__dup2/images/ZED_LEFT/ZED_LEFT_20251120_181744_517884.jpg,train/episode_28__dup2/images/road_img/ZED_LEFT_20251120_181744_517884.jpg,0.8,0.843614,0.768437,0.811940,0.813553
20251120_181744_767884,31.696875,-0.12367500000000042,0.1146750000000001,6.100000000000016,20.650000000000013,32.45625,32.723437499999996,32.90624999999999,33.060937499999994,-0.02394381549999999,-0.032382404,-0.03814242149999999,-0.043031359,train/episode_28__dup2/images/ZED_LEFT/ZED_LEFT_20251120_181744_767884.jpg,train/episode_28__dup2/images/road_img/ZED_LEFT_20251120_181744_767884.jpg,0.8,0.894836,0.765008,0.827187,0.819277
20251120_181744_767884,31.893749999999994,-0.09985000000000084,0.10935000000000018,5.210000000000032,19.900000000000027,32.68124999999999,32.934374999999996,33.13124999999999,33.271874999999994,-0.024673344999999975,-0.03262195099999999,-0.03878484299999998,-0.043205574999999996,train/episode_28__dup2/images/ZED_LEFT/ZED_LEFT_20251120_181744_767884.jpg,train/episode_28__dup2/images/road_img/ZED_LEFT_20251120_181744_767884.jpg,0.8,0.894836,0.764985,0.838822,0.819257
20251120_181744_767884,32.090624999999996,-0.07602500000000043,0.10402500000000009,4.320000000000016,19.150000000000013,32.90625,33.145312499999996,33.356249999999996,33.482812499999994,-0.025402874499999988,-0.032861497999999996,-0.03942726449999999,-0.043379790999999994,train/episode_28__dup2/images/ZED_LEFT/ZED_LEFT_20251120_181744_767884.jpg,train/episode_28__dup2/images/road_img/ZED_LEFT_20251120_181744_767884.jpg,0.8,0.894836,0.767806,0.847833,0.819677
20251120_181745_017884,32.2875,-0.0522,0.0987,3.43,18.4,33.13125,33.35625,33.58125,33.69375,-0.026132404,-0.033101045,-0.040069686,-0.043554007,train/episode_28__dup2/images/ZED_LEFT/ZED_LEFT_20251120_181745_017884.jpg,train/episode_28__dup2/images/road_img/ZED_LEFT_20251120_181745_017884.jpg,0.8,0.752786,0.772027,0.820948,0.820498
20251120_181745_017884,32.512499999999996,-0.05215,0.10282499999999992,3.2400000000000033,17.000000000000025,33.342187499999994,33.567187499999996,33.80624999999999,33.904687499999994,-0.025531506500000013,-0.03245290250000001,-0.039798027250000007,-0.042834996750000014,train/episode_28__dup2/images/ZED_LEFT/ZED_LEFT_20251120_181745_017884.jpg,train/episode_28__dup2/images/road_img/ZED_LEFT_20251120_181745_017884.jpg,0.8,0.752786,0.775082,0.802511,0.821329
20251120_181745_017884,32.7375,-0.0521,0.10694999999999999,3.05,15.6,33.553125,33.778125,34.03125,34.115625,-0.024930609,-0.03180476,-0.0395263685,-0.0421159865,train/episode_28__dup2/images/ZED_LEFT/ZED_LEFT_20251120_181745_017884.jpg,train/episode_28__dup2/images/road_img/ZED_LEFT_20251120_181745_017884.jpg,0.8,0.752786,0.777358,0.789922,0.822238
20251120_181745_017884,32.9625,-0.05205,0.11107499999999992,2.8600000000000034,14.200000000000024,33.764062499999994,33.989062499999996,34.256249999999994,34.326562499999994,-0.02432971150000001,-0.03115661750000001,-0.039254709750000005,-0.041396976250000016,train/episode_28__dup2/images/ZED_LEFT/ZED_LEFT_20251120_181745_017884.jpg,train/episode_28__dup2/images/road_img/ZED_LEFT_20251120_181745_017884.jpg,0.8,0.752786,0.779853,0.781445,0.823240
20251120_181745_267884,33.1875,-0.052,0.1152,2.67,12.8,33.975,34.2,34.48125,34.5375,-0.023728814,-0.030508475,-0.038983051,-0.040677966,train/episode_28__dup2/images/ZED_LEFT/ZED_LEFT_20251120_181745_267884.jpg,train/episode_28__dup2/images/road_img/ZED_LEFT_20251120_181745_267884.jpg,0.8,0.821682,0.782482,0.789615,0.831592
20251120_181745_267884,33.3984375,-0.04852499999999997,0.11499999999999999,2.4024999999999976,11.799999999999992,34.171875,34.3265625,34.621875,34.678125,-0.023168511249999996,-0.027840033999999975,-0.03667530474999998,-0.03835971424999998,train/episode_28__dup2/images/ZED_LEFT/ZED_LEFT_20251120_181745_267884.jpg,train/episode_28__dup2/images/road_img/ZED_LEFT_20251120_181745_267884.jpg,0.8,0.821682,0.783435,0.795385,0.831820
20251120_181745_267884,33.60937499999999,-0.04505000000000006,0.1148,2.1350000000000047,10.800000000000018,34.36875,34.453125,34.7625,34.81875,-0.02260820850000001,-0.025171593000000048,-0.03436755850000004,-0.036041462500000045,train/episode_28__dup2/images/ZED_LEFT/ZED_LEFT_20251120_181745_267884.jpg,train/episode_28__dup2/images/road_img/ZED_LEFT_20251120_181745_267884.jpg,0.8,0.821682,0.783346,0.799375,0.831975
20251120_181745_267884,33.8203125,-0.04157500000000003,0.11460000000000001,1.8675000000000024,9.80000000000001,34.565625,34.5796875,34.903125,34.959375,-0.022047905750000006,-0.022503152000000026,-0.03205981225000002,-0.033723210750000024,train/episode_28__dup2/images/ZED_LEFT/ZED_LEFT_20251120_181745_267884.jpg,train/episode_28__dup2/images/road_img/ZED_LEFT_20251120_181745_267884.jpg,0.8,0.821682,0.782618,0.802063,0.832080
20251120_181745_267884,34.03124999999999,-0.03810000000000013,0.11440000000000002,1.6000000000000096,8.800000000000036,34.762499999999996,34.70624999999999,35.043749999999996,35.099999999999994,-0.021487603000000022,-0.019834711000000095,-0.029752066000000084,-0.031404959000000086,train/episode_28__dup2/images/ZED_LEFT/ZED_LEFT_20251120_181745_267884.jpg,train/episode_28__dup2/images/road_img/ZED_LEFT_20251120_181745_267884.jpg,0.8,0.821682,0.781297,0.803790,0.832160
20251120_181745_517884,34.185937499999994,-0.0324750000000001,0.10792500000000012,1.4500000000000028,8.27500000000001,34.9171875,34.889062499999994,35.2265625,35.2265625,-0.02139167625,-0.020557851499999988,-0.03043093249999999,-0.03045307000000002,train/episode_28__dup2/images/ZED_LEFT/ZED_LEFT_20251120_181745_517884.jpg,train/episode_28__dup2/images/road_img/ZED_LEFT_20251120_181745_517884.jpg,0.8,0.776082,0.781011,0.796019,0.825255
20251120_181745_517884,34.340625,-0.02685,0.10145,1.3,7.75,35.071875000000006,35.071875,35.409375,35.353125000000006,-0.021295749500000002,-0.021280992,-0.031109799,-0.029501181,train/episode_28__dup2/images/ZED_LEFT/ZED_LEFT_20251120_181745_517884.jpg,train/episode_28__dup2/images/road_img/ZED_LEFT_20251120_181745_517884.jpg,0.8,0.776082,0.781857,0.790706,0.825768
20251120_181745_517884,34.4953125,-0.021225000000000098,0.09497500000000011,1.1500000000000026,7.225000000000009,35.2265625,35.254687499999996,35.592187499999994,35.4796875,-0.021199822750000003,-0.02200413249999999,-0.031788665499999987,-0.028549292000000018,train/episode_28__dup2/images/ZED_LEFT/ZED_LEFT_20251120_181745_517884.jpg,train/episode_28__dup2/images/road_img/ZED_LEFT_20251120_181745_517884.jpg,0.8,0.776082,0.783591,0.787226,0.826442
20251120_181745_767884,34.65,-0.0156,0.0885,1.0,6.7,35.38125,35.4375,35.775,35.60625,-0.021103896,-0.022727273,-0.032467532,-0.027597403,train/episode_28__dup2/images/ZED_LEFT/ZED_LEFT_20251120_181745_767884.jpg,train/episode_28__dup2/images/road_img/ZED_LEFT_20251120_181745_767884.jpg,0.8,0.765705,0.784896,0.783137,0.829971
20251120_181745_767884,34.748437499999994,-0.014975000000000016,0.08205000000000016,0.8000000000000054,7.049999999999991,35.5078125,35.57812499999999,35.887499999999996,35.7609375,-0.02184718374999998,-0.023867284499999968,-0.03277761524999999,-0.029125018499999957,train/episode_28__dup2/images/ZED_LEFT/ZED_LEFT_20251120_181745_767884.jpg,train/episode_28__dup2/images/road_img/ZED_LEFT_20251120_181745_767884.jpg,0.8,0.765705,0.783746,0.780175,0.830689
20251120_181745_767884,34.846875,-0.01435000000000001,0.07560000000000011,0.6000000000000035,7.399999999999993,35.634375,35.71875,36.0,35.915625,-0.022590471499999987,-0.02500729599999998,-0.03308769849999999,-0.03065263399999997,train/episode_28__dup2/images/ZED_LEFT/ZED_LEFT_20251120_181745_767884.jpg,train/episode_28__dup2/images/road_img/ZED_LEFT_20251120_181745_767884.jpg,0.8,0.765705,0.779818,0.777650,0.830203
20251120_181745_767884,34.9453125,-0.013725000000000006,0.06915000000000006,0.4000000000000017,7.7499999999999964,35.760937500000004,35.859375,36.1125,36.0703125,-0.023333759249999995,-0.02614730749999999,-0.033397781749999994,-0.03218024949999998,train/episode_28__dup2/images/ZED_LEFT/ZED_LEFT_20251120_181745_767884.jpg,train/episode_28__dup2/images/road_img/ZED_LEFT_20251120_181745_767884.jpg,0.8,0.765705,0.771488,0.774834,0.828578
20251120_181745_767884,35.04375,-0.013100000000000023,0.06270000000000023,0.20000000000000706,8.099999999999987,35.887499999999996,35.99999999999999,36.224999999999994,36.224999999999994,-0.024077046999999973,-0.02728731899999996,-0.03370786499999998,-0.03370786499999994,train/episode_28__dup2/images/ZED_LEFT/ZED_LEFT_20251120_181745_767884.jpg,train/episode_28__dup2/images/road_img/ZED_LEFT_20251120_181745_767884.jpg,0.8,0.765705,0.758617,0.771130,0.826180
20251120_181746_017884,35.1703125,-0.01704999999999993,0.06499999999999996,0.20999999999999983,8.549999999999992,36.0,36.084375,36.3375,36.3234375,-0.023595760000000007,-0.026003464000000025,-0.033192291250000006,-0.032796721500000015,train/episode_28__dup2/images/ZED_LEFT/ZED_LEFT_20251120_181746_017884.jpg,train/episode_28__dup2/images/road_img/ZED_LEFT_20251120_181746_017884.jpg,0.8,0.807198,0.752688,0.774824,0.833900
20251120_181746_017884,35.29687499999999,-0.02099999999999986,0.06729999999999993,0.21999999999999964,8.999999999999984,36.1125,36.168749999999996,36.449999999999996,36.421875,-0.023114473000000017,-0.024719609000000045,-0.032676717500000015,-0.03188557800000003,train/episode_28__dup2/images/ZED_LEFT/ZED_LEFT_20251120_181746_017884.jpg,train/episode_28__dup2/images/road_img/ZED_LEFT_20251120_181746_017884.jpg,0.8,0.807198,0.754811,0.777923,0.833647
20251120_181746_017884,35.4234375,-0.024949999999999927,0.06959999999999997,0.22999999999999982,9.449999999999992,36.224999999999994,36.253125,36.56249999999999,36.520312499999996,-0.022633186000000007,-0.023435754000000024,-0.03216114375000001,-0.030974434500000016,train/episode_28__dup2/images/ZED_LEFT/ZED_LEFT_20251120_181746_017884.jpg,train/episode_28__dup2/images/road_img/ZED_LEFT_20251120_181746_017884.jpg,0.8,0.807198,0.761113,0.781022,0.834622
20251120_181746_267884,35.55,-0.0289,0.0719,0.24,9.9,36.3375,36.3375,36.675,36.61875,-0.022151899,-0.022151899,-0.03164557,-0.030063291,train/episode_28__dup2/images/ZED_LEFT/ZED_LEFT_20251120_181746_267884.jpg,train/episode_28__dup2/images/road_img/ZED_LEFT_20251120_181746_267884.jpg,0.8,0.812080,0.769396,0.785162,0.816227
20251120_181746_267884,35.690625,-0.025250000000000064,0.07639999999999993,0.3349999999999983,9.825000000000001,36.478125,36.506249999999994,36.801562499999996,36.77343749999999,-0.022065637750000002,-0.022844453749999986,-0.031132931500000006,-0.030335630249999995,train/episode_28__dup2/images/ZED_LEFT/ZED_LEFT_20251120_181746_267884.jpg,train/episode_28__dup2/images/road_img/ZED_LEFT_20251120_181746_267884.jpg,0.8,0.812080,0.772665,0.788505,0.817174
20251120_181746_267884,35.83125,-0.0216,0.0809,0.43,9.75,36.61875,36.675,36.928124999999994,36.928124999999994,-0.0219793765,-0.023537008499999998,-0.030620293,-0.0306079695,train/episode_28__dup2/images/ZED_LEFT/ZED_LEFT_20251120_181746_267884.jpg,train/episode_28__dup2/images/road_img/ZED_LEFT_20251120_181746_267884.jpg,0.8,0.812080,0.774479,0.791091,0.817777
20251120_181746_267884,35.971875,-0.017950000000000063,0.08539999999999992,0.5249999999999984,9.675,36.759375,36.84375,37.05468749999999,37.082812499999996,-0.02189311525,-0.02422956324999999,-0.030107654500000008,-0.030880308749999995,train/episode_28__dup2/images/ZED_LEFT/ZED_LEFT_20251120_181746_267884.jpg,train/episode_28__dup2/images/road_img/ZED_LEFT_20251120_181746_267884.jpg,0.8,0.812080,0.776715,0.793179,0.818420
20251120_181746_517884,36.1125,-0.0143,0.0899,0.62,9.6,36.9,37.0125,37.18125,37.2375,-0.021806854,-0.024922118,-0.029595016,-0.031152648,train/episode_28__dup2/images/ZED_LEFT/ZED_LEFT_20251120_181746_517884.jpg,train/episode_28__dup2/images/road_img/ZED_LEFT_20251120_181746_517884.jpg,0.8,0.854796,0.779742,0.803289,0.827762
20251120_181746_517884,36.253125,-0.01550000000000001,0.08207499999999993,0.6625000000000004,9.249999999999996,37.040625,37.1390625,37.35,37.378125,-0.02172323875,-0.024443122249999998,-0.030248409250000004,-0.03103319775,train/episode_28__dup2/images/ZED_LEFT/ZED_LEFT_20251120_181746_517884.jpg,train/episode_28__dup2/images/road_img/ZED_LEFT_20251120_181746_517884.jpg,0.8,0.854796,0.781853,0.811059,0.828676
20251120_181746_517884,36.39375,-0.01669999999999998,0.07425000000000014,0.7049999999999993,8.900000000000006,37.18125,37.265625,37.51875,37.51875,-0.0216396235,-0.02396412650000001,-0.03090180249999999,-0.030913747500000005,train/episode_28__dup2/images/ZED_LEFT/ZED_LEFT_20251120_181746_517884.jpg,train/episode_28__dup2/images/road_img/ZED_LEFT_20251120_181746_517884.jpg,0.8,0.854796,0.781988,0.816923,0.828530
20251120_181746_517884,36.534375,-0.01789999999999999,0.06642500000000007,0.7474999999999996,8.550000000000002,37.321875,37.3921875,37.6875,37.659375,-0.02155600825,-0.023485130750000003,-0.031555195749999994,-0.03079429725,train/episode_28__dup2/images/ZED_LEFT/ZED_LEFT_20251120_181746_517884.jpg,train/episode_28__dup2/images/road_img/ZED_LEFT_20251120_181746_517884.jpg,0.8,0.854796,0.777963,0.821073,0.827248
20251120_181746_517884,36.67499999999999,-0.019099999999999957,0.05860000000000028,0.7899999999999985,8.200000000000012,37.46249999999999,37.51874999999999,37.856249999999996,37.79999999999999,-0.021472393000000003,-0.023006135000000018,-0.03220858899999998,-0.030674847000000005,train/episode_28__dup2/images/ZED_LEFT/ZED_LEFT_20251120_181746_517884.jpg,train/episode_28__dup2/images/road_img/ZED_LEFT_20251120_181746_517884.jpg,0.8,0.854796,0.763063,0.823303,0.824375
20251120_181746_767884,36.787499999999994,-0.020099999999999982,0.059749999999999984,0.7875000000000001,8.125,37.574999999999996,37.631249999999994,37.96875,37.8984375,-0.021407325,-0.022936419500000003,-0.03211098725,-0.030203105000000008,train/episode_28__dup2/images/ZED_LEFT/ZED_LEFT_20251120_181746_767884.jpg,train/episode_28__dup2/images/road_img/ZED_LEFT_20251120_181746_767884.jpg,0.8,0.798523,0.750005,0.811665,0.822492
20251120_181746_767884,36.9,-0.0211,0.0609,0.785,8.05,37.6875,37.74375,38.08125,37.996875,-0.021342257,-0.022866704,-0.032013385500000005,-0.029731363,train/episode_28__dup2/images/ZED_LEFT/ZED_LEFT_20251120_181746_767884.jpg,train/episode_28__dup2/images/road_img/ZED_LEFT_20251120_181746_767884.jpg,0.8,0.798523,0.741385,0.802826,0.820383
20251120_181746_767884,37.012499999999996,-0.02209999999999998,0.06204999999999999,0.7825000000000001,7.975000000000001,37.8,37.856249999999996,38.193749999999994,38.0953125,-0.021277189000000002,-0.0227969885,-0.03191578375,-0.029259621000000006,train/episode_28__dup2/images/ZED_LEFT/ZED_LEFT_20251120_181746_767884.jpg,train/episode_28__dup2/images/road_img/ZED_LEFT_20251120_181746_767884.jpg,0.8,0.798523,0.739876,0.796575,0.819797
20251120_181747_017884,37.125,-0.0231,0.0632,0.78,7.9,37.9125,37.96875,38.30625,38.19375,-0.021212121,-0.022727273,-0.031818182,-0.028787879,train/episode_28__dup2/images/ZED_LEFT/ZED_LEFT_20251120_181747_017884.jpg,train/episode_28__dup2/images/road_img/ZED_LEFT_20251120_181747_017884.jpg,0.8,0.860670,0.747863,0.808193,0.836940
20251120_181747_017884,37.2515625,-0.02170000000000004,0.06577499999999993,0.7025000000000021,7.949999999999999,37.996874999999996,38.053124999999994,38.404687499999994,38.2640625,-0.02001970350000003,-0.02152975975000003,-0.030963786000000024,-0.027196290500000043,train/episode_28__dup2/images/ZED_LEFT/ZED_LEFT_20251120_181747_017884.jpg,train/episode_28__dup2/images/road_img/ZED_LEFT_20251120_181747_017884.jpg,0.8,0.860670,0.756266,0.817086,0.838354
20251120_181747_017884,37.378125,-0.020300000000000026,0.06834999999999995,0.6250000000000013,7.999999999999999,38.08125,38.137499999999996,38.503125,38.334375,-0.018827286000000023,-0.020332246500000022,-0.030109390000000014,-0.025604702000000028,train/episode_28__dup2/images/ZED_LEFT/ZED_LEFT_20251120_181747_017884.jpg,train/episode_28__dup2/images/road_img/ZED_LEFT_20251120_181747_017884.jpg,0.8,0.860670,0.764562,0.824169,0.839864
20251120_181747_017884,37.504687499999996,-0.018900000000000063,0.07092499999999988,0.5475000000000034,8.049999999999997,38.165625,38.221875,38.6015625,38.4046875,-0.017634868500000053,-0.019134733250000053,-0.029254994000000038,-0.02401311350000007,train/episode_28__dup2/images/ZED_LEFT/ZED_LEFT_20251120_181747_017884.jpg,train/episode_28__dup2/images/road_img/ZED_LEFT_20251120_181747_017884.jpg,0.8,0.860670,0.772962,0.830003,0.841437
20251120_181747_017884,37.631249999999994,-0.01750000000000005,0.0734999999999999,0.4700000000000027,8.099999999999998,38.25,38.30625,38.7,38.475,-0.016442451000000042,-0.017937220000000042,-0.02840059800000003,-0.022421525000000057,train/episode_28__dup2/images/ZED_LEFT/ZED_LEFT_20251120_181747_017884.jpg,train/episode_28__dup2/images/road_img/ZED_LEFT_20251120_181747_017884.jpg,0.8,0.860670,0.779971,0.834686,0.843369
20251120_181747_267884,37.74375,-0.01867499999999998,0.073375,0.4799999999999998,8.424999999999994,38.3625,38.418749999999996,38.7703125,38.6015625,-0.01639387675,-0.0178842295,-0.02720886800000002,-0.022724563249999996,train/episode_28__dup2/images/ZED_LEFT/ZED_LEFT_20251120_181747_267884.jpg,train/episode_28__dup2/images/road_img/ZED_LEFT_20251120_181747_267884.jpg,0.8,0.828941,0.783429,0.830224,0.832796
20251120_181747_267884,37.856249999999996,-0.019849999999999958,0.07325,0.48999999999999966,8.74999999999999,38.474999999999994,38.53124999999999,38.840625,38.728125,-0.016345302500000002,-0.017831239000000002,-0.026017138000000044,-0.02302760149999999,train/episode_28__dup2/images/ZED_LEFT/ZED_LEFT_20251120_181747_267884.jpg,train/episode_28__dup2/images/road_img/ZED_LEFT_20251120_181747_267884.jpg,0.8,0.828941,0.784595,0.826993,0.833992
20251120_181747_267884,37.96874999999999,-0.02102499999999998,0.073125,0.49999999999999983,9.074999999999994,38.5875,38.64375,38.9109375,38.8546875,-0.016296728250000003,-0.017778248500000003,-0.02482540800000002,-0.023330639749999996,train/episode_28__dup2/images/ZED_LEFT/ZED_LEFT_20251120_181747_267884.jpg,train/episode_28__dup2/images/road_img/ZED_LEFT_20251120_181747_267884.jpg,0.8,0.828941,0.784363,0.824557,0.834602
20251120_181747_267884,38.08124999999999,-0.02219999999999996,0.073,0.5099999999999997,9.399999999999988,38.699999999999996,38.756249999999994,38.98125,38.981249999999996,-0.016248154,-0.017725258000000004,-0.023633678000000043,-0.02363367799999999,train/episode_28__dup2/images/ZED_LEFT/ZED_LEFT_20251120_181747_267884.jpg,train/episode_28__dup2/images/road_img/ZED_LEFT_20251120_181747_267884.jpg,0.8,0.828941,0.783327,0.822645,0.834753
20251120_181747_517884,38.165625,-0.023449999999999978,0.06655000000000011,0.4975000000000002,9.375,38.7703125,38.840625,39.0796875,39.0515625,-0.015846437500000008,-0.01768633,-0.023947805999999995,-0.023215741750000008,train/episode_28__dup2/images/ZED_LEFT/ZED_LEFT_20251120_181747_517884.jpg,train/episode_28__dup2/images/road_img/ZED_LEFT_20251120_181747_517884.jpg,0.8,0.830657,0.780674,0.821416,0.829170
20251120_181747_517884,38.25,-0.0247,0.0601,0.485,9.350000000000001,38.840625,38.925,39.178125,39.121875,-0.015444721000000002,-0.017647402,-0.024261934,-0.0227978055,train/episode_28__dup2/images/ZED_LEFT/ZED_LEFT_20251120_181747_517884.jpg,train/episode_28__dup2/images/road_img/ZED_LEFT_20251120_181747_517884.jpg,0.8,0.830657,0.776003,0.820167,0.828235
20251120_181747_517884,38.334375,-0.025949999999999977,0.053650000000000114,0.47250000000000025,9.325000000000001,38.9109375,39.009375,39.2765625,39.1921875,-0.015043004500000007,-0.017608474,-0.024576061999999996,-0.022379869250000007,train/episode_28__dup2/images/ZED_LEFT/ZED_LEFT_20251120_181747_517884.jpg,train/episode_28__dup2/images/road_img/ZED_LEFT_20251120_181747_517884.jpg,0.8,0.830657,0.767597,0.818719,0.826387
20251120_181747_767884,38.41875,-0.0272,0.0472,0.46,9.3,38.98125,39.09375,39.375,39.2625,-0.014641288,-0.017569546,-0.02489019,-0.021961933,train/episode_28__dup2/images/ZED_LEFT/ZED_LEFT_20251120_181747_767884.jpg,train/episode_28__dup2/images/road_img/ZED_LEFT_20251120_181747_767884.jpg,0.8,0.741930,0.753990,0.796664,0.818384
20251120_181747_767884,38.475,-0.026975000000000006,0.045400000000000044,0.5924999999999965,9.200000000000003,39.0375,39.121874999999996,39.43125,39.346875,-0.014619976250000001,-0.01681616975000002,-0.02485395975,-0.02265776699999998,train/episode_28__dup2/images/ZED_LEFT/ZED_LEFT_20251120_181747_767884.jpg,train/episode_28__dup2/images/road_img/ZED_LEFT_20251120_181747_767884.jpg,0.8,0.741930,0.738792,0.779959,0.813408
20251120_181747_767884,38.53125,-0.026750000000000003,0.043600000000000035,0.7249999999999976,9.100000000000001,39.09375,39.15,39.4875,39.43125,-0.0145986645,-0.016062793500000012,-0.0248177295,-0.023353600999999988,train/episode_28__dup2/images/ZED_LEFT/ZED_LEFT_20251120_181747_767884.jpg,train/episode_28__dup2/images/road_img/ZED_LEFT_20251120_181747_767884.jpg,0.8,0.741930,0.718897,0.766351,0.809247
20251120_181747_767884,38.5875,-0.026525000000000003,0.04180000000000002,0.8574999999999988,9.000000000000002,39.15,39.178124999999994,39.54375,39.515625,-0.014577352750000001,-0.015309417250000006,-0.024781499250000002,-0.024049434999999994,train/episode_28__dup2/images/ZED_LEFT/ZED_LEFT_20251120_181747_767884.jpg,train/episode_28__dup2/images/road_img/ZED_LEFT_20251120_181747_767884.jpg,0.8,0.741930,0.694741,0.754521,0.806236
20251120_181747_767884,38.64375,-0.026300000000000007,0.04000000000000006,0.9899999999999953,8.900000000000004,39.20625,39.20625,39.6,39.6,-0.014556041,-0.014556041000000026,-0.024745269,-0.024745268999999976,train/episode_28__dup2/images/ZED_LEFT/ZED_LEFT_20251120_181747_767884.jpg,train/episode_28__dup2/images/road_img/ZED_LEFT_20251120_181747_767884.jpg,0.8,0.741930,0.670847,0.744268,0.804380
20251120_181748_017884,38.7421875,-0.028949999999999955,0.04622499999999989,0.8925000000000017,8.850000000000001,39.389062499999994,39.41718749999999,39.796875,39.810937499999994,-0.01668071949999996,-0.01740118049999995,-0.027204484999999955,-0.02756471549999995,train/episode_28__dup2/images/ZED_LEFT/ZED_LEFT_20251120_181748_017884.jpg,train/episode_28__dup2/images/road_img/ZED_LEFT_20251120_181748_017884.jpg,0.8,0.813198,0.663845,0.756747,0.816886
20251120_181748_017884,38.840624999999996,-0.031599999999999906,0.052449999999999775,0.7950000000000035,8.8,39.57187499999999,39.62812499999999,39.99375,40.021874999999994,-0.018805397999999925,-0.0202463199999999,-0.029663700999999914,-0.0303841619999999,train/episode_28__dup2/images/ZED_LEFT/ZED_LEFT_20251120_181748_017884.jpg,train/episode_28__dup2/images/road_img/ZED_LEFT_20251120_181748_017884.jpg,0.8,0.813198,0.670956,0.766303,0.817246
20251120_181748_017884,38.9390625,-0.034249999999999954,0.05867499999999989,0.6975000000000018,8.75,39.754687499999996,39.83906249999999,40.190625,40.232812499999994,-0.020930076499999964,-0.02309145949999995,-0.03212291699999996,-0.03320360849999995,train/episode_28__dup2/images/ZED_LEFT/ZED_LEFT_20251120_181748_017884.jpg,train/episode_28__dup2/images/road_img/ZED_LEFT_20251120_181748_017884.jpg,0.8,0.813198,0.691478,0.773730,0.818299
20251120_181748_267884,39.0375,-0.0369,0.0649,0.6,8.7,39.9375,40.05,40.3875,40.44375,-0.023054755,-0.025936599,-0.034582133,-0.036023055,train/episode_28__dup2/images/ZED_LEFT/ZED_LEFT_20251120_181748_267884.jpg,train/episode_28__dup2/images/road_img/ZED_LEFT_20251120_181748_267884.jpg,0.8,0.788059,0.724678,0.773822,0.819383
20251120_181748_267884,39.09375,-0.03632500000000002,0.07027499999999985,0.6424999999999988,8.575000000000003,40.035937499999996,40.134375,40.471875,40.4859375,-0.024096223749999972,-0.02661577299999998,-0.03524892074999998,-0.03561327975000001,train/episode_28__dup2/images/ZED_LEFT/ZED_LEFT_20251120_181748_267884.jpg,train/episode_28__dup2/images/road_img/ZED_LEFT_20251120_181748_267884.jpg,0.8,0.788059,0.745683,0.775123,0.822911
20251120_181748_267884,39.15,-0.03575000000000001,0.07564999999999991,0.6849999999999993,8.450000000000001,40.134375,40.21875,40.55625,40.528124999999996,-0.025137692499999982,-0.027294946999999986,-0.03591570849999999,-0.03520350450000001,train/episode_28__dup2/images/ZED_LEFT/ZED_LEFT_20251120_181748_267884.jpg,train/episode_28__dup2/images/road_img/ZED_LEFT_20251120_181748_267884.jpg,0.8,0.788059,0.760130,0.776879,0.826445
20251120_181748_267884,39.20625,-0.035175000000000026,0.08102499999999976,0.7274999999999981,8.325000000000005,40.232812499999994,40.303124999999994,40.640625,40.57031249999999,-0.026179161249999954,-0.02797412099999997,-0.03658249624999997,-0.034793729250000016,train/episode_28__dup2/images/ZED_LEFT/ZED_LEFT_20251120_181748_267884.jpg,train/episode_28__dup2/images/road_img/ZED_LEFT_20251120_181748_267884.jpg,0.8,0.788059,0.773341,0.779000,0.829936
20251120_181748_267884,39.2625,-0.03460000000000002,0.08639999999999981,0.7699999999999985,8.200000000000003,40.33125,40.3875,40.725,40.6125,-0.02722062999999996,-0.028653294999999974,-0.03724928399999998,-0.034383954000000015,train/episode_28__dup2/images/ZED_LEFT/ZED_LEFT_20251120_181748_267884.jpg,train/episode_28__dup2/images/road_img/ZED_LEFT_20251120_181748_267884.jpg,0.8,0.788059,0.784024,0.781344,0.833396
20251120_181748_517884,39.4453125,-0.03175000000000005,0.08350000000000006,0.7350000000000007,8.025000000000002,40.457812499999996,40.528125,40.865625,40.7671875,-0.025689734000000027,-0.02746746775000002,-0.036024164250000025,-0.03352354925000001,train/episode_28__dup2/images/ZED_LEFT/ZED_LEFT_20251120_181748_517884.jpg,train/episode_28__dup2/images/road_img/ZED_LEFT_20251120_181748_517884.jpg,0.8,0.788118,0.790016,0.783568,0.830533
20251120_181748_517884,39.628125,-0.0289000000000001,0.0806000000000001,0.7000000000000013,7.850000000000006,40.584374999999994,40.668749999999996,41.006249999999994,40.92187499999999,-0.024158838000000054,-0.026281640500000043,-0.03479904450000004,-0.03266314450000003,train/episode_28__dup2/images/ZED_LEFT/ZED_LEFT_20251120_181748_517884.jpg,train/episode_28__dup2/images/road_img/ZED_LEFT_20251120_181748_517884.jpg,0.8,0.788118,0.793041,0.785465,0.831610
20251120_181748_517884,39.810937499999994,-0.02605000000000005,0.07770000000000006,0.6650000000000006,7.6750000000000025,40.71093749999999,40.809375,41.146875,41.0765625,-0.02262794200000003,-0.025095813250000022,-0.033573924750000025,-0.03180273975000002,train/episode_28__dup2/images/ZED_LEFT/ZED_LEFT_20251120_181748_517884.jpg,train/episode_28__dup2/images/road_img/ZED_LEFT_20251120_181748_517884.jpg,0.8,0.788118,0.794031,0.786936,0.832002
20251120_181748_517884,39.99374999999999,-0.023200000000000102,0.0748000000000001,0.6300000000000012,7.500000000000006,40.83749999999999,40.949999999999996,41.287499999999994,41.231249999999996,-0.021097046000000057,-0.023909986000000043,-0.03234880500000004,-0.030942335000000033,train/episode_28__dup2/images/ZED_LEFT/ZED_LEFT_20251120_181748_517884.jpg,train/episode_28__dup2/images/road_img/ZED_LEFT_20251120_181748_517884.jpg,0.8,0.788118,0.792919,0.787867,0.831808
20251120_181748_767884,40.134375,-0.024474999999999976,0.0755,0.6200000000000002,7.4750000000000005,41.006249999999994,41.11875,41.45625,41.3859375,-0.02171737524999999,-0.02452056149999999,-0.03293011974999999,-0.031181785999999996,train/episode_28__dup2/images/ZED_LEFT/ZED_LEFT_20251120_181748_767884.jpg,train/episode_28__dup2/images/road_img/ZED_LEFT_20251120_181748_767884.jpg,0.8,0.839395,0.791611,0.797718,0.817692
20251120_181748_767884,40.275,-0.02575,0.0762,0.61,7.45,41.175,41.2875,41.625,41.540625000000006,-0.0223377045,-0.025131137,-0.0335114345,-0.031421237000000005,train/episode_28__dup2/images/ZED_LEFT/ZED_LEFT_20251120_181748_767884.jpg,train/episode_28__dup2/images/road_img/ZED_LEFT_20251120_181748_767884.jpg,0.8,0.839395,0.790518,0.804610,0.817490
20251120_181748_767884,40.415625,-0.027024999999999976,0.0769,0.6000000000000002,7.425000000000001,41.34375,41.45625,41.793749999999996,41.6953125,-0.022958033749999992,-0.02574171249999999,-0.03409274924999999,-0.031660688,train/episode_28__dup2/images/ZED_LEFT/ZED_LEFT_20251120_181748_767884.jpg,train/episode_28__dup2/images/road_img/ZED_LEFT_20251120_181748_767884.jpg,0.8,0.839395,0.789996,0.809491,0.817375
20251120_181749_017884,40.55625,-0.0283,0.0776,0.59,7.4,41.5125,41.625,41.9625,41.85,-0.023578363,-0.026352288,-0.034674064,-0.031900139,train/episode_28__dup2/images/ZED_LEFT/ZED_LEFT_20251120_181749_017884.jpg,train/episode_28__dup2/images/road_img/ZED_LEFT_20251120_181749_017884.jpg,0.8,0.790743,0.790212,0.803804,0.832845
20251120_181749_017884,40.71093749999999,-0.02720000000000003,0.07557500000000006,0.4875000000000027,7.425,41.6390625,41.7375,42.10312499999999,41.9765625,-0.022806723000000022,-0.025228696750000033,-0.034202269250000014,-0.03109723550000002,train/episode_28__dup2/images/ZED_LEFT/ZED_LEFT_20251120_181749_017884.jpg,train/episode_28__dup2/images/road_img/ZED_LEFT_20251120_181749_017884.jpg,0.8,0.790743,0.789903,0.799780,0.832737
20251120_181749_017884,40.865624999999994,-0.02610000000000002,0.07355000000000005,0.3850000000000018,7.449999999999999,41.765625,41.85,42.24375,42.103125,-0.022035083000000014,-0.024105105500000022,-0.03373047450000001,-0.030294332000000014,train/episode_28__dup2/images/ZED_LEFT/ZED_LEFT_20251120_181749_017884.jpg,train/episode_28__dup2/images/road_img/ZED_LEFT_20251120_181749_017884.jpg,0.8,0.790743,0.789062,0.796850,0.832524
20251120_181749_017884,41.020312499999996,-0.025000000000000012,0.07152500000000002,0.28250000000000086,7.475,41.8921875,41.9625,42.384375,42.229687500000004,-0.021263443000000007,-0.022981514250000012,-0.033258679750000006,-0.029491428500000007,train/episode_28__dup2/images/ZED_LEFT/ZED_LEFT_20251120_181749_017884.jpg,train/episode_28__dup2/images/road_img/ZED_LEFT_20251120_181749_017884.jpg,0.8,0.790743,0.787668,0.794604,0.832194
20251120_181749_017884,41.17499999999999,-0.02390000000000004,0.06950000000000008,0.1800000000000036,7.499999999999999,42.01874999999999,42.074999999999996,42.52499999999999,42.356249999999996,-0.020491803000000027,-0.021857923000000043,-0.032786885000000016,-0.028688525000000027,train/episode_28__dup2/images/ZED_LEFT/ZED_LEFT_20251120_181749_017884.jpg,train/episode_28__dup2/images/road_img/ZED_LEFT_20251120_181749_017884.jpg,0.8,0.790743,0.785628,0.792739,0.831702
20251120_181749_267884,41.3296875,-0.020125000000000066,0.07192499999999996,0.2124999999999994,7.350000000000003,42.159375,42.2015625,42.6234375,42.5109375,-0.020079484750000008,-0.021104074750000014,-0.03131963875000003,-0.028582342500000003,train/episode_28__dup2/images/ZED_LEFT/ZED_LEFT_20251120_181749_267884.jpg,train/episode_28__dup2/images/road_img/ZED_LEFT_20251120_181749_267884.jpg,0.8,0.797831,0.786184,0.792632,0.833529
20251120_181749_267884,41.48437499999999,-0.016350000000000135,0.07434999999999992,0.24499999999999883,7.2000000000000055,42.29999999999999,42.32812499999999,42.721875,42.665625,-0.019667166500000013,-0.020350226500000027,-0.029852392500000054,-0.028476160000000004,train/episode_28__dup2/images/ZED_LEFT/ZED_LEFT_20251120_181749_267884.jpg,train/episode_28__dup2/images/road_img/ZED_LEFT_20251120_181749_267884.jpg,0.8,0.797831,0.788722,0.792892,0.834492
20251120_181749_267884,41.6390625,-0.012575000000000067,0.07677499999999997,0.2774999999999994,7.0500000000000025,42.440625,42.4546875,42.8203125,42.8203125,-0.01925484825000001,-0.019596378250000015,-0.028385146250000028,-0.028369977500000004,train/episode_28__dup2/images/ZED_LEFT/ZED_LEFT_20251120_181749_267884.jpg,train/episode_28__dup2/images/road_img/ZED_LEFT_20251120_181749_267884.jpg,0.8,0.797831,0.792915,0.793658,0.835837
20251120_181749_517884,41.79375,-0.0088,0.0792,0.31,6.9,42.58125,42.58125,42.91875,42.975,-0.01884253,-0.01884253,-0.0269179,-0.028263795,train/episode_28__dup2/images/ZED_LEFT/ZED_LEFT_20251120_181749_517884.jpg,train/episode_28__dup2/images/road_img/ZED_LEFT_20251120_181749_517884.jpg,0.8,0.836142,0.798475,0.801048,0.829328
20251120_181749_517884,41.90625,-0.005300000000000094,0.0752750000000001,0.28250000000000075,6.52500000000001,42.764062499999994,42.764062499999994,43.1015625,43.14375,-0.020456797749999957,-0.020456797749999957,-0.028510661999999957,-0.029520083249999968,train/episode_28__dup2/images/ZED_LEFT/ZED_LEFT_20251120_181749_517884.jpg,train/episode_28__dup2/images/road_img/ZED_LEFT_20251120_181749_517884.jpg,0.8,0.836142,0.799263,0.806438,0.829792
20251120_181749_517884,42.01875,-0.001800000000000062,0.07135000000000008,0.2550000000000005,6.1500000000000075,42.946875,42.946875,43.284375,43.3125,-0.022071065499999973,-0.022071065499999973,-0.030103423999999972,-0.030776371499999976,train/episode_28__dup2/images/ZED_LEFT/ZED_LEFT_20251120_181749_517884.jpg,train/episode_28__dup2/images/road_img/ZED_LEFT_20251120_181749_517884.jpg,0.8,0.836142,0.793523,0.809564,0.828909
20251120_181749_517884,42.131249999999994,0.001699999999999844,0.06742500000000018,0.22750000000000123,5.775000000000017,43.12968749999999,43.12968749999999,43.467187499999994,43.48124999999999,-0.02368533324999993,-0.02368533324999993,-0.03169618599999993,-0.03203265974999994,train/episode_28__dup2/images/ZED_LEFT/ZED_LEFT_20251120_181749_517884.jpg,train/episode_28__dup2/images/road_img/ZED_LEFT_20251120_181749_517884.jpg,0.8,0.836142,0.774199,0.809547,0.825754
20251120_181749_517884,42.24374999999999,0.005199999999999877,0.06350000000000014,0.20000000000000098,5.400000000000014,43.31249999999999,43.31249999999999,43.64999999999999,43.64999999999999,-0.025299600999999942,-0.025299600999999942,-0.03328894799999994,-0.03328894799999996,train/episode_28__dup2/images/ZED_LEFT/ZED_LEFT_20251120_181749_517884.jpg,train/episode_28__dup2/images/road_img/ZED_LEFT_20251120_181749_517884.jpg,0.8,0.836142,0.729393,0.805915,0.818283
20251120_181749_767884,42.356249999999996,-0.0024499999999998637,0.06954999999999989,0.2499999999999991,5.4,43.410937499999996,43.410937499999996,43.7765625,43.7484375,-0.024903554500000008,-0.024903554500000008,-0.033530610749999995,-0.03287184925000001,train/episode_28__dup2/images/ZED_LEFT/ZED_LEFT_20251120_181749_767884.jpg,train/episode_28__dup2/images/road_img/ZED_LEFT_20251120_181749_767884.jpg,0.8,0.785348,0.706582,0.791213,0.824950
20251120_181749_767884,42.46874999999999,-0.010099999999999727,0.07559999999999978,0.29999999999999827,5.4,43.509375,43.509375,43.903124999999996,43.846875,-0.024507508000000015,-0.024507508000000015,-0.03377227349999999,-0.03245475050000002,train/episode_28__dup2/images/ZED_LEFT/ZED_LEFT_20251120_181749_767884.jpg,train/episode_28__dup2/images/road_img/ZED_LEFT_20251120_181749_767884.jpg,0.8,0.785348,0.711999,0.781952,0.825264
20251120_181749_767884,42.58125,-0.017749999999999863,0.08164999999999989,0.3499999999999991,5.4,43.607812499999994,43.607812499999994,44.029687499999994,43.9453125,-0.024111461500000007,-0.024111461500000007,-0.034013936249999994,-0.03203765175000001,train/episode_28__dup2/images/ZED_LEFT/ZED_LEFT_20251120_181749_767884.jpg,train/episode_28__dup2/images/road_img/ZED_LEFT_20251120_181749_767884.jpg,0.8,0.785348,0.742794,0.778614,0.829332
20251120_181749_767884,42.693749999999994,-0.025399999999999725,0.08769999999999978,0.39999999999999825,5.4,43.70625,43.70625,44.15624999999999,44.04375,-0.023715415000000014,-0.023715415000000014,-0.03425559899999999,-0.031620553000000017,train/episode_28__dup2/images/ZED_LEFT/ZED_LEFT_20251120_181749_767884.jpg,train/episode_28__dup2/images/road_img/ZED_LEFT_20251120_181749_767884.jpg,0.8,0.785348,0.786075,0.780714,0.835356
20251120_181750_017884,42.834375,-0.020125000000000094,0.08077500000000012,0.24500000000000277,5.4,43.832812499999996,43.846875,44.296875,44.1703125,-0.023313219250000006,-0.023638316750000003,-0.034144235,-0.03119265800000001,train/episode_28__dup2/images/ZED_LEFT/ZED_LEFT_20251120_181750_017884.jpg,train/episode_28__dup2/images/road_img/ZED_LEFT_20251120_181750_017884.jpg,0.8,0.747503,0.797959,0.776197,0.826500
20251120_181750_017884,42.975,-0.014849999999999999,0.07385,0.09000000000000002,5.4,43.959374999999994,43.9875,44.4375,44.296875,-0.022911023500000002,-0.0235612185,-0.034032871,-0.030764763,train/episode_28__dup2/images/ZED_LEFT/ZED_LEFT_20251120_181750_017884.jpg,train/episode_28__dup2/images/road_img/ZED_LEFT_20251120_181750_017884.jpg,0.8,0.747503,0.798461,0.772989,0.826528
20251120_181750_017884,43.115625,-0.00957500000000009,0.06692500000000012,-0.06499999999999723,5.4,44.08593749999999,44.128125,44.578125,44.4234375,-0.02250882775000001,-0.02348412025,-0.033921507000000004,-0.030336868000000006,train/episode_28__dup2/images/ZED_LEFT/ZED_LEFT_20251120_181750_017884.jpg,train/episode_28__dup2/images/road_img/ZED_LEFT_20251120_181750_017884.jpg,0.8,0.747503,0.789767,0.769813,0.824684
20251120_181750_267884,43.25625,-0.0043,0.06,-0.22,5.4,44.2125,44.26875,44.71875,44.55,-0.022106632,-0.023407022,-0.033810143,-0.029908973,train/episode_28__dup2/images/ZED_LEFT/ZED_LEFT_20251120_181750_267884.jpg,train/episode_28__dup2/images/road_img/ZED_LEFT_20251120_181750_267884.jpg,0.8,0.787284,0.758189,0.771913,0.827332
